filament_id,segmentation_rle
20110120105534Ch_0,e_jh26io120O10O1000001O000000000O10100O00001aPNEVo1d0O00000000O100O1O1O100O1O100O00100O00100000O010O100O010O010O1O010O100000000000O1O1O1O1O0001O01O00001O01000O10O10O10O10O010O01O010O010O01O01O01O0001O01O000O101O00001O0000001N101O2MV^[P1
20110120105534Ch_1,VjTQ22ko1201O001O1N1000O0100O100O010O1O1O1I6N3N2O001N101M201O00M4L3O2O001000O1N2J6J6O10O101N110O1O00100O1\OPQN8on1EVQN:jn1FWQN9hn1GYQN9fn1G\QN7en1I[QN7en1H]QN6dn1J]QN4cn1L_QN1dn1MaQNLbn12aYSk1
20110120105534Ch_2,bkTn11mo12O2N1N2O100O1N2O0O2O1N1O100O10O1N2O1O100O101O000O1000001O01O0001O0010O01O1O000001O00000O1010O0K\PN0co1N_PN2`o1OaPN0_o10aPN0_o10bPNO^o11cPNN\o12ePNN[o1290[PNN]o11dPNO[o128010N1_PNMWo149000O1OKkPN0Yo50ZoK0a10Vo10ko10SPL2001O1100ZOO^QN0bn10_QNO`n11bQNOWn12eQ`0N[oA0]oM0XQN0dn15[QNKen16ZQNJen17[QNIdn12oPN0;O_o10O001N0oWWk1
20110130110334Ch_0,e_nd25io15M2N1O1O3M4L3N1N2O3M1O1O0000001O2N1O0010O02O0O0001O01O01O1O0010O01O0010O0010000O6J10O2M3N1N1O1O1O2N1O1O1O001O100O1O100O100O100O0100000O100O010O1000O01O10O01O1O10O01O1O010O0010O10O01O01O00010O001O10000O01000O01000O10O1O0010O01O00010O000001O010O00010O00010O00100O010000000O1000000000O11M2O2N2N2N^\iQ1
20110214175414Mh_0,`^jd22mo12O001N2O001O000O1000000O100000000000000000001O0001O01O010O0010O010O010O0100O01000O01000O10O0100O1000O01O10O01O000000000O100O10000O100000010O000001O1O010O1O2O0O1O100O010O0100O015J2OO01O01O001O00001O0O101O001O001O001O1O001O1O1O1O2L]`mS1
20110214175414Mh_1,V]h[2:eo12L4I7N2N1nNWOlRNk0Rm1YOkRNh0Sm1ZOlRNf0Tm1[OkRNf0Tm1\OiRNe0Wm1\OhRNe0Wm1\OhRNd0Wm1^OhRNc0Wm1_OfRNb0Zm1@dRNIH5cm16aRNDO4`m1>ZRN^O84]m1l0fRNROZm1n0gRNQOYm1n0jRNPOVm1o0lRNPOSm1o0PSNPOPm1m0TSNROll1m0VSNROjl1n0WSNQOil1o0YSNnNhl1S1S1O01O1001[OZQNMgn1O\QN1en1L^QN3dn1J]QN5en1G^QN8Wo1O0O2O004JRcca1
20110214175414Mh_2,kY_g22io1:I6K2N1O00O10000O01O1O2O000O10001O0000O100O1M3M3O101O001O1O010O001O1O10O10O100O01000O10O10O1000000O01000O10000O1000000001O000000000O0100000000000001O00000010O0010O01O10O010O01O0100O010O10O010O01O010O00001O01O000O1000O1000O010000O10000O3MTgPQ1
20110214175414Mh_3,fY_g252Nco1NgPN0go10mo10noM0O2ONTo;0kgVW1
20110329082654Uh_0,jWgU1:co1=`PNCgn1n0L3N2M4M4K6J5K4L2N3N1O0O10]O_RNhNam1o0nRNjNRm1R1P1N21O1O100O\OdQNE]n17jQNEVn19PRNDom1:m0N2O0O2O1O0O110O1O1O100O101N]ifg2
20110329082654Uh_1,U_fn05jo12N1O1O1O010O01O010O10O10O10O01000O10O10O100O010O1O010O010O010O010O010O10O0010000O0100000O01000O10O10O10000O10O010000O10O10O10O10O01000O1000O10O1000000O10O10000O010000O0100O0100O010O100O010O100O010O10O10000O1000001N101O001O1O0002KRbQj2
20110329082654Uh_2,a_TS28ho111O1O01O00O10O00100O00001O01O0000O10001O01O1O010O100O10O2O001O1O1hPNN_n1]1]O2N1O0001oNjQN5Xn1ZOXRNb0fn1E:K5M2Nf^Qj1
20110329082654Uh_3,\b\Z14lo11O1O1O010O010O00010O010O0010O010O01O10O010O10O10O0100O01000O01000000O0100O1000O02N010O0010O01O01O010O010O010O10O0100O100O10O01O010O00010O00010O000010O0001O00001O]\_`2
20110329082654Uh_4,Xld\22lo13N2O1N101O1O2OO01O0001O001O010O01O0010O01O010O00001O1O002M2O1O2N04M00000O0100O100O2N3N3L3N100OO100O1O10O1VQNUO^n1l0]QNWOcn1S1001O0O2M5K6Jb0\O_R]_1
20110329082654Uh_5,j\e`15jo12N3N0O2N2O1N1O2N2M2O2N2N3N1N3N001001N2O0O2O0O101N101N1O101N1O5J2O1O001O010O001O0001O00000001O0000001O00001O000O10000O100O100O1OcbX[2
20110329082654Uh_6,PXib23ko14M101O0O2O10O01O01000O010O00100O1O1O001O1N2O001O001O00O1000000O1000O001O1O00001O0O1O0OJlPNCUo1>402O1000000000001O00001O000010O00100O0010O01O100O0100O010O1O1O1O1O100O010O100O100O1O100O101N10000O100O2O1NUiPW1
20110329082654Uh_7,^Vfb14ko12O1N3L4N5J4M3L4N1O1O3O0O2ON1O2N2N1O0O2O001O01O1O1O01O0O100O1O001O1O101M2O2O0O1O1O11N112M6K0O01N1O2MmgSZ2
20110408083214Th_0,ZkRk09bo1;G;F8H6I5L3L3M3L5LUO`RN\O]m1c0kRNXOTm1g0RSNVOll1j0YSNSOel1l0aSNPO^l1n0Z1L5K4N1NK8N11O10000O2N101O1N3L3O1O1O1O01O1O0O2N2_OFYQN>fn1>0O100000000O2N101N101O1O1N3N2N2M3N3M4JXXSQ3
20110408083214Th_1,XXk]14io14L2N2O1O0010O0O101O00100O1000O10000000000001O00010O01O00010O000010O00000000000O2O000010O000010O01O00001O01O0000000O1000000O1O101O1Noin]2
20110408083214Th_2,ai^c23lo13N3M1N2O1O0O101O0O2N2N2N2N2N2O0O2N2O2M2N3M2O1O2M3N1O101N3N1N2O2M3N1N100O0001O00001O0O2N1N3J5M4L4M3N2N3M2N101N100N2O1O2N1O1O1NPNAdTN<\k1GeTN5Zk1NZ22N2O1RRNDUl1>jSNDRl1`0jSNDlk1e0TTN\Oik1f0WTN[Ogk1g0XTNZOgk1g0XTNYOhk1h0VTNZOik1f0WTNZOik1g0UTN[Okk1e0TTN[Olk1f0RTN\Omk1e0RTN[Ook1f0nSN\OQl1e0lSN]OSl1g0iSN[OVl1g0fSN[OYl1h0dSNYOZl1k0aSNXO\l1R1YSNROdl1V2L4M4L3O10O101N1O1N3M4K6UM`SNk1hm1@:J6I6I6J5L5L4K8GQYcU1
20110408083214Th_3,mjnW3:`o1:J2M6K5ZQNSOPn1b1J4K5L4N20O1O1N2N5I<@;G9J:BaUkf0
20110408083214Th_4,Sibn1:do14M3O01O1O10O3N1N2N201N1O3M3`QNTOem1n0TRNUOTn1e0hQN\O\n1b0bQN^O`n1c0ZQNAgn1k03N3L4L3M0O2O1O1N101O1O002N1O2N3L5KiTSo1
20110408083214Th_5,Y`l\1?_o15K4M2M4L4M2NXOaQN2]n1LgQN5Wn1ImQN6Qn1JQRN6nm1IURN6im1JYRN5gm1J[RN7bm1IaRN6]m1KeRN4Ym1LjRN4Sm1LPSN5ml1JWSN5gl1K[SN4dl1K`SN3_l1LeSNO]l11i1OZ`ca2
20110408083214Th_6,ag^g21Ro=;`PDI7O2O2O001OVR63emI10O100O10OOM2hm11YRNO2N3O010001O0001001O2N4MN1O1NkQ8OanEO_o183LQY_U1
20110408083214Th_7,YdbX3;eo14L3N002M110N3N100O200001000O001O0001N2O2N0O100N2O1N100O2O1O0O100O2N1N3LRYSe0
20110408083214Th_8,XffW2<bo13N1O2O01O0O101O001N2O001O1O10O01O00100O0010000O100O]Ycf1
20110424064534Lh_0,`jhl1a0]o13O1O1O001O001RQN]O^n1b0aQNA]n1a0`QNA`n1?]QNEan1n000100001O1N00O1O1O0010O0001O010O1O010O0O2N2M3M3M2M4M3N1N201O0O10001O01O0000010O00001O1O010O00001O00010O010O010O10102fPN_Onn1l0N00001O003M9F2O0O10O001O1N2N2QOgQNJen13g0MoSgm1
20110424064534Lh_1,Y]Yl0;co15M2M3N1N3N1O1O1O100109F1O1O001O001N101O1O00000O20OO100000O10O10O0100000O01000O1000O10O0100O010O0100O010O1O01O001O001N2O1MSajo2
20110424064534Lh_2,h^hh06ho16L4L6J7J2N2N100O10O2O2N1N100O1OWQNZOYn1d0aQNG]n1S1Og0WOO3M3L10001N01O010O0001N1N2fNYRN7im1D_RN7cm1DaRN;cn1O1N101O1O1O0010001O1N100O1O2O0001ON2JS]iS3
20110424064534Lh_3,n`jX16io13N101N11O1NfPNMhn14SQN0nn1a00000O010O1O1O1O1O100O2N1O10_OTQNNjn1N[QN2dn1M^QN3an1MaQN3]n1LfQN4Xn1LiQN5Vn1IlQN7Sn1InQN8Pn1HQRN8om1FSRN:om1ATRN?hn1O00001O001O001O010O000100O1O02O00O0100O1O010O001O01O00O20O0001N20O00O2OO01O0010O01O1O01O010O0010O00100O10O01N2Nf[ca2
20110424064534Lh_4,R]Wf13ko15M000010O00000000000000000O1000OO20O001O010O010O010O01O01O1N1O2O1O1O1O1O1O1O10O01O10O01O01O00000001O00001N2O1OO1O11OO01O2N1N11OO01O1O02N020O00O2N2OO02M3N2M4N2N2N2N[ebT2
20110424064534Lh_5,iamb13lo14M2N2N4L9G2N2O001OO20O0001O0O10001O2N1O12N1O000O01O0O2O0O2N100O1O10O10000O01O100O100O0100O2O0O11N1O10O0O10O010O1O010O1O100O100O2N1O2O1M3Md\fX2
20110429120534Ch_0,[`nn28eo1<F6K2N1O1O1O00000001O1N1M4O0000100O1O0101O001O2N1O00O100N2O1O1O1O10O010O0100000O101O1O0O2O1O001N2O0O1000000001O10O010O7I10O1O5J3N1O2N1O2O0O011N010N101N1O2N1O2N2M3NP]kk0
20110429120534Ch_1,RdhR22mo14M3M101O100O013[PNLUo1`0100O3N6J2N000O10000O100O010O010O10O01O0001O10O000010OO11O0000010O0000010O001O001O1O00002O0O1O01000O02N001O1O001N10000O100000O0100O01O10O10O1O01O010O1O1N6IXXig1
20110429120534Ch_2,]^W^25ko12M101O00001O0000000O101O000O1O2N1O1O1N2N3N1O1O1O0O10OOO2N02WMZOYVNg0hi1AmUNb0Tj1D`UNa0bj1JTTNS1ok1]13L7I8\Od0F7J:kNURNDSn15TRNATn1;j0O1O10O01N3Lncd^1
20110429120534Ch_3,eXSe15jo12O0O1O1O001N1N2M4K4K5M3N00O1M201O2O2J6J6KSi`Y2
20110429120534Ch_4,kb`f25jo13N2N1O2O001000O2M4M00001OO10000O1000000000O2O00O10O0100O001O1O001O001O01O1O00010O001O0000000000000O100000000000000001O01O0001000O00100O001O1O1Om[mT1
20110429120534Ch_5,fmZY27ho11O2O0O1O1O100O1N2N2[M_OhUNd0Tj1AhUNa0Wj1AfUN`0Zj1AlTNW1Wk1gNiTNW1[k1hNhSNO3Y1Xl1eNfSN=Fo0\m1i01OO01N2M4M4M3J6L4YOiQNCZn15PRNGRn16RRNGPn16SRNHom14URNJlRgd1
20110429120534Ch_6,oina0:`o18@`0L3N2N1O2O0O2N010N2O1N2O1N2N2K4L5I6N3M3MoNcRNDXm1?mRN^Ogl1m0]SNQO_l1Q1dSNnNZl1S1iSNjNVl1V1mSNiNQl1W1RTNhNmk1X1VTNeNik1[1ZTNdNek1e0dSNZOi0Obk1g0iSNWOg00`k1i0lSNTOf01^k1k0nSNROh0NYk1R1QTNkN^m1X1c01N201OO0F<L3O2O1N3L3I8K7HeYmZ3
20110429120534Ch_7,gcl\26io13N1O010O01O0100O100O100O01O1O00100O0010O01O01O01O01O00001O01O001O010O0010O010O10O01O1O10O01O01O1N2O1N3Lc[i_1
20110429120534Ch_8,Q[cm05jo11O1O1O001N100O2O1O001O10O01O1O100O10O010000O00100O001O1O0O2O1M2O2O000010N2O00100O0010O01000001O7J1N110O1O2N2N1N2O1N2NYedn2
20110429120534Ch_9,dgVQ18ho15K3M1010000O0100O1O10O4L9G8H9I300M2ON9Eh0XO8DSV[m2
20110529063154Uh_0,lbZj15jo14L4M2N2N0O2O1O0O2O000O100O1O100O100O010O0100O01O10O010O0100O00010O010O10O100O100O10O10O2OO01O2I6M3N2N3Ki][R2
20110529063154Uh_1,a`k]24jo14N1N101N101O0O102N1aPNBZo1c0O00000000O2O0000001O001O01O010O010O00100O1O000010O01O0O101O00000000O100O100O1O1O100O1O1O01O1O1M2H900O02O001N2O0O2N2O1N101O00000O010000O010O10O10O0100O00100O10O01O1O100O1O10000O2O0O3M3Lj_d[1
20110529063154Uh_2,ScWa11no15L1N2O1O1N20O01O1O1O1O1O10O01O2O0O2O0O010O1O2O001O0O10O0101N0100000O10O01000000O010O001O1O00100N101N101N101N1010O00010O00010O01001O0O10000000010O01O1O001O1O010O0000O100O1O010O1O100O00100O010O1O10O10O10O0100O10O0100O1O100O100O2N2O0O2N101N1O2O0O1O100O10O01O001O010O1O00001O001O1O0000O010O1O1O001N2N3M2O1O2O00001O1O1O0010O01O0100O100O2N100O1O100O1O1O100O1O1O1O1O001O1O1N101N2O2M3MhYlR2
20110529063154Uh_3,dQ_X16go19H;G2M2N3N1N2O00000000010O1O0100O4mNXQNg0_o1A3M2MamTf2
20110531070514Th_0,[cjg02mo12O1N10001O00100O010O100O101N3N1N2O3L4M011O3L20111M0O0100O00101N1OO110O1OO2O0O2N0O1O2N1O1O1N101O0O1000000O1001N100000000100O0010000000O01001O00001O1O001O1O1O6K;D3M10O2N1L`0\OaYgR3
20110531070514Th_1,Wc_S27ho15K3M3M2O1N3N1O3M3M1O10O010000000O102M2O3L3N2M10000O010000O2O0O1O1O2N2O1N1O1O001O10O02N00100O100O101N100O01000000O10000O100O100O1O10O01O10O01O0010O010O00010O000010O000001O01O00000000010O0000001O00010O0001O00001O00001O2N100O1O1O1O010O100000000001O1O2O1N2N000O101O1N2O1O1N10O1O010O010O0O2HUOYQNl0bn1\OYQNf0dn1=N1O2O1N1O2N2O1N1O20O2O1N2O3L9H5J4M1N3M2O1N1O1O101N100O2N100O1N2O1O1O2N0O3KoXPa1
20110531070514Th_2,bZbP1`0]o15O1N2N2N20002N2N2N1O2O0O0O1001N2O0010000b0]O1O00O00100O10O001N101O1N1000O10O01O010O001O1O2N1O1O1O100O2N101O0001O2N2N^OaQNC^n1:fQNFXn17mQNJQn12TRNNkm1OYRN0fm1O\RN2bm1LaRN5]m1IfRN8Ym1FhRN<Vm1BmRN?Rm1_OPSNb0nl1\OUSNe0jl1YOXSNh0Pn110N1000001N101O1N10000O2O000001O01O0010O2N102Nb0]O3M00O2N1O1O2M2M4M3L4M3K5K6Jn_ch2
20110531070514Th_3,jYah02lo13O1N10000000000000O1000000000000000O010O1O010O001O0O2O0M3O1M3N1N3N1A]OaQNe0[n1a00N3N1O2O1M3N2M3E;J6N3N2OZh\T3
20110531070514Th_4,[bh\15jo13N3M2O101OO100000O10000010N1O010OURNMhk14QTN0Rl10hSN3Zl1NbSN2bl10WSNOnl16iRNJ\m18^RNGfm1<SRNDQn1S14L3N2N3N2N2oN^QN`0Vo1K7G^[Sa2
20110531070514Th_5,bcl\23lo12N10001N1000000000000000000O10000O100O100O1O1O00100O1O000100O100O101O0O10001O00000O1000000000000000000O100000O0100000000000000O100000000O2N10001N2Omo?3oo_O2L3O2N1O1O1O2N1O1O2N1O2N2N1O2N1N2N2O000001N10100O010O10000O010O1O1N2L4J7J5O1N3N2Me]Y[1
20110531070514Th_6,QcYe29fo1101N101O001O1O001N2O1O1O001O0010O1O010O10O100O1O00100O001O0001O0000000010OO100000000O10000O1000000O010000O10000VO_OeQN51;Xn14fQNLXn16gQNJYn18eQNI[n1m01O011N1N2O2N1O2N100O10001N10000O2O0O2EUQN^OWo13nPNK_\dU1
20110603123034Ch_0,\cTh14io15M2N2N3M2O1N2O0O10000O2O00000000000000000O100000000000001O00001O001O1O1O1O1O000000000001O000O2O0O1O11000O010O10O101O0000000O011O01O1O00000000100O1N1000001O3M001O00101O0O1O000003N=CO000O1O101N1O2N1O002N101N1O1O100O10000O10O010O101N10000O10O01O010O0001N2O0O2O001O001O001O001O001O01O010O10O010O100O0100O02O0O010O010O100000O10O001O2N1O100L`YYm1
20110603123034Ch_1,jYel12no11O001N100000000O100O1O010O001O0010O0000O10000O2OO01O10OO10100O010M2L4N3N00100O11OO1O010001N3O0O2O001N101O0O100O101OO01O100O011N1O101O2MkhPo1
20110603123034Ch_2,PkVe01lo16M1O3M3N3L:G1O10O002O0O3M5L0O2N1O01O1O001O1N3N2N2M2O10O1N2O2N1O2O1N102N0O10O0001O000O10000O010O001O0000001O001O10O010000O100O100O2N]RcV3
20110603123034Ch_3,j^Vh0>co111N1N100O01O001O001N2O001N2O2M2O2N1O2N2N1O01O01OO10000O1O100001N0100O0101O0O10O10O100000O2O001N2O1O1O1O2N10000000000001O1O1O101N3Nm0SOO1O1M4M2L4J6G8L5H8J6Kj_mR3
20110603123034Ch_4,[ZoU16jo1O0001O01O[O4WQNLgn19VQNGin1<UQNDin1`0QQNCon1g0O2N1M2O3M2MBaQNA^n1?iQN\OWn1c0c01N1001O0O1M3H9O0O101O0010O001O100O1O010O10000O100000O10000O1000000O2O0001O000000000000001O00O10001O000O10001O00000000001O010O001000O1O0100000O010001N1NagRd2
20110603123034Ch_5,][fi18fo14L4M2N2O0O101O000O10000000000000O10000O1000000O101O00001O00100O1O001O10000001O0O2O1O1N2N2O0O1O1O1O100O1O00001O000001N10000O10000O1000000000000000000O100001O000O2O0000001O00001O1O1O1O001O2N100O1O100O2N100O2O0O100O010O0100O101N100O100O10O0100O010O1O100O10O010O010O100O10O10O10O0100O010O1O010O10O010O010O010O01O010O10O010O01O100O2O0O10000O100O2O0O101O1N2O001O00O10001O3L4M1O1N2O0O100O100O00100O10O010O01O010O0010O01O010O000010O01O001O001O1O0010O01O010O010O00100O00100O1O100O100O00100O10O101O001O3M2N>B1N2OO1O1O1N2O2N1O2M2O2N2M3M5Ic0\Ol_ee1
20110603123034Ch_6,dcjX3b0\o18J3L3N2N3M3L7J9G3M2N2O01O8H1N0hNeQNl0[n1jNRRNS1_n1O0000O4lQNkNUm1Y1aRNWOUm1k1O1O1M3K5M2N3N1010O107I3L6L2N001N2oM`RN^1Un1M2N4L2N0O2O0O1NcLPOlWNn0Th1SOnWNj0Rh1WOQXNd0Ph1]ORXN`0ng1ATXN:mg1HUXN4lg1MUXN0lg1OWXNMkg13XXNIig18o31N2O001OO1N2M3N2O1N3N1O1O2Nh\cb0
20110603123034Ch_7,XZSS25io18[PNIQo1f0M2M3MO2N201O0N2N2O1N2N3L4N100000O101N02N101O001O010O10000O2O001O0000000001O0010N10O11N1O2N4Lngji1
20110706164014Mh_0,QoZi21io1>G5K6K3M2O3N33K6J4M1N3M0O1O000O1O000000O100O100O10O010O1O001O0O2O0O2O1M4MXoXT1
20110706164014Mh_1,gcXe29go12M2O2O0O1014K1O10O000O2O00001O01OoPNIYn17VQN9jn1>0O1O2M2O2^OQQNOQo11`0O1O1000000001N10O1O100O2N1O3LQ[UX1
20110706164014Mh_2,][WZ29eo12O1O1O001OO20OO10000O100010O00001O00O1O001NM5N111O1O1O1O10OO01N2O0000O2N110N2O001O00N201M2O2O001OO2N1O2000O101O1O002N1O1O1O1O100O10O0100O1O101KZgVa1
20110811121534Ch_0,RjVo03ko14L2O1O1O100O010O010O00010O01000O100000O01000000O001O010O01O001O100O001O1O00100O0100O01000O1000O10O10O100O10O01000O1O00100O100O010O10O1O001O0010O1O010O0100O00BLQQN4nn15jPNKUo17kPNISo19mPNGRo1:oPNEPo1<PQNCon1?QQNAnn1`0RQN@ln1j001N10M22N101N2N1NF\QN^Obn1a0bQN]O]n1b0gQN\OYn1c0jQNZOUn1g0?1001000O1N101O1N2E;J5M4O20O2N1O2O2N4K5K4M3L3M4L5K4K7HQZgh2
20110811121534Ch_1,oflU35ho14M1O0O2O000TOEURN;km1IPRN8Pn1KlQN7Tn1LeQN8[n1f001eNTOaSNl0_l1\OYSNd0gl1@USN?ml1EmRN:Um1o0:L5L3M4M5K:F6J3N3L5XOoPN:bo1HmZYh0
20110811121534Ch_2,mhn\32no13SPNLho14aP43]oK2N2N1O1JChPN?Wo1AhPN`0Xo1@gPNb0Xo1^OhPNc0Wo1]OiPNd0Vo1\OkPNd0To1\OmPNc0So1]OmPNd0Xo10YQN]OPn1c0PRN\OQn1e0e01ZRNAgk1c0TTN_Olk1d0oSN^OQl1b0\SN[OA4Sm1`0WSNEBMUm1>VSNJBJXm1<TSN`0kl1@SSNb0ml1]ORSNe0nl1[OQSNf0ol1\OmRNg0Rm1YOkRNj0Um1VOiRNl0Xm1P1Nf0ZO2OO01N1001N3N0iNdSNhN^l1OdSNM41Yl1NkSNJ06Vl1LQTNHM:Tl1_O_TN1A?bn1N1N3M5IQSi?
20110811121534Ch_3,n\fP17ho12O1N1O2O000O10000000000000001O1O2N2N1O1O0O1000000001O001O00010O00001O00001O0O10001O0000001O0001O001N6K3L3N0O1001N101N2N2O1M4N0O2N2N100O100O100O1000000000101N10000O20O00O1O1O1O]bgi2
20110811121534Ch_4,Pllj27fo13N2OO1O100O2O001O010O01O010O001O0010O0001N1O1O1000010O01O100O100O100O1O1O2MmTeR1
20110811121534Ch_5,kc^P22mo14SNKhSN7Wl1JgSN8Wl1JgSN8Xl1HgSN:Xl1FgSN<Xl1DgSN>Xl1BfSN`0Zl1@eSNa0[l1_OdSNb0\l1^OcSNc0^l1[OcSNe0]l1[ObSNg0]l1XOcSNi0im12M2N2O1O2N2N1O3M4M4K6K3N2M10000001O101O0O2O001O1N2O1N101N2O2N6I9G3N2M100O010N100000O1O10O010N101OUQNHom15TRN7`m1FcRN`0Wm1\OlRNh0Tn13N2N2M2N2O3L3MiNmQNd0Qn1VOXRNj0dm1TOcRNj0[m1TOiRNk0Vm1SOoRNk0Un100O1M2O2M2N3M3L3KYWQj1
20110811121534Ch_6,RYaS34jo1101O000000000O2O000O1O100O100O100O010N1N2N3O010O100O1O2N1O1000O1O1N3O010N101N2O1O1O1O1O10001O0O010O2O1JjhTi0
20110811121534Ch_7,dafo17ho12N2N1O2N1O2N100O2O001N2O00NhPN]OWo1c0jPN]OUo1b0mPN^OSo1a0mPN_OSo1a0mPN@Ro1`0nPN@Ro1`0nPN@Ro14kPN43IQo11oPN50JRo1NQQN7MK\o15bPNL_o13aPNM_o13`PNN`o19001O000000001O0O101O1O001O001O00001O01O010O010O010O0010O0001N100O2O0O1001LR^Wl1
20110811121534Ch_8,]`oc25io15]PNNRo1`0O1O11O0O100O100000000000000000O2O1N100AZOcQNg0[n1\OcQNd0[n1_OeQNa0Zn1AdQN`0[n1BcQN>]n1c00O0010O01O1N1O2O0O2O00000001O00000O2O000010O1O1O1O2N10OO2O1O1N2O1O1N2O2M7J3L3N2M4Kf`fW1
20110819131834Ch_0,[kZQ25jo12O001O01O0001O0000001O00001O001O002N002N1O1O1O1O100O2OO1000001O1O00O2O0O3M2M3N2N2M2O2N1O1N3N11O2N1O1O2O0O1O3M5K1O2N1O1O1O01O00001O001N101O0O2O001O1O01UOPQNc0[o1L001N2N2M3MVR_i1
20110819131834Ch_1,`e`\15jo13N0O100O2O0O100O100O10000O10000O101N100O1O1O100O1O1O100O1O10O010O1O0O2L4O0M4O0010O010O10O01O100O2N1O2N3M3N5J1O2O0O1000O0O2N2O0O2M2N3N2N1O1O2N1O10O1O1O2O00000001O00001O0O20O01O1O1O010O10O01O100O10O01O100O1O010O10O010000O10000O10000O1O2OZ\Q\2
20110819131834Ch_2,Zj`e0?\o1:I4K6K7\QN\O_m1h1kRNnMok1Z2jSNlMPl1Z2kSNiMPl1^2lSNdMPl1X3L3M3LjNiTNlMSk1d1dUNYNXj1g1mUNWNoi1R1hTNnN_1Ngi1P1XWNnNgh1R1\WNmNdh1o0aWNPO^h1m0gWNROYh1l0jWNSOVh1l0mWNROTh1l0nWNTOPh1l0SXNQOng1n0UXNkNPh1T1^301O001O000O1001O0001O01OO1N2C<N3N3O001N100O1000O10100O010O00O10O10001O001O00O100O101O100O1O100O1O1O1O2N1OYYaU3
20110827141254Bh_0,bghZ3i0on1>G6L4K5K4L4M3N2M2O2N11O=B8I2N2O0O101O0O1O011N20OO2O0O2O0000O1001N100O1001O0000O10010O1N10O02O10N01O001O1O2N0001O10O01O0100000O1O0100001O0O02O1000N0101O1O01O0001OnQNUOnl1k0lRN@nl1b0lRNBTm1>hRNDZm1=`RNFbm1[13M2N2N3M5K4L4L3M2N2N1O2O0001O00001fQNQOam1S1TRNSOmm1_12O0O2M2N2N3M2M4M2O1N3M2O1N2O1O2M3N1N3N1N2N3L]QW=
20110827141254Bh_1,Q^Zm2?^o13N2M20O1M3N2O1O1O101N10100O100O100O2N101M_bYQ1
20110827141254Bh_2,bmdo11no12O1N2O100O1O100O2O000O100000000O100000001O001O010O01O1O1N2N3LdQ[n1
20110827141254Bh_3,^lfR21mo14M2O1O1O001O1O100O0010O010O10O010O01O100O01O01O01O01O01O001O01O01O00010O00010O000100O1O100O0010O01O1O01O01O0001O000000000010O0000000000000000000000000000000000000000000000O10000000O100000O010O100O001O100O101N11O000100O00010O0100000O010O00100O01O010O0100O10O0100O100O10000O102N1O000O10101O2NO00002O3N10N0O00O3N1N2O1N2N3J^QWc1
20110827141254Bh_4,d[j_27ho12O1O2M2O1O0000O1O0O2O1O10O0100O010O10O10O00100O01000O1000000O10O1000000000O1O1O3Leda]1
20110827141254Bh_5,jlZY21oo1000010O00_PN0bo10O01000WPj00no_O0koE000WP80UoK0dPL10OjPN0Vo1100XP61eoI2O0O01O0O1NSQYc1
20110912142254Bh_0,\dng06fo1:H6K5J7J3N1O2N1ORO]QN`0bn1\OfQNa0Zn1\OkQNb0Vn1[OnQNd0hn1ORO^O_RN`0`m1AaRN>^m1AeRN?Ym1@jRN?]n10O0001O1O0000O10O1O10O001O101N2N7I4L3]QNROnm1R1lQNPOUn1^10hNcQNk0Po1I4L4N1N101O00O1000O1O1O1O1O1O1O00001OO0100O1O1O1O001O001O1NYXeS3
20110912142254Bh_1,Wbif15ho13M3I6K5O1N2N2I7G73M2O2M3N2N2N2O1N3M2O1O1O2N1O1O2N101N1O101N101NR_TW2
20110912142254Bh_2,aaQU22ko17K2N1O10000O100O10O10O00010O0100O10O01O100O01000O01O010O0010O010O0001O001O01O00O1O1O0010000N2M101O200O100O01O001O11O01N10O01N200O20OO01O0O10100O1O1I6O2000000010O1N2N1N3N2O0O2O1N2N1O2O0O2O100O00100O100O001O01O001O0010N2NO20ON3O2O0O000O10101N2O010O0010O0100O10O1000000000000000000000000000000000000000000000O1000000000000010O000000001O0000001O0O10001O0000001O00001O001O0000001O00000O2O1N2K_bh^1
20110912142254Bh_3,Udlg14ko13M1O1O1O1O100O00100O00010O01O01O0001O00001O00001O010O10O0100O1000O10O100000000001O00001O00001O1O1O2N100O1O2O000O1000000000O100O1O00100O000000000O10000001O0001O00010O01O001O1O2N1O100O2O1O001O02M4M4L1O0O100O100O1O100O10O0100O00100000O0100O100000O1001O05K1O0O10O1O1O1O100O1O3M3M10VZ[o1
20110912142254Bh_4,Pdn^24ko13M2N1O1O100O100000000000000000000000O10000001O00000000010O01O010O000010O0100O1000000O00100O2O0O02O00O1O3N0002M1O10O2O0O1001N2N10O3N01O1O000O2O00000O2O0O1000O0100O010O1O10O01O01O01O01O01O00001O01O01O1O001O1O001O1O1O1O001O1O0010O01O010O10O00101N2N3N1N1O2O0O01000O10O10O100O0101O001N1000O10010O001OO1000O100010O00O01001O0010O000O02O0010O01OO1000000001O01O0000O2N3N2MePN0hn1OSQN:in1?0O7I2N2O0O00001O2M4KdWkT1
20110912142254Bh_5,`[`X2?_o13N1N2O1O1N2O1SM^OZVNe0ai1CYVN?ei1FSUN^OKn0Pk1JhTNFOe0Wk1J_TNM0>ak1g22O5L7H`0@30O9E4N02M6\MgSNR1\l1eNQTNT1Rl1eNWTNV1]m1L2N2M3N3L4L4L4M2M2N2O2M3L6H_cod1
20110912142254Bh_6,YV_a0;bo1:F7J6I6K2M3N2M3N20M3N1L6K5Kh0VOoi`]3
20110912142254Bh_7,Zebe21oo100000000000QP20ooM0QP20]P`00co]O0PP20PPN000QP40ooK0[Pf00koE0joC0RP40noK010O000QP2010noM001hPd0Omn[O0ePN136bn1KXQN02ON1hn11WQN2[o1N=O06MLlPNLYo50ooK001N1N3F91O1O1O2K_WaT1
20110912142254Bh_8,^nPa29eo12O10O01gNMfRN2Zm1:ZRNFfm1=WRNCjm1>SRNCom1>nQNBSn1U12O2N2M2N101N2N3M5K4L<C4L6I^Q_]1
20110912142254Bh_9,^]g\21no100010O010O01000O10000001OPPf10PPZN0O101O0dPNNjn12VQNNkn11UQNOln11SQNOnn10QQN0`o1000eoi00[PVO000:0]O0bPN0^o11`PN1`o1O[PN5eo13001O1N3K\b^^1
20111015063134Lh_0,ncTS24ko12N1000001O0O1000000000000000000000000001O01O0000000001O0000010O000010O0001O001O00010O00000010O00010O001O001O1O002N1O1O1O001O001O1O1O1N2O1O1O00100O0010O00010O001O100O1O1O1O1O001O10O0100O1O010O0100O100O100O1O00100O00010O0010O00010O000001O01O000001OO2O00000000001O00000O100000000000000000000000001O000001O000000001O01O0000000000000000001O00000000001O0000001O00000010O000001O01O01O01O0001O01O01O01O010O00010O000010O000010O000001O01O01O0000010O001O00001O0010O01O001N2O001O001O1NZZo]1
20111015063134Lh_1,^V_>5jo12N100O2O0O10000O2bPNFTo1:hPNKWo1?1N10001O1N2O1N100O010O10O01O0010O10O0100O1O100O1O100O1O010O1O10O010O010O010O00100N2O001N101O1O0010O01000O010O10000O100O100O100O101N1O101N100O101N10000O100O101O001O001O2N1O1O1O1O1O1O1O001O[O\QNNdn12^QNMan12`QNN`n12aQNM_n12cQNM^n11eQNM^n1LgQN3To1O1O001O1O2N1N3N]iPZ3
20111015063134Lh_2,ejbU17ho13N10000O1O010O1O1O001O100O1O101N2O101N4M1O1O001O0O3O01N5L11N4M1MO2M2N3M6I4M1N2O1O001O00000000000001O0000010O0000000001N1O2N4LSS]f2
20111015063134Lh_3,PbST22mo12O1N2O00001O000O101O00001O000O2O1N101N2O000O1000000O1000000000000O1000O010000O001N1N2000O10010O01O100O01000O10O1000O1000O010000O10O10O100O10000O0100000000O010000000O100O101\OlPN:]o1O2O0O100O010O1O01N10000001OO2N1O1K5O101O1O001O001O001O0000O1O1O1M3F;O001O01O010O010O010O10O10O01O1O1O1O1O1O2N1NQ`lb1
20111015063134Lh_4,ahTm0<co12O1O1O1O0O101O0000000O101O0O100O1000000001O1O2OO010000O0101N2O0O2M2OXOlPNg0Xo1O00BZO_QNe0Po1OO02O0O1O001O10O01O2N3M100O001O010O000001O00000_OE]QN;`n1L[QN6an1N]QN4an1O\QN2dn1f00O010O6I2O1N1J6N2O001O1O001O1O100O001O1O001N2O1O1O1O1OSWml2
20111015063134Lh_5,lUoj0<bo14M2N2N2M3N1O2M3N2N3L3N3N1N10YObQNM]n11gQNMYn11jQNNVn1OnQN1Qn1IURN7lm1EXRN:hn1O010O00010O000001O01O00001O001O2N1O2N1N3N1OViZR3
20111015063134Lh_6,VcVQ32mo12O001O010O0010O010O01000O01O010O10O010O010O001O01O00010O0000000000000000000O100000O01GObPN2]o1801O1O10O010O010O001O0010O010O1O2N10001N2O1O1O2N1O2N2N101N1O100O10000O0100O1O2N1O1O1O1O1O0O2O1O1O0010000O10O10O100O1O1O101N2N1O2O1N10O02O2N010N3Kj[]g0
20111015063134Lh_7,[Rmn15io15L4L3N1N2O001O001O000K5L4M@WQNOfn12`QNK\n17hQNEWn1<lQNBRn1>h0O0N3O10O100O00010O00010O000O2N1M4F:J6E;M30010O02EjQNjNWn1S1lQNjN^n1m0?J4L5J6JRPom1
20111015063134Lh_8,jb\i05fo18M00O1O2NmP6NUoI3M2O2O001N1dRNHoj19eTN6Vk1KiSNW1Ul1jNfSN[1Zl1dNdSN_1\l1aNaSNa1_l1`N^SNc1bl1dNTSN^1ml1k00O3[MZSNj1hl1QN^SNm1dl1lMfSNn1Pn1VO5L2N3M3M1O1O001N2O1O001O1O1O1O000O2O10O100N2O001N2O2N1O1O1O00011kPN]Oin1k03N3M3WOQQN;\o1NmPNEcn18^QNIbn16_QNIan17_QNJan15_QNKan15_QNKbn14^QNLbn13_QNMan13`QNLan13_QNMan12`QNO`n10`QN0`n1OaQN1Wo11O0000001YOM_QN3bn1N]QN1cn1O]QN2cn1N]QN2cn1N]QN2bn1O]QN2cn1M^QN3bn1M_QN2`n1NbQN1]n10cQN0]n1OeQNO[n10gQN0Xn10PQN0io16M2O0O2OO11N1PQNE[n1:dQNF^n18bQNI`n15_QNLdn11\QNOen1O[QN1fn1OYQN2gn1OWQN1jn11SQN0mn10SQNOnn11QQNOPo10PQN1Po1OoPN1Qo1OPQN0Po11oPNORo10nPN0Ro10nPN0Ro10oPNOQo11oPNOQo11oPNOQo11oPNOQo11oPNOPo11RQNNln13VQNLhn15YQNK_n90oPH1N2O0jPNM_n13_QNNbn12]QNMen12[QNNfn12d000O100000O1aPNNPo11PQNORo10mPN1So1OlPN1ao11N100000MoVQm2
20111017113714Th_0,]Taj29eo19H4K4M2N2N1O2N2N1O101N1O1N2bQNmNom1T1mQNoNRn1a1N1O1O1O1eNWN^TNi1ak1]NZTNd1ek1POgSNQ1Yl1Z100100O1O1N3M2M4M3hNPSN[OTm1a0SSNWOQm1f0TSNPOUm1m0PSNmNSm1R1n0N2O1N2M4C<N2O2N4K5L[m^R1
20111017113714Th_1,UdVn23lo12N2O0O10001N1000000O1000000000000000001O0000010O0000001O000000001O0000000010O0001O0000001O0000001O0000000O2O0000001O001O1O1O001O1O1O00O100O10O01000000O1001N3N2N1O1O001O1O1O00O1DRQN\O14Qo1=;O1O2O000O2O001O00010O000100O100O1O101N1O100O00100O00010O1O010O0001O0010O01O0O101O1O1N3L_[[i0
20111017113714Th_2,Rcj\2Y1[n1a0_O=I6M3K5K3NgNcSNnNdl1j0^1H8M2N3N2N1O2N1O2M2O2O001O1O1O0O2O2M3Lf^]a1
20111017113714Th_3,giRf16io11O2N2N101N1O2L3O20000001O00001O1O1O1O100O0O11O01OO10001O0O10O04M3L100O2O0O1O001O2BUOcQNl0\n1XO_QNi0an1XO]QNi0cn1;O1O00O100A]QNAcn1?^QN_Ocn1a0^QN]Ocn1c0>O001O001O10O01O10O00010O00010O0100O01000O01O010O01O01O01O0001O0001O00001O01O01O001O001N101O1O0O2O2N001O1O1O1O1O1O1O1N2OnTiR2
20111017113714Th_4,faih24ko13M2O3L2O1O0O101O000O100000000O1000O10000O100000O010000000000O10000O1O100O1O10O0100O1O10000O100O10O10000000O10O1O1G9M20100O01000O11N101O1N101O001N10000O100000O010O1N2O001O100O10O01O10O010O1O010O10O0100O1O10O010O00010O1O0000001O000O10000001O00100O001O100O1O2N1O010O1O00100O001O00O1O12N7In_Vn0
20111017113714Th_5,j^`U19fo13N3M1O2N1O1O20O8H0001O00O200O01O100N2O001O000O10O1O100O1O1O2M4LR`]h2
20111017113714Th_6,iPWm17ho13N1O0O2O1O0O101N101O1N3N2N000O1000O0O101N1O2N2O1O2O1O2N3N0O2N1O1OTodP2
20111017113714Th_7,bjRc03ko14M100O2O0000O010000O100O100O10O0100O001O00010O0010O10O01O1O1O100O01001N100O2MoU]Z3
20111017113714Th_8,W_oj12mo13M3N1O1O1O10000001O1O01O2N4M3L3M101O02O7G4K2N2Mc_^S2
20111017113714Th_9,YXSb27go13O0O100RQNJRn16iQN1Un1OhQN5Wn1LcQN9]n1e0000O1M3E;J6K5N2N2O1N2O2Njgb\1
20111114063134Lh_0,oa^V12mo12N2O1O2N1N2O001O0O2O00001O00001O00001O01O01O001O001O000010O00000010O0001O000010O000001O0000000000001O0000000000000010O0000001O000010O0001O1O010O1O010O1O10O0100O1O01000O1000001O1O1O1O1O00O010O100O1O2N3N3L5L2N_PNIYo1`0O0O2O0O10O4M5J2O1O001001N0O2O0O2N10O01000O3N0101N1O001O0O100O010000O10000O1000O100O010O00010O01O00100O1O1O010O1O010O001O00100O10O01O010O00010O0000010O001O0010O01O0010O00001O001O1O001O001O00010O00001O00001O00001O010O001O001O01O010O1O10O01O10O010O010O0100O01000O100000000O11OO01000O0010O0100O010O1000O010O10O0010O00010O010O010O0100O0100O001O010O001O0010O01O00001O0010O01O001O0010O0001O0001O001O100O1O2N100O2O000O010O1O1O1O3N1N1O0100O4L1O00100O02N10O010O1O2O0O1O1O1O0010O01O1O010O00010O01O00010O00001O0O2O001O001N101O00oWiR2
20111114063134Lh_1,]_g_22mo1101N101N100O2O01O00000000O10000O10O01000000O1000000O1000O10O1000000O10000O10000O10O10O1000000O10000O1000000O10000O1000000O0101O0000000000000O2O000000O10O1000O10O1000O010000O000001O010O010O001O00001O010O0O1010O00O1O100O101E[OWQNg0fn1;O1000O2O0000000O2O010O1O001N101O00001N2N1O2O001N100O1000000N10O002O10OO0N01003O1000N0OM302O2O02N1L5J5N3N3LidjU1
20111114063134Lh_2,Q`QU16go14M10O@LRQN8jn1`002O001N00J5K6N3O10O0N1N3N2F;M4N1O10O2O010O010O1O1O1O1O1O2N1O1N3M2O1N3N1O1O100O1O100O100O10O10O1O100O1000000O10O11O0O1000000000000000001O00000000001O01O00000000000000000O1000000O100000000O010O100O1O10O01O1O010O1O010O1O010O10O01000O01000O10O100000O10000O100O100O101N10000O10000O2O000O1000001N10001O1N2O1NibTa2
20111114063134Lh_3,Xb`j22lo14N0O1O001O010O000000010O1O000O10100N1N3O1O001O1O1O1000O000O2L3O2O1O00100O100O0100000O1000000000O1000000000001O00O1000000O1000000000001O0000000000001O01O0000001O0001O000000010O0000001O010O0010O00100O100O1O100O2OO01O1000O1D^PN9eo1O0001O00001N1000000O10O010O010O10O010000O100O100O2N\^kl0
20111114063134Lh_4,R]`k09co1<E6L2N3M1O2O1N2O1N2O2N2M3N2N1O1O1O1O0001O001O001N2O1N3L3M4J6L5L3M2O100000O0100000O2OO11O001O01O1O001O001N10000O100O10O0100O10O010O01O010O0100O010O010O1O10O0100O100O10O11O1O001O00O1000000O10O0100O10O1O100O1O0001O01O00O1O1O1N2N200O100O100O10000O10000O1000000O2O0O101N3LPaQl2
20111114063134Lh_5,gbjY29co13B=M3N1ON3L4N201O1N201N2O1N101O0010000O101O001O1O001O100O101N2MV_Sd1
20111114063134Lh_6,kf^_27ho11I2;0JO000001O0001O001OO100O011O0010O010O0001N11O00010O10O00000000010O010O0001O001O01O010O0010O00010O010O01O01O01O01000O010O010O010O0100O01000O1O010O10000O1000O10O100O100000000O0100000000O1000O010000000000O10O1000O10000000O100000O100000O11O00000000000001O000001O000001O00010O000010O01O1O001O1O1N`o50aPJ2N001O001N10001O001O1O1O1O1O1O1O1O1O1O000010O000001O00001O00001O001O01O01O01O01O01O0100O10000O100O010O102N3M5K1O00001O01O3N1O1OO000000O1010O0010O1O1N2M6J3KdYSR1
20111114063134Lh_7,jRW`18fo16J7J3M4M4K2N100O1O1O01O001O00001O0ZOVQN7kn1GXQN7in1HYQN6hn1HZQN7gn1H[QN6fn1H]QN6Wo1O1O1O100O00001NVmh]2
20111114063134Lh_8,[^eS36eo16M2O2M2N2N2N3N1O00O01O1O0010000000O0O2O10O02O000O1O10O00010001N1000O100O1000O2O0O10000O1000O0100O1000O1001N1O001O100O1O2O0O10N1010O01000000O10000O1001N1000O1O10001O01O0O2O00O1O101O01O0001OO1000O2O000O2O00001N101O0O10000O10001N10O10O01O01O1000O10O01000O1000O01000O0010O101O00000000O1000O100O1O010O00010O10O00000001000O01O000010O02OO10O1O00001O10O01O01O000000100O100O1O2M101O102M4L3K6K6JYiV`0
20111122063134Lh_0,\nPj1<ao15M4L5L2O2O4K5L=B4L2N1O1N1001O0O100O010000O2O000001N3N1O1N101N2N2O1M2O1N2O1O1N2OXSNnNdj1P1YUNTOgj1k0UUN[Ojj1d0SUN@lj1a0QUNBoj1?lTNDTk1=hTNGWk1>`TNH_k1<VTNL>kNoi1^3cUNVM\1_O\f1]3PXN`MY1YOgf1Z3aWNSNZ1fNUg1]5^XNfJcg1_5TXNcJog1e64L4K6J9G9H4K7H7K4L3M4M3L3N2N3L4M3L4L6K5J6I5]NcTN[Nbk1Z1lTN^NZk1U1VUNaNoj1U1U2H9E<DSmhP2
20111122063134Lh_1,ddhl02mo110001O000000001O001O2N001O00010O001O001O1O1O001O0010O01O001O0000000001O001O00001O100O100O0101N1000001O0O2O0O2O01OO100O100O0101OO100000O11O0O2O1O001O2N2N010O01O1O1O0O3N1O001O1O1N10000001O00003N4cQNZOUm1n0mQNIRn1R11O1O2N1L5I<EPYcl2
20111122063134Lh_2,hfXc27ho12O1O0011O1N1000O010O00010O0010O00001O00000010O00000001O01O0000010O001O01O01O0001O0001O000O101O00001O00010O0100O10O10000O100O100O1O100O0100O100O1O2N100O1O100O1O010O100O00100O001OoWSW1
20111122063134Lh_3,achU13lo12O0O2O1O00100O00100O001O10O01O10O01O00100O1O1O101N4L8H4M0O001O000001O0O1O2N1O101N1O2N2O001N2O001O1O01O01O0100O10O0100O10O010O10O10O10O01O100O100O010O100O10O1000000O2O1O1O0O1000O001O10O01O1O001O10O01O1O0010O01O1O01000O100O010O10O10O1O101O0O0100001OO1000O1000010LWZoa2
20111122063134Lh_4,_eVX25ko11O1O100O2O0O2O0O01100O1O001O00103N4J2N0002O4M2M0O1O101O10N3M1O002000OO0001O0O2010N0006J4L00O010O001O010O00000000000O0100O010O0100O010O010O010O1O010O0100O010O010O010O10O0100O010O1O010O10O010000000O10O1000O100O100000000O20O001O001O001O1O004K55G2O00000O100O0101O00O0100O1O10O010O0010O01O1O10O1O001O0O2OdW[^1
20111122063134Lh_5,RZoa25jo12N1O1O2N1O1O100O1O0010N101O00001O100O1O010O10O01O010O0O20O000000001O000O101M2N2L4N110O1O000100O100O1O1010O01O00001M2M3O10DNkPN2To1>0O1O100O101N1O2N1O1O2N2M3N2NThTY1
20111122063134Lh_6,ajfT34ko13N2N2N5L3L2N10000007KN4L1O1O1O2M8I1O0002M4M1O1O1N11O0002YOlPN<^o1O00001N2O000O1O10O0001O1O001O0O2O2M`SYh0
20111122063134Lh_7,lgX_19go11O01N110O10000001O1O0000000000O10O100O010O0100O100O1O010O100O10O01000O10O0100O01000O010O0010O1O001OQWa]2
20111122063134Lh_8,eh\c0`0^o14N=B6K5L3M2N2OO1QObQN9Wo1K2O0O2N3M2N2O0O1O1O100O10O0100000000000O10000O10O3N1N003K\UUZ3
20111124153054Bh_0,hmdg27ho15L2N1O10O01001000O001O01O1O02N1O001000101N3L4M6K3]SNSOhi1o0QVNXOni1i0lUN]ORj1e0iUN_OVj1b0gUN@Yj1a0cUNB]j1>`UNE`j1<\UNGdj1:XUNIgj19UUNKjj16RUNNmj13nTN2Qk11fTN5Zk10XTN:gk1Q202O1N3O2N2O0N2N3NO01N01O0O2O000O2N6J4L5K3L4M3M3RNcTNQOdk1c0fTNYOek16cTNHlm1O1OO0100O001O1O2N1O001O1O2M2NgjXS1
20111124153054Bh_1,Xcfo12mo13N1N2O0O2O1O1O001O001O0010O01O0010O0001O01O010O001O01O01O010O001O01O01O01O10O010O010O01O1000O01O010O01000O10O0100O10O10O100O10000O2O1N100O100O2N10O010O01O100O001O01O01O00100O00001O01O01O0000001O00000000000001O01O00000001O001O01O01O0010O01O1O00010O001O1O00010O001O010O001O01O01O010O00010O010O010O010O001O0010O01O00001O1O001O001O001O1O010O1O010O10000O100O1O1O100O1O001O2M^Zed1
20111124153054Bh_2,_e`b1:do15M2N2O01000O10O0101O0002O0O1O01OO101OO10O0001O0O010O10O1000O10O100O100000010O01O4L:G3L2O2NO3N6J2M4M3L1O2N1O100O00000010O000100O00010O0O1O2N2MkVoX2
20111124153054Bh_3,ncfW18fo14TNGkSN=Pl1GnSN;Pl1FnSN<Ql1EnSN=Ql1CnSN>Ql1CnSN?Ql1AoSN?Pl1BoSN?Ql1BmSN`0Ql1AnSNa0Pl1@oSNb0ok1@oSNa0Ql1_OoSNb0ok1@oSNa0Pl1AmSNa0Rl1AkSNb0Tl1_OiSNc0Vl1_OgSNd0Xl1]OeSNe0mk1IQTN:kk1JRTNAEEVl1n0RTN[OOCnk1V1nSNVO;@fk1\2^TNbMak1]2cTNaM\k1^2hTN`MWk1`2lTN^MSk1b2nTN^MQk1a2RUN^Mmj1a2UUN_Mjj1a2Z10O1000fNiRNKWm15oRNFPm1:SSNDml1:XSNBhl17dSND\l1<hSN@Xl1`0lSN[OVl1e0oSNTORl1m0`1000000000O101O100O2O1N101N201N1O102N1N2O0O0101N2N1O3M4K5L5J5L5I;Co^]c2
20111124153054Bh_4,^\aV27go14M2N3M3K7J6K4M2N2N11000000O1N102M2YOTQN6nn1B\QN:Xo1M2N3L4L`bng1
20111124153054Bh_5,Pdjg12mo14L3N2N1N2O1O1O1O1O1O2N1O001O10O01O100O10O00100O001O010O001O1O1O010O1O1O0010O00100O0100O100O100O100001O0001OO010000O10001O010O01O10O1O0001O001O1O1O2M100O101O001O000001N2O10O0000000010O0001O1O1O2N2N100O2N2N2OO010O11O1O1O1N100220;C6I0O11O4N6G1O1O1N6Id0]O2N1O0O3N2O000O010M2O1NoUco1
20111124153054Bh_6,ehT[18fo15K5J6M2O1N2N2O1N3N1O1N2O1O10O00101N8H2N1O002N1O1O2N001O001N11OO2O00001N100000O0100O1O001O00001O00000O10000O10O01O100O010O010O0010O01O10O01O101NkUY`2
20111124153054Bh_7,oghk28ho12N2N1O1O00001O000000O1000001O0000010O010O010O10000O10O02O0O001O1O1O1O1NbWmQ1
20111128175514Mh_0,_d^Q3;[o1=I8J7I5L3M2N2N3N3L3N1NPOoQN5om1D[RN:dm1AdRN?Xm1_OnRNa0ol1^OSSNb0kl1^OXSNb0fl1]O[SNd0dl1[O_SNd0`l1[ObSNf0\l1ZOfSNf0Xl1YOkSNf0Tl1YOoSNf0ok1[OSTNd0lk1\OVTNc0ik1]OYTNb0fk1^O\TNa0ck1_O_TNa0_k1_ObTNa0]k1_OdTN`0\k1@fTN?Yk1AjTN<Vk1ElTN9Sk1GoTN8Pk1HQUN8nj1ISUN5mj1KVUN3ij1NZUN0dj10^UNOaj12_UNN`j12g21O010O001O1O001O001O00001O000000000000001O01O0010O00010O01O010O1O1000001O000O010O101OO10O10O1000000O1000000O2O0000010O1O1O1O011O2N2M2O0O2O000O01N1000001O000O100001O1O00002N3M4L10O002O1O3M1O0N2O1O3N1O0O001O2N3M2O1N001N2O001OO13H_Xid0
20111128175514Mh_1,V`Pm16io12N101O0O101O0000000O101O00000O2O001O00000001O001O001O100O100O00100O10O0100O01000O010O010O10O0100O10O0100O010O10O10000O010000O100O1O2N2Ml^en1
20111128175514Mh_2,U_`S16ho15M1O1O0O2O1O001O001O1N3N1O2N1N3N1N2O1O001O00001O01O010O001O100O1O10O01O100O1O1O1O1O1N101N2O0O2N2O0O2O00001O01O0010O01O1O0010O0100O010O1000O0100O10000O100OO2N1O2O1N10bPNFWo19iPNIUo17jPNKVo15iPNMVo13hPNOWo1>0O10O10O100O002_OhPN6Yo1HjPN6ao1O1O1O1O1O1O1OS_me2
20111128175514Mh_3,Za`c2;co17J5hN[OlRNi0ol1]OlRNg0Pm1\OmRNh0Pm1ZOmRNi0Qm1YOlRNk0Qm1WOlRNk0Rm1WOkRNm0Sm1TOjRNo0Tm1SOiRNo0Wm1SOfRNn0Zm1n0M10001O00hNoRNAPm1<YSN@fl1<_SNCal17eSNJZl14iSNKWl14jSNMUl12lSN09TO]j1k0[UN20]Obj1a0_UN3K@ej1;aUN8CBkj15cUN<[OCRk11cUNf1]j1WNfUNh1]j1QNgUNo1Vl1O001O001N102M<C4M5J8GS1kN\\gY1
20111128175514Mh_4,mglS31mo15M001O1O1O1O1O1O1O100O100O2O00001O0000010O000010O010O2OO02OO11O0O0010O010O010O001O001O001O000010O00000000001N1O2N3M2N3LQVYh0
20111128175514Mh_5,Zhdl2:do18I4N2M3N2N1O100O00001O0104K3M1O2N100O001O1O00001O000000001O0001O000001O01O1O01O00001O010O0000000001O0O100O1000O10001N101O1O0O1O100O10O010O000100O001O10O0001O010N3N1O0OhTQn0
20111128175514Mh_6,`cbY33mo11O1O001O001O10O01O100O010O100O0100000O1000000O10001O00O101O00O11O00O010O10O10O010O0010O0001O01O01O000001O0000000000000000000001O000001O00000000000000000010O00001O0010O01O010O01O010O010O1O010O0010O01O001O001N4LU[i?
20111128175514Mh_7,`a\c28eo165K2O0NUOKjQN2VO0kn1NTRN4im1LZRN3dm1M_RN2_m1NeRN0Ym10iRN0nk30kRL0?1COdn10PRN3VONd1Obk10mRN0d03n0N`k1OnRN0fo10oRN0\j10dUN1[j1OoRN0c20^j10oRN0c21]j1OPSN0[12gNNj01Tl1O[TN1nN2?NWl1OXTN4UON;0Wl1NSTN8^OI90Vl1OQTN7DJ42Ul1MRTN6HJ24Rl1LSTN4j0OWO2POM`k1N^UN3n01mNOAOSk1NaUN2Q12eN0JMnj1OaUN1W12[N04Nhj1OaUN1\11QN1>Ocj1NbUN0g21ch10^WN0^h13cWNMSh1;oWNEUh16lWNKTl100O010O00lMOZRN4g1MZl10m11Tmc1NjR\N000VPN0do10[PN3co1M\PN4do1L[PN6do14O0O2O0O1O1O1O1O1O1O1O1O010O1H[OSQNg0mn1YORQNh0nn1XOQQNi0on1WOQQNh0Po1XOoPNi0Qo1WOnPNj0Ro1VOnPNj0Ro120O10O1000O1000O1000O100ImPNASo1?mPN@To1`0lPN@To1`0lPN@To1`0lPN_OUo1a0kPN_OUo1a0kPN_OUo1a0kPN^OVo1b0jPN^OVo1b0jPN^OVo1b0jPN]OWo1c0iPN]OWo1c0iPN\OXo1d0hPN\OXo1d02000000000000O10000000000001O00000fPN\OXo1d0hPN]OWo1c0iPN]OWo1c0iPN^OVo1b0jPN^OVo1b0jPN_OUo1a0kPN_OUo1a0kPN@To1g0O1O001O001O001O001O0001O00000000000000001O01O0000000000QOQQNm0on1SOQQNm0on1SOQQNm0on1SORQNl0nn1TORQNm0mn1SOSQNm0mn1SOTQNl0ln1TOUQNk0kn1UOUQNl0jn1TOWQNk0in1UOXQNj0on101O001O1N101O2L6I]`YP1
20111208173814Mh_0,h]Qb12lo13N1O101N100000000O1000000000001O0000000O100000000O10000O1O100O100O10O0100O100O010O010O01O010O00001O001O0010OO100O1000000001N10001O00001O001O001O001O0O2O01O01O0O2O0O1O1O2N1N2O2N1O0100O100O010O1O1O100O1O1O1O100O10000000O010000O010O01O00010O0100O1O011O0000O101O01O001O01O010O010O0100O100O10O010000O10000O100O1O1O1O100O1O1O1O001O00100O0010O010O10O10000O1O1O1O3MWffR2
20111208173814Mh_1,mcRR16jo11O2N2N1O1O2N100O1O1O100O1O00100O100O01000O02O000O2O0O2N100O1O100O10O01O1O10O01O01O010O01O01O00010O0010O01O01O0100O001O010O10O0100O00101N100O2O2M4M6I100O01O010O0O2O1N2O1N2M4L4M2O1O1O1O1O001O1O0001O010O1O010O01O01O10O00010O010O010O01O010O010O0100O01O01000O010O01O1O00100MjY]e2
20111208173814Mh_2,ndbb26jo12NIYPN7eo1I[PN9co1G^PN;_o1EbPN;]o1EdPN;ao11O0O101O1O1O002N1O00001O0000O100O101O0O10001N100O20O000O0110O00000100O001O1O2O0O1O100O0001O001O00000O1000000O100O100O10000000000O011O000000O10001O000000001O01O001O2N10OO200O001O0O2N2MbWWW1
20111208173814Mh_3,od\h23ko16M2N8H4M1N1001O10OO2O1O3L2N2O0O1O00001O0O02O0O10O11O0000101N4M1O0O10O001O10O10O02O2M5L3O00N2M2O4K4K4L3MjWYT1
20111208173814Mh_4,meR\21ko14VPNLho14XPNLho14XPNMgo13YPNNfo12ZPNOeo11[PN0eo152O0001NG[PN9co1G^PN9ao1G`PN:^o1FdPN;`o11O1N2O010O100O00011O1O00O01O0100O01O0001O2O0O00O11O10O10O000010O2OO00000011OO00001O100O000O11O000000000000000000000O2O001O0001O0100O0O10010O00000001O1O1N10O10O100000O01O2N010O001O00010O000010O010O00001O000010O000001O00001O1O010O000010O00001O1O001O1O001N101NRVmZ1
20111208173814Mh_5,\^fU28io;KTPF1O2M2O00001N1000001O0O10001O0O10000O2O0O10001N1O5ML3000O2O001O00001O0000001O00001O001O001O00001O00001O001O010O00001O00000O1000001O000000O100000O10000000O1000O100000O01000000O100000O10000000O1001O00001O0O101O00001O001O1O001O2O0O1O001O1O10O01000O2O1O1N4M1N100O101N1O010O1O01O01O0001O001O001O001O004ML210001O000010O01O001O00010O01O010O0010O01O010O010O010O10O0010O01O010O010O010O10O010O01O010O100O10O01O01000O01001O00O10000O010000000010O01O000O1000000011O0000O10O00O1000001O100O1O000000O010O2O001O1O1O1O0O100O1O10004L4M2OO0O00000000O100O101N100O010O1N2N5K\]cX1
20111208173814Mh_6,kPQ`24ko1101N10001O0O1000000O1000000O100O10001O0000000000001O00000O2O001O001N1`QNA_m1`0^RND`m1=^RNEam1=\RNDdm1>XRNEgm1>TRNEkm1>oQNEQn1V1O000000O100O10000O2N1O2N2J5E<N3M>C3M2O0O2N1N3M`nj[1
20111208173814Mh_7,`dT\12ko14M2N3M2N2M3M3N2N1O2N101N10O2N1O1O1O100O1O2N1O1000O01000O10O01O1O000001O1O1O10O020O00001_M_ObUNa0^j1A`UN`0_j1A`UN?_j1C_UN>aj1D]UN<dj1DZUN=gj1CVUN`0jj1ASUN`0mj1APUNa0Qk1_OmTNb0Tk1^OjTNc0Wk1]OgTNd0Zk1]OdTNc0]k1]O`TNd0bk1]O\TNc0ek1]OYTNd0ik1\OPTNh0Rl1YOfSNl0]l1TO_SNn0bl1SOYSNP1il1PORSNS1ol1nNlRNV1Um1i01O2N2N2N2O1N2N1O2M4L4M2M4J7I6J8H9E]_a^2
20111208173814Mh_8,oVWc25jo13M;E2O0O101N1O001N2O0O2N010O10O01OO10O1O1M11M4O20001O00010O100O100O010O1O1000O01O010O1O1N2L4N3L5K`jdY1
20111208173814Mh_9,i]ff22mo12N3N0O2O001N100O101O000O101O000O2O001O0O10001O0O10001O00O01000000000000000O1000000O1000000O10000010O000001O010O0010O01O010O01000000O010O01000O010O01O100O1000000O100O1O10000O100O0100000O10O10O1O0100O00100O010O010O10O01O1O010O1O010O1O1O102M3M3M2N2N2M3N3L4M2M2O1O2M3N3M2M5L2N1O1O1O2O0O1O2N0100O0101O00000001O0O2O00000O1O100O1O1O1O100N2O2N1O1O1O1N2O1M3N3M2M4M2M3N2N3M2M4L4M4K8Ff_am0
20111208173814Mh_10,kdlV34lo1001O1O001O1O1O001O001O1O010O100O11N11O01O001O001O01O1O0000000000001O0O100O2O01O00000001O1O00100O00010O01O000010O001O1O01O001O2N7H4M00kXkd0
20111216103234Ch_0,]fR\22mo11O2N1O1O1O001^NJYRN3<4Ym1OTRN1a00el1KTSNg05^Ocl14RSN`0:]Obl18oRN=>\Obl1^1]SNbNcl1_1\SNbNdl1_1YSNbNgl1_1XSNaNil1_1VSNaNjl1`1TSNaNml1a1nRN`NTm1U20O2N10000010O1O1O2OFjRNkMTm1Q2TSNmMkl1Q2XSNnMgl1P2]SNPNbl1n1bSNQN]l1m1fSNRNZl1l1iSNSNWl1j1P1L5J5M4nNcQN=`n1BcQN:`n1EbQN8`n1FcQN7`n1GbQN7`n1DeQN:Qo1O2N3LT\i`1
20111216103234Ch_1,]_nY18]3Mhh15SWN4gh1NUWN6jh1LRWN7mh1LnVN9oh1LhVN9Xi1O\VN6bi1OVVN6ii12kUN3Sj14dUNSOROLYk1P1bUNVOZOHRk1S1^UNXODEnj1T1TUN\O1Bij1W1jTN[Ob0]Ocj1b2bUN]M^j1`2eUN`M\j1\2gUNeM[j1U2hUNkM\j1n1gUNRN^j1e1fUNZN_j1^1eUNaN]j1l0TVNUOli1e0ZVNZOfi1b0^VN^Obi1`0aVN_O_i1?cVNB]i1:hVNEWi17oVNGQi17SWNHmh14WWNKih12\WNLeh12`WNK[l1N2Oi[mc2
20111216103234Ch_2,a\gb26ho18H7I5L4L2N2O1N2O1NWOaQN4^n1JhQN3Vn1MnQN1Qn1NQRN3lm1NVRN1hm1OZRN1dm1O^RN0bm1O`RN1_m1MdRN2gn1O0O2N1O2N]bh[1
20111216103234Ch_3,giRf03mo11O10O01O1O002N1O1N2O0O2N1O100O00O2N101O001O1O010O10O010O01O010O001O010O100O101O000010O010O01000O01001OO12N1O001O00100O000000O0100O010000O10000O01000O2N2NeUQU3
20111216103234Ch_4,]`n`25io13N2N1O2O0O1O101O0O100O2O000O10000O100O100O1O01O0001O0O101O1O001O100O10000000000000000001O001N1000001O0000001O000000001O000001O0001O01O01O00010O0010O010O1O010O1O001O100O1O1O1O2M2O1O001O0015J8H3M2O0O1O00001O00001O001O1O1O1O0010O000010O2O00O02OO11O0000O100O0100000O1O01O010O1O01O01O1O001Oa^QV1
20111216103234Ch_5,dcTa03jo17K5J5L5K4M3M3N3M9G5K7I9G5K4K3N4K3OgMPSNb1Pm1RN\SNl1`m1M1O0oNQRNNQn1I\RN3em1EbRN9en1N100O000000O2O1N4K3N1O00O2L3M3O1O1O10001O0000000010O0001O1N2N2MXYY[3
20111216103234Ch_6,idnc1e0Xo15K5L3M3M3N\O^QNM`n1NiQN1Tn1MTRN0jm1N[RN0cm1OaRN0^m1OeRN0Zm1OhRN1Vm1OmRN0Rm1OPSN1nl10SSN0ll1OVSN1hl10YSNOgl10[SN0dl10]SNOcl10^SN1`l10aSNO_l10bSN1]l1NeSN1[l1NfSN3Yl1MhSN2Yl1LhSN5Qn1010O01O01O0001O001O1NlYeY2
20111216103234Ch_7,P\^i16ho16K5K2N100O00N2O2O1O010O100001N100000000000000000000010O00001O000000000001O010O002N1O5K3M100O10O001O001N2O1N2O1N1O2O1N3N0O200O11N3M3N1N1O0010O010O00000O3N7I2M[caQ2
20111216103234Ch_8,[Zmd07io11O2N001N2O1O1O1O1O1O010O01O102M10O02O0O1O100O1O1O001O0000001O00000000O10000000000O10O1000O010O10O0100O010O1O10O0100O03N]eXW3
20111216103234Ch_9,Xd\Y1;do14M4M101010N3N1N1O1N2N10O01O01O01O1O001O0O101O0O2O0O1OVZkd2
20111216174914Mh_0,ffn^25io13M2O0O2O1O001O010O0001O000000bMGVUN:hj1JUUN6kj1LSUN4mj1NQUN2oj1OPUN2oj10nTN1Sk10aSNFa0:nk11^SN64K^l10[SN94Gal11ZSN;1Efl11VSN>OCll12nRN[1Sm1i00O100O00100O1O1N2O1N2N2N2M3N2O1N2N2O2M3L5I=E4K5M2N2N2N3M2N3L4L6IR\W]1
20111216174914Mh_1,_iXh04ko12N2N10001N10001O000000000001O00000000000001O0O100000O10O100O0100O010O1O100O1O10O0100O1000O10000000001O00001O1O1O10000O10000O01000000O10O100000O1000000O101O000O2O000O2O0OnU[R3
20111216174914Mh_2,nbZ]15eo17J5L4N2WNAoSNa0ok1ClSN?Sl1DiSN=Xl1EPSNn0Sm1TOiRNk0Zm1XO`RNh0cm1h01O2O2M3N3L3L5K6SOl0L5Jd_Ya2
20111216174914Mh_3,e\ae2=ao14M3N1N2N101N2N1A\O]QNj0an1;00000O1L5D;N3L4N1N4K5IPdRY1
20111216174914Mh_4,V`lc29eo14N1N3N1O1O0O2O0O1O100O1N2O100O1O100O00100O1O00010O01O1O100O1O100000001O0000001O0001O0000O01000000O101O0O10001O00000000O1O100O1O1O101O0O1001O001O001O001O010O1O01O0CoPNKRo14RQNGon19=N2O001N101O1N101NT`WV1
20111216174914Mh_5,W`hc28go13MFePN2fo1OAOnPN1Po1OSQN0ln10a0100O0010O00010O0O1001O01O01O01O01O01O0010oo10QPN0nPN0Tn10n00mPN0Vn10iQN0Wn11iQNOWn11iQNOWn11l0001O0000001O0000000000O1000000O10000O1000000000000000000000kPN0Zn10eQN1[n1OeQN1[n10dQN0\n10cQN1^n1NbQN2^n1NcQN1]n1OcQN2\n1NeQN1[n1OeQN2Zn1NgQN1To110O01TONiQN2So10O1SOMkQN4cn1OkPN2To12gPN0Xo1=N2DZO\QNg0nn10FYOZQN5L:Ro1EQQN:nn1FTQN8kn1HXQN7gn1IZQN6en1J]QN6`n1LaQN3`n1KaQN6`n1GbQN9So1000O0100O010000O100O0100O10O0100O010O100O10O010O0100O1O01O10O010O0100O000100O010O0010O010O010O01O010O00100O0000100O0010O0001OU^SR1
20120107063134Lh_0,hoTi13ko14O0O2N2M3N2M102M2N2N2O2M2O2M2NZOSQN;ln1EXQN9fn1G\QN9an1HaQN8Sn12oQNOnm11TRN0im10ZRN0cm10cRNNYm11mRNMPm13RSNMml11WSNNhl1O[SN3cl1K`SN5_l1HeSN9[l1BiSN`0km18H1O01O1O2M4L3M2N2M2N3M3LenRT2
20120107063134Lh_1,Wi\>8ao1?D8I8G:mQNmNil1Y2J6J5K8H7I8J5I8I7G7K5K4L3L5L3M4M2N1O2N2N\NQVN[Mmi1e2]VNRMci1m2cVNmL]i1S3jVNgLVi1Y3PWN_LQi1a3VWNTLnh1m3a110000000O0100O01O1N2O1N2M2N3H7M4POP1L4N2N2N2N1O1M4L4J7J5O1N2O1O100O1001O00O101O001O0000000O1O1O2N2O0O2N2O1O001O100O00100O001O1N1O01000000010O0O10O0100000001O1O1O1M4M3Lo[]Z3
20120107063134Lh_2,f[Xi1870Po1c0M1O2N2N1O2N2N3M3M3L4L3K5H8J7L4L3M4N3M2NYNnRNa0Sm1fNnSNQ1Tl1hNTTNU1^m1N2N2N1O1O10O00001O3N1N4M11N2N0N2O0O100O001N2O1M3N2L4M4L5K6KUb[S2
20120107063134Lh_3,`Zek16io12O2N1N3N1O1N3N0010O0001O00000010O01O002N1O2N1O1O1O1O1O2N2N1O3M0000O1O1O1O1O1L4K5M201O1O0100O100O1O2N2N1O2M3M2OBYQNFfn19\QNFcn19`QNEan1:`QNF_n1:bQNF^n19dQNE]n1:fQNB[n1>c01O1O1N2M4K4M4N000001O001N2O100O1O2N1O1N3N1O1O1N2O1O1O1O1O1O100O100O1O1O102Kcfnm1
20120107063134Lh_4,[_gh18go12N100O2N1O100N10100O01N1O2N1M20011MjMOaTNObk16TTNOlk15PTNLok16nSNLRl16kSNJVl17gSNJZl18cSNH^l1:_SNGal1:]SNGcl1;ZSNEgl1=VSNDkl1=RSNCPm1?lRNBUm1a0eRN@]m1e0[RN]Ofm1]12N2N3M4M1NYO\NVSNa1jl1aNWSN\1hl1gN[SNS1fl1nN^SNl0al1WOcSNb0_l1_OeSN9al1CfSN0el1L=0]1O001O0O10RP60moI10O01O00100O102fPNKcn19mPN5So1<0O2O0O1O1O1N2N3N2L3N4L1O1N1OkNO^RN0dm10V100000oPN0Rn10iQN3Yn1MdQN5\n1KdQN4^n1LaQN4`n1L_QN5`n1KaQN4`n1L`QN4_n1LbQN3_n1MaQN3^n1McQN3\n1MfQN2Yn1NiQN0Wn10jQN0fn74XPJ2YOJ`QN9^n1HaQN9]n1HcQN9\n1HcQN:Zn1HeQN:Xn1GhQN9Xn1GiQN7Wn1JjQN5Vn1KkQN3Vn1LlQN2Un1LoQN1Rn1LRRN1on5NRPL00000O100So50nPJ000hPNOan12f000000cPNNln12SQNNnn12QQNNon13PQNMQo13nPNMSo13=01O000000001O1OcfPn1
20120107063134Lh_5,c]XZ16io12N101O001O001O001O00100O01000O0100O0100000O10O1000000O100000O1001N1000O100O100000001N10O2O001O1O1O1O100002M2M101O011N1O11OO00O0100O100O100O001O3N^P4N_oK:J3M4]RN^O`k1e0YTN@gk1a0UTNAlk1`0PTNBQl1?jSNDWl1>dSND^l1;`SNEcl1<XSNCnl1>kRNB[m1?_RNBdm1a0QRNDRn1R15L3M3L6K5J5K4L6Jg^a_2
20120107063134Lh_6,[cVV33lo12O1O0010O01O01O01O000010O00010O00100O010O0100O0010O0100O10O01O010O010O0000100O0O2O1N1O100O1N2N0100010000O100000001N2O001N2O1N2O1N10100O10O01O1O1OU\Ue0
20120107063134Lh_7,_i`]32lo13L4M3N1O1O1O1O1O1O1O1O1O10000O2O0O101N1fUNYO[e1h0bZN\O[e1f0cZN\O[e1f0bZN^O\e1c0bZN^O]e1d0aZN]O^e1e0aZN[O_e1f0_ZN[Oae1f0^ZN[O`e1h0]ZNYOce1h0\ZNXOde1i0[ZNWOee1j0ZZNVOfe1k0XZNVOhe1k0XZNTOhe1m0WZNSOie1o0UZNQOle1P1SZNoNme1S1QZNmNoe1T1PZNmNoe1U1oYNkNRf1V1lYNjNTf1W1SWN\Nd1<Zg1X1nVNdNd13_g1Y1jVNjNd1Lcg1Y1iVNnN`1Jhg1X1gVNPO_1Hjg1Y1fVNRO\1Fog1W1eVNUOY1FRh1T1dVNZOW1BVh1T1aVN]OV1@Zh1S1_VN_OT1_O^h1R1\VNBS1]Obh1Q1ZVNCR1]Oeh1P1WVNFQ1[Oih1o0TVNHo0\Onh1P1mUNHo0[OUi1g2fVN\M[i1f2[VNaMfi1\41O2N1O1O1O1O2N1O2M2O3M2M4M5J5SOk0G:E;C?F:G:F8H8J7H6J7E?B\TQ=
20120107063134Lh_8,U^lh22lo15M3M4K3N00001O00001O0O10O100O100O1O1O2O0O10000000000000000001O0000000000O2O1O1O1O0O2O1O1OgaWT1
20120107063134Lh_9,W_[Q12co1?I6VQN_Olm1g0jQNCRn1W1M20O010O1M2N3SOkQNLXn10mQNMUn10oQNNRn1OQRN1om1MSRN3nm1JTRN6lm1HVRN8in1O2O0001O01O0O2O1N\`nl2
20120107063134Lh_10,be^h17jo11N3M116I0O01O001O0O2O001O1O100O10001N1001O001O000O11O0O2O1O0O10O010O100O002O1N6K1N10O0000O100000O100O1N3N1O1O1O1O100O1000000O100000001N1000001NZYoR2
20120107063134Lh_11,nnZb07ho11N3N3BJlPN9on1>O1N010O1N2N3M3N3M2O2NlNhQNa0Xn1^OlQN`0Sn1_OTRN:mm1EXRN6im1I\RN2fm1L]RN0fm1OV1O100O1O`Ro[3
20120111191454Bh_0,V\fc11ko17UQN2]m11\RN7`m1L[RN9bm1JZRN9dm1JXRN9gm1P1O1O1O1N2O001O0001O0O2N2O1O1O1O1N2O100O10001O00001O1O100O1O1O010O100O00100O0010O1O010O100O2O1N2O1N1O2O1N1000O01O10O0100O0100O010O01000O10O01O010O1O10O01O001O001O0O2O0O2N2N1O2N101N2N1O2O1N2N2O2M2O2M2O1N2O1O1N2O000000000O10000000000000O110O0000000001O01O01O0010O00100O00100O002N1O2N2N3N2M3M4L6K5J5K1O10N1O2I6K5F;G8M4M2N3M3N3MVbiQ2
20120111191454Bh_1,l^jk0`0^o16L3L5M2O1O1O101M101O0O1001O9G3N0O0O2OO01O2N2N2N1O1O001N10000000000000O100O0100O010000O0100O100000000000000001O010O1O000100001O2N101N2ON2O0O1N3M5H\]ao2
20120111191454Bh_2,ZhjQ29eo13N1O2N1QOB[RN?cm1FXRN<fm1HVRN:hm1KSRN7lm1OgQN:Wn1h0N2dN]NYTNe1dk1`NXTNc1fk1`NVTNb1MQNQk1c0jTN`12UNnj1b0dTN`1;RNnj1R3PUNQMnj1Q3PUNPMmj1U3PUNlLcj1c3YUN^Lfj1g3VUNYLhj1_401001O0011O1N2O1ORMZUNWN=\1Xj1MPVNZN5e1ji1KZWN3dh1IcWN6\h1FnWN4Rh1HZXN1dg1NjXNFVg17TYNCjf1<^YN^Oaf1>gYN^OZf18VZN@ke1>l4O1O2N101O010O0O2OO011O0010O001O0O1001O00100O010000O100O100O1O2N1O2N1OX\Yi1
20120111191454Bh_3,`c^k28fo14N000010O00010O0100O101O0000000001O01O0000001O01O00001O0001O00100O10001N1000O100O100O1O010O0100O010O01O1000O0100O001O0101N2N6J5K2N01O0O2N2N1O5K4L4L3LZYio0
20120111191454Bh_4,R]Tg2:eo1=CI82N2O0O1O10000001O00O1000O10001O0140E060O100001O0O11O0001O1O010O1O2N001O00001O1O000000000001O00000O1000001O00O0100O01000O01000000O010O0010O0100O01000O10000O010O010O100O2O0000O100O10O010041GN60O100O100O0100O10000000O01000O0100000000001O0O100O2O1O2M2O1O10O0101OO10O000101O001OO10O001O2OO1O000100O0100O1O00010O1O1O2N1O01010001O0O0N3M4K3N3L2KU]Sn0
20120111191454Bh_5,o`h^22mo12O001O1O00001O0010O0001O00010O001000O01O0100O010O010O0100O100O010O10O100O100001N101O000O3N1N2O0O100O17H2O1N10000O2N101Mh]]]1
20120111191454Bh_6,ncT]21oo12N101N2N10000O100O100O10000O10001N1000000O2O0000000000000010O001N2O2M100O1O10O00010O00001dPNKln14TQNMkn13UQNNjn12VQNOjn10VQN0jn10VQN1jn1NVQN2kn1LWQN4Zo10010O001O000000001O0000000000000000000000O100000000000000000000000O100000000000000000000000000000O01000O1000O01000O0100O10O010O010O010O10O01O3M_ZQ[1
20120111191454Bh_7,okhV24ko13N2N3M<nPN_Omm1e0lQN_OSn1d0hQN_OWn1V1O0001O0O2O0M4M3N1]ObQNAan1<d0N2N3O0O010O10O100O010000O010000001N101N10O01000O010O010O0100O010O01O010O010O000100O1O1O1OlRYe1
20120115063134Lh_0,UcZU13ko13N2O0O100O100O0100O1O01000O10000O100000000000001O01O01O010O1100O0O1O10O10O0010O010O00010O010O00010O0000010O01O0001O01O01O00010O01O010O0010O010O010O0100O10O0100O20O0000O0110O000O10O100000O10O01000O10O010O1000O00100O0010O0001O000001O0000000000000000001O00000010O01O01O01O010O00010O001O010O001O1N2O1NW[Ya2
20120115063134Lh_1,YXeR16jo11O100O101N01000O010O01O10O01O01O010O1O01000O10O1000O10O10O010O01O010O001O0000000000000O1000O010O10O0010O01O10O01O01O10O01O10O01000000000O10000O101N]gdh2
20120115063134Lh_2,VZji19bo16H8M3M3K52MO1O1O100O1O010O10O010O0O2N10100O0010001O000000001O00001O01O01O0000001O00000000001O00001O0001O01O00001O010O00100O1O10O01O10O01O1O010O00100O101N1O10O01O100O00001O0001O00010O0010O010O10O01000000O10000O10000O01000000O01000O000001O0000001N101NReYn1
20120115063134Lh_3,ocbf15jo14M;E3M1O2N10001OYOQQN=[o1O000O000O10O0100O010O4M1O001O00O0100O01O00010O001O100O101N2O00O010O1O10O01O00100O00010O010O00010O0010O01O10O0100O100O001O1O1N2MTZiT2
20120115063134Lh_4,nmZd05`o1=J5K4K6I6J6H8B>G9J6L4L3M3N3MlN`SNlN`l1m0\1O0000M2001OG9^O`00110OO3N3N10O0002O1N1010N3O0mImMZ^NU2ca1PNZ^NQ2ha1oMT^NS2ma1nMo]NT2Rb1mMi]NS1fJAcg1[Oc]NR1XKYOXg1D\]NR1oKkNgf12U]NS1\d1lN`[NV1bd1jN[[NX1gd1iNR[N[1od1gNjZN]1Xe1hN]ZN\1he1bNRZN`1Sf1`NdYNe1^f1[N]YNg1ef1\NTYNg1nf1\NiXNi1Wg1]N_XNf1cg1_NSXNe1ng1_NkWNb1Wh1dN_WN]1eh1fNSWN\1Pi1fNiVN\1Zi1gN_VN[1bi1iNVVNY1li1POgUNS1[j1X21N2N2N2N2N3L3N4K4L4L4M4K7I6J4L5J7I7I6K5K5I8J5J6K4L5K5K6H7J6K5IS[aU3
20120115063134Lh_5,]_Zn13io17L2M3CBTQNa0hn1>G9N2O100O2O0O1O101O000001O3M2M3N1O1O00001O000010OO1000000O1O100O100O01000O1000O10O100O2N2N6J3M2N2N1O100O1O010O0100O01000O10000O1O010O1O10O00100O0010O001000O010000O100010O001O100O001N2O1N3J]^]k1
20120115063134Lh_6,li\Z34ho16M1O0O2O000000010O00100000O02O00000O100O1O1O101N100O2N2N2N3N5J5K3M3M1WSNeNlj1]1RUNeNlj1\1SUNeNlj1]1RUNdNmj1]1QUNeNmj1^1QUNcNnj1_1oTNbNPk1`1oTNaNPk1`1mTNcNRk1_1jTNdNVk1\1gTNfNYk1\1cTNgN]k18lSNKe0O^k16oSNKa00_k16RTNH=4ak13TTNI95bk13VTNH66dk11XTNI19ek1_OQTNH;`0M:gk1ZOVTNI9c0GOFCUl1OYTNI9g0]OMal1BfTNZ1]k1bNhTNZ1Rm1M3M3N3N2M2O01O2N2N1O000O2O1O011NlNgQNb0ln1O0100OO1O1O2NRT_`0
20120115063134Lh_7,XX[`03ko14L2M2L5M3M4M2O3M2N2N2M3N3\OQOoQNT1lm1c0N3M1O2N100O1O1N2N2M1NOF<K7N2N3O1N3N1OWNeSNOZl1OmSNWODK^l1l0STNVODJWl1n0\TNSOAMQl1o0eTNlN@2jk1Q1dUNlN\j1S1W2N3M3F;L3N4N1O2M3N2M4Kdk\\3
20120115063134Lh_8,oPUd29fo13M1O2N2E@lPN23?Qo1:O001O0002O1N1001N100O2O0O100001N<D3M1N3N2M3L_nPZ1
20120218152654Bh_0,W[`f14lo11N101O00001O0100O10O010O01000O1O100000001O001O1O001O001N1010OO101O00001O1O01O01O01O01OO101O00000O10001OO0100000000O10000000O2O1O1O2M3N1O1N2O1O0001O0O1O2N1O2N1O6Cdb[T2
20120218152654Bh_1,Yenn13lo12N2O1O0O2O1O00001O000001N100000001O00001O00001O0000001O000001O01O0001O00001O01O01O0000001O00010O000010O00010O01O010O010O010O010O010O100O01000O1O010O1O1O1O1O1O1N100000000000O101O001O010O2O0O101N2O0O1O2N1O2MgYaj1
20120218152654Bh_2,k[kT25jo12O001O001O1O1O002N2M6K9F3N2N1N2O1O00001O0001O3M2N2N1O1O1O1O1N2O1N101N2O0O2O001O001O00001O00001O0000001O0001OO10000O1O10O0100OdcTg1
20120218152654Bh_3,eYeb23lo1101O01O0001O01O01O01O01O010O001O010O00100O01O0100O10O10O001000O01O010O01000O0010O01O01O01O00010O00000O100000000O1000000O1000O1000000O10000000000O10000000O010000000O100O10000O10O1000O100000000O1000000O0100O0100O010O10O0100O100O1O10O0100O001O000O1O10000001O0O2N2N2O001O100O100O10000O010O101N1O1O1OjfPT1
20120218152654Bh_4,fd`b11no15K3M2O1]LJYWN8eh1KXWN7gh1KWWN5ih1LTWN6lh1KQWN7oh1IgVNb0Xi1_OeVNc0[i1]OcVNd0^i1]O]VNg0ci1YO`TN0e0Q1kj1oN^TN:2T1ak1bN[TNg2ek1YMZTNh2gk1XMWTNh2kk1WMUTNd2Pl1]MnSN\2[l1cMfSNY2^l1fMcSNX2_l1gMaSNW2bl1iM^SNd12WNbl14\SNd15TNbl16ZSNd1Ym1YNkRNd1jm1M3M5K5F9G8L5K6Ig]W[2
20120218152654Bh_5,e^nn26go14O1N2O001O1O1O1O1O001O1O001O0O2O001O00000000O10000O10000O10000O100O2O0O10000000000001O01O0001O01O00010O0100O010O0100O010O10O10O01000O01O100O0100O001O1O1O6J7Ha`Ql0
20120218152654Bh_6,o`Po03lo12N101L41M0100O2O0O1000001O00001O00001O0000000O100O010O1O1O0010O0010O000O100000001000O010O10O01O1O100O10000000O10001N100O2O0O2O00000O1000O100O1N1O2O1O1O1O10O10O100000000000000000000001O000O2O0O100O2N100O1O100O010O01O001O1O00100O1O100O1O1M3L4N2O1O1OZ`Ui2
20120218152654Bh_7,dYjT28ho1001N101O00001N100O2O0O101O00001N101O1O100O1O1O1O10000001O1N2O000001O1O000O10001N10O100O2N1O1O1O2N1O1O100O1O1O010O1O001O1N2O1NZeUg1
20120402105814Th_0,iZiV3;[o1>I6K3L4M3M3M3M2OSOjQN4Sn1ITRN6im1H\RN8am1GcRN8Zm1HjRN9Rm1FQSN;ll1DVSN>fl1B\SNa0al1[OcSNh0[l1SOiSNQ1`m15LRO`QN>]n1@iQN>Vn1@oQN=Rn1AQRN>nm1AURN=km1AYRN=gm1B\RN<gn1M5Igc\g0
20120402105814Th_1,WcTi04bo1b0D8F7M3N3M3N2N010:G4K5K5K2N3M3M1O0O101O000O00010O10O010O0001O01O01O001O001O0010O000001O01O0010O0001O00000000001O0000000000000O100000O01000O1O100O01000O10O1000000001N11O01O00010O02O000O101O3N2L2O00101OO001O1O4L1O00001O1N100O10001N010O1O2O0O10\ZWo2
20120402105814Th_2,aVeo02lo13N1O2N1O1O1O2N2N3M1O1N3N1OHmPNESo19PQNFon1:SQNDnn1;TQNDkn1<=O00000000000001O001O010O10O10000O100O1O2O0O1O100O10O01O01O001O001N10001O0001O0010O01O1O1O1N2OjjVl2
20120402105814Th_3,Z_km23ko13L3O1N2O0YKKbYN7_f1J]YN7ef1JSYN;Qg1DlXN=Vg1CgXN>[g1CbXN>^g1C_XN?bg1@]XNb0cg1^O[XNd0fg1ZOVXNk0ig1UOTXNn0mg1ROnWNS1Qh1mNmWNU1Th1kNiWNX1Vh1jNfWNY1Yh1hNeWNY1\h1fNcWN[1^h1eN_WN\1ch1cN\WN^1eh1bNXWN^1kh1bNnVNc1Si1_NfVNe1[i1\NbVNd1ai1\N\VNe1fi1[NWVNg1ji1ZNTVNd1Pj1[NnUNd1Tj1]NkUN`1Yj1`NeUNX1ej1gNZUNR1nj1oNoTN?fk1BWTN7Sl1IjSN2^l1M_SN2dl10USN3nl10^RN>em1IoQN9Un1f04M2L4L6G9I9E_dPo0
20120402105814Th_4,XZQR34ko13O000O010O1O00100O001O1O00100O1O010O0001O000O2O00000O1000O2O000O100O0010O000010O01O1O101O1N101O1O0O101Ndedj0
20120402105814Th_5,]c\X11no12O1O001O010O001O010O1O010O0010O01O01O0100O010O001O001O000000001OO01000O010O10O01O010O100O01000O01000O1000O100000O100000O100000000O100O100O100O1000010O01O1O011N010O0100O01000O01O010O01O010O010O1010O1O1O0O100O1O00010O00000010O00010O010O0101N100O1Nh[k_2
20120402105814Th_6,m]ae2e0Xo19F7I6K5L4M2NnNWRN1fm1JdRN3Zm1KkRN4Tm1JPSN5nl1KUSN4il1KZSN4el1L^SN2bl1MaSN1^l1OdSN0[l10hSNNXl11jSNNUl13mSNKRl15m1O1O1O1O10000O1001O0002Mmb^X1
20120402105814Th_7,o]oe2`0Zo1BZQN2_n1NhQN0Tn10QRNOlm11P10iQNObl11_SN0_l11aSNO^l11cSN0[l10fSNOZl11gSNOYl1OiSN1Vl1OkSN1kk1OaRN0]o11bPNO^o12aPNN`o12_PNO`o12`PNMao13_PNMao13^PNMbo14^PNLbo14_PNL_o15aPNK^o1653ZPNG_o1<1M2000100000000O100O100001O1O00001O001O01N2NPdPW1
20120402164214Mh_0,jYom25jo12O2N1O11O000010O00O10000O10O01O010O10O010O01000O010O10O0100O1O101O0O101N02O00000O1000000O1000O10O1000O10O1000O11O0000O101O010O1O002N100000O0O3N1N1O3MRdXm0
20120402164214Mh_1,Xcbk08go13L4M4L2O1O100004M3L0O2O0O2O00000O0010O01O10O00010O0001O01O01O001O01O0000010O001O0001O01O01O010O01O00010O00001O00000O2O000000000O1000O10O0100O001O100O100O100O1001O000001O01O100O0010000O2O2N001O002N2N1O000001O1O2N00001N2O1O000O10000O2OO010O10O0100O10O10O1000O10O10O100000O010001N0100O01O2O0O010N3MUZSk2
20120402164214Mh_2,mZU\18fo14N2N2N1O1O00010O00000001O00000000001O0000001O00001O00000001O01O00000000000001O00000000O10O1000O100O10O0100O010O010O000001OO2O00000001O01O010O01O01O10O010O01O0010O01O10O10O10O100000000O1000O1000O1000O1000O100000O01000O100O010O1O100O1O00100O1O2OjeT\2
20120402164214Mh_3,eSmU22lo15L2N2N10000O101O000000000000000001O00000000001O0O100000000000000000001O0000000010O0001O01O001O010O00010O01O0100O0010O10O01000O0100O0101O0O3N1O7H100000O010O101N100O1O2N2O2M2N1010O000O10000O100O100000000oPNE\n1;`QNJ_n16_QNLan14]QNMen12YQN0gn11VQN0kn10RQN3nn1?2O00100O0000O10000O10O1O00010O0O1N2N2M3N2O1O2N1O1O100O10000O2N3KXjXa1
20120402164214Mh_4,T\oW31mo14N1nN8jQNIQn1>kQNCSn1d0hQN]OWn1f0eQN[O[n1V1O1O001O10O2O1O10O01O1O000O01000O2WOeQNI_n11fQNM\n1OgQNO[n1OgQNN\n1OfQN0[n1Ol0NWdRf0
20120405130014Th_0,d_\o04ko13M101O000010O000001O01O00010O000001O0001O01O0000001O0000001N10001O001O1O001O001O1O2N2N1N101L3M3O1O100O20N101N101N1O2O0O101N101O001N1000000000001OO01000O10000000O01000O100O01000O1000000O100000O10000O1000000000000000001O0001O0001O00000000001O000O10000O100O100O2O000O10000O10010O000001O00001O1O1O001O001O000O2O001N100O101N100O10001O0000001O0000010O00100O10O01O100O100O10O010O01O1O010O001O1Nm_]d2
20120405130014Th_1,bTUX36jo1002N1O7I4L3M2N1O1O1O1O2N1O3M1O010O0001O1O1N2O1N2O1N2N2M4G9M2M4KPkhe0
20120405130014Th_2,g^lf1c0Xo1?B8I6J6N0O100O10001O2N4M3L6K1O01N6J9G9G:F9I4L10N2N2M001O0O1000O1O2O1N2O2M3N1O10O0000000000O1O3M4L2N2M3M84D2N3N1O1O010O01O1O1O100O0103M1O01N10000O2M2O1O1O2M^P6NaoI6M2O1N20O1O1O00100O0101N5LO10000O1O1O1O1O0010O01O00001O0000000O2O0000001N10001N1000PPV20PPjM000O101O0000000O2O00000O2O0000001O0O10001O0000001O001O001O100O1O2N001O01O100O1O3M2N100O00010O00001O1N2O1M]P82boG2N3N1N20O1O1N2O1N[P20eoM2N2O1O1O2N1O010O01001O1O01O2M10O100O001O01O1O1N2O1N3L_P6NdoI1O2N21M2N^P>1aoA3M3M3N10O1O124LN1N1O2N3M4L1O2N1O10O1O1O1O2O3L3N2OO4M0O1O1O0O11M3N2M3L4JnPj11UoUN0O2O1O1N101OO2O0O101N1OjWSc1
20120405130014Th_3,R`cc11no13M2O1N3N100O:F3N1N101N101N010O0001O01OO1000001O000O100O1O1M4J5L4N2N2M3O1O2OJ323M100O1000000O1000O0100O010O1O00100O10O01000O10O10O10000O10O10O10O101O0O100O10O10O1000O010O0010O001O1O001O1O1N10100O1O10O0000O200O1O1O100O1O1O1O1O1O100O0001O1O1N2K5F9O2M3O2N1O1O1O]aXT2
20120405130014Th_4,[^aP35jo13N1O2N2N1O1O100O0001O00000000000000O1O010O0000000O2O0N2N2M3001O000O3N2M3L4M2O2N1O01O1O2O0O10O010O001OO100N2K5O1010O001000000O2O000O100O1O1N2O1O0O2O001O10BJRQN5mn1ORQNOnn12?2O1N2N00100O010O1O0100O010O100O1O010O1O101NfcPi0
20120405130014Th_5,U[kY27ho12O1O00001O01O010O00100O00001O01O0000000000000000000O101O000O10001O0000001O000O2O0O10001N100O1O100O10001N100001O1O1O0000000000O100O010O1N2O1O010O1000O01000O2O0O2N6K1N2O0O2N2N100O2N1Nld\`1
20120512063234Lh_0,UX]R1<ao16LOO2K4N2M4N1O1H7J602O10O00OK6D=N2N1O2N1N2O201O0O010O100001O0O1O1000000O2N1O10001O010O0010O2O1O001N2O001O1O001O000001O000000000O100O100O100O10O10O10O0010O000000000O001O001O0O20O0010000O1O1O101O0O100O2O00100O1O1O1O1O1O2O0O100O1O1N3M200O1000O10000O1O1N3N100O101O01O01O01O010O1000O10O00100O100O010N2NckVd2
20120512063234Lh_1,khZS37ho12O1O2N1O101N101N1[OEdQN;Zn1KaQN7]n1L`QN5_n1g0O2O0002N4L4WOTQN5^o1N2OO00010O000O10000000O0100001O00001O01O000010O000000100O0O110O00000100O002N6K2N1N3O06L4NMN4K1O2KRT[h0
20120512063234Lh_2,j^]j11lo15M3M4H`0HH43M2N2O1O0O100O1000O10000O2O00001O00001O001O000O10000O10000O10000O100000001O001O000O2O00000O10O10O10O10O0100O1N2O1L3O2M3M3N10100O1O001O1O010O0010O2N2N2N1O1N2O1O1O1O1O00001O0000O01O10O01O0N2010O1O0010000O100000010OO101N101O1M3N2N2N4LUcnm1
20120512063234Lh_3,k]il27ho13M3M3L4L5I5K6K3N4L3L3H9L5M3M4L4N00O4M3jNbRNCon1N1O2O001O1N101O0O1O100O1O001O001O1O2Ml`fP1
20120512063234Lh_4,`^_Y27ho12N2O01O0000002ON011O000001O0000000000000000O10000000O0100O1O010N101OO01000010O0001O01O00010O01O00010O010O0010O00010OO2O0O101O1O001O010O0001O001N1L5L3M40O100O1O1O10000O2N100O2O0O0100O0100O010OO1000010O010O0100O010O10000O100O100O10000O1000000O100000000001O0000001O00001O00100O1O1O1O1O0010O01O01O001O010O000O2O00001OO00100O0010000O1000000O02N4IVch[1
20120512063234Lh_5,V[mi0:`o17L3M3N001OOM4O2M3M3001N101O0N3K4N3N10000001O000010O1O1O2L3L[fTT3
20120512063234Lh_6,agnl24jo13M6ZPND]o1i0Ff0ZO2O1O1N10jNnQN?Sn1^OVRN;km1DeRNK]m13Y1N3LQYSR1
20120512063234Lh_7,ojdc24k04nm12_QN;an1c0OO101N2N3J7I;DhTg[1
20120528063154Uh_0,e^_^13ko15M2M3N2N2N1O001O0001O00001O00001O1O001O1O001O001O001O10O01O001O00000001O01O000001O0O100000000O10O00100O0010O010O10O01O001O1O0N2O2O00000O10O1O10O1N1010000O2N1O001000O1O1N3M201O001M2O20O01O0001O0010O01O0100O010O100O10O10O100O10000000000001O0000001O001O1O010O1000O100O1O2N2N1O2L_bjX2
20120528063154Uh_1,P\QW21no11L5G8L5L1M2L4M302O1N2O0N11M4O001O1O0N4L300O0000O10001N1N3L3O2O010N100N21B=O2O1N1000101N1000O101O0001O00000001O000001O00001OO100000O2O010O00010O01O00O101O001O001O000000010O01O10O10O10O010O0000010O0010O10O1000O01000O010O10O0001O010O01000O010O010O00000001O010O01O010O001O000000010O0010OO1010O1O1N2N2O2Nei`_1
20120528063154Uh_2,][S`23jo13N2N2O1N1O10000O1O1O000O11O010O0O1000O0110O01O01000N11O10O1O01O10O00010O1O1O011O000001O001N2O001O1O010O10O10O100O10O0100O00100O01000O10000O010O100000000000000O10O100000O10O10O10000O1000000O2O0OVghY1
20120528063154Uh_3,kTYf05io14N1O000000001O000HGiPN9Uo1JjPN6Uo1MiPN3Vo1OiPNGao1=^PND]o1`000ON3O1000O1000O1N2O1O1O100O10000001O01O0010O0010O010O01O1000O0100O110O0000O100O100O10O010000000O011O001O010O000000O101N100O100O1O1O1O]j`T3
20120528063154Uh_4,TWeS25jo1100000001O000000000010O01O00100O010O10O1000000000000O10000001O3M3M01N2M4KVhni1
20120528063154Uh_5,leRn26ho12O10000O10O10000O0100000000000000000000000000000000001O001N101O0O2OUZgo0
20120606063154Uh_0,Zkh^1=^o19F;G7K4L4K4N2M3N2MROWRNJfm15bRNH[m17iRNGVm19mRNFQm1:RSNEml19WSNFgl1:[SNFcl19`SNF`l19cSNF[l1:hSNDWl1;lSNERl1:PTNFnk1:UTNEik1<YTNDdk1=^TNB^k1a0dTN_OXk1c0iTN]OTk1e0nTN[Onj1f0TUNZOjj1g0XUNWOfj1k0[UNUOcj1l0_UNPOcj1P1W2N1O1O1O1O1O1O2O1N1O2O1O0O2O1N200O001O100O10O10000000001O1O001O10O00010O01O010O0001O0000010O000000RO_O]RNa0bm1@^RN`0bm1A^RN>bm1D\RN;em1GZRN8fm1HZRN8fm1IXRN8im1HVRN7km1JTRN6nm1HRRN7Rn1HmQN6Wn1Jn05L2O1N0000N3M4KYWkZ2
20120606063154Uh_1,n]_P19fo12O1O1N2O10O01O1O00000000000000O010O01]OK[QN4cn13WQNOdn1i0M200100O001O1O2O0O1O1N3N1N3M3M2O2M3N2N2N4L7Hfbfl2
20120622063154Uh_0,^ePl18eo14N2O0O001O001O0001O0000O01001O001CDUQN=jn1=0O10O010000000001O01O0000010O010O10O10O10O01O1O1O100O000000O100O2N1O1O1O1N2O1N3N100O101O00001O001O001O10O01O100O01O010O00100O010O010O00100O10O10O0010O01000O010O010O10O10O100O01000O1010OO010O0100000000000O01O010O1000O01O00010O001O1O010O001O010O1O010O001O00100O1O1O00100O1O1O100O1O010O1O1O100O1O1O100O100O1O010O0001O0O2O0O2H7O2N101O0O2O1O0O2O010O10O010O010O01O001O10O01O0O3L4IWYQg1
20120622063154Uh_1,XZcV31no11O1O1O1L5J5N2O0N3L3M3M3O2M20O100O1000000O100000000001N10O1000000O10N2J5H9H8M2O2M2O1O101O1O1O0O10N101O00eN^N[TNa1gk1eNSTNX1Pl1oNhSNP1Zl1Y1100O2O001N2N2O1N2O2N1O1N2O1M2O2O1N2L4L4M3M3N2N2N2N2N1O2N101O00001O000010O01N101N2O01O000O11O0001O1O001O1O0100O10O1001O00001O0O101N101O1O010O1O0010O01O001O0O2O00000000000O10O1O0N2K5M4M2N3N10O1N3N1O2O1O1N1O2N2N2O102M2N2M4L3M4Ljoj>
20120622063154Uh_2,Z\of14lo11O1O1O001O1O1O001O001O1O001O1O1O100O00100O10O10005K0O100000O1O1O2O2M2N3M2N4M2M6J6]QNhNSn1e1M00O1gNlQNe0Un1YOTRN?nm1^OYRN<hm1D\RN8dm1G_RN7cm1G`RN6am1HbRN6fn1N101M2Oda`U2
20120622063154Uh_3,c]dd27go14L3O001N101N2O001O000O10O100O010N200N2O1O100O2O0000001O00001O01O0000010O0000001O010O1O00001O001O00001O00001N101O0O101O0O101O0O10001O0000001O000000000001O000000001O0000001O00000000010O000000000000000O10000000O1000000000000000000000O100000O100000KhPN@0OXo1a05O10O01000O01001O1O001O0ePN^O00Uo1j0N010O1O0010O01O00000001O0000000O100O100O1O1O100O1O1O1O100O10000O101O001O00001O1O1O1O101M2O1NWbko0
20120622063154Uh_4,nhPf18go17K3N2N1O0002O0N2O01O7I3M1O01O2N4L4L100O1N01000O010O01N2O010O1O1O1O100001N2O0O100O1O01O1O2N5K2OO0O3M6FkSgV2
20120622063154Uh_5,\iRf13QP2O1O00O000\O0WQN0in10UQN1kn10TQN1kn1OVQN1jn1N]QN0^n10eQN0Xn10iQN0Vn10jQN0Wn10hQN1Xn10fQN0[n13aQNLdn14XQNMjn11VQNNjn13b01aPNLon12RQNNnn12RQNNnn12QQNOon10RQNOon11PQN0on10RQNOnn10TQN0kn10UQN1kn1OUQN0kn10VQN0in10XQN0gn10ZQN0\o10[o10ePN100N10000bPNNln12SQNOln11UQNOkn10VQN0in10YQN1dn1Og0010jPN0To13UOMcQN5]n1OYQN6in1`03M1N3M5K4K4LaP<LdoC001O2O3L101N2N010O000001O000000O10000000000000000000O100000000O2O001M4L`RcS2
20120622063154Uh_6,XlP]18fo16J3M3N2N2N2N2N1O2O00001O02O2N4K2N2O1M3N1N3L5J_S_a2
20120707070914Th_0,kZ_c11oo12N1N101N10000O2O00O01000000O1000000000000O010000O0100000O10000O100O100O10O01000O1000O0100O10000O100O2O0O2O000O2O001O0O10000O2O0000000O10O1O100O1O1O001O1O1O1O010O1O010O100O0100000O01000000O01000O1000O10O10O010O10O10O10O10O01O010O10O10O10O10O1O010O010O010O0100O0010O010O010O010O010O0010O10O01000O10O01O1O010O0010O0100O010O001O001O00100O001O010O010O0100O01000O10000O01000O10000O0100000O01000O100000O10O100000O100000O1000000000O10000001O000000000000001O000000000000000O10000000000O100O10000O1000O010O010O10O010O10O1000O01000O0100O10O2O1N3Lagfk1
20120707070914Th_1,^dkd19fo1100O100O2N100O100O100O100O2O000O1000000O100000O0100000000O0100000O10O10O0100O01000O01000O01000O1000O100000000O010000000O100000000O10000O10000O10001N10000O10000O101N100O100O1O100O1O100O1O100O1O100O1O1O1O1O100O1O010O1O100O100O010O010O10O10O010O0100O10O01O1O001O010O1O010O10O01000O010O0100O010O10O010O100O01000O10O10O1000000O1000000O10000O10000O10000O100O10000O100O10000O1000O010O0010O01O00000010O00000000O0001O0O2O1O1O2L3L5N101N1O1O2N101N101O001O1O010O1O010O1O010O00100O0100O010O010O1O010O010O10O01O010O001O001O001O001O001O01O000O2O00O01O1N1O2L4M3O1N2M4L3O10O100O1O10000O101O00001O001N101N1O2O000O2O1N2O1N2M3N1O2M3M3M3N2N2O1O1N2O1N2O2M2N2N2N2O2M2O1O2N2N2N2N2M3M3L5L8BcaXf1
20120707070914Th_2,jbfV16io13O1N100O10O100O100000O100O100O100O1O1000O01O1O0O2NCfPN6[o1HgPN8Xo1GjPN9Uo1GkPN9_o10O10002`PNCWo1c010O01O0O2O1O1O1N101O0O101N100O100O0010000O10O0100O2NY\_e2
20120707070914Th_3,WiR]1:eo14L3G8N3M3O1O1O1001O1O001O0O2O1O2M1O1O001N101N2N1O1O1O1O1O1O2M2N1OdUi`2
20120707070914Th_4,jXae08io10O2N11O01O2N100O01000O0100O1O0000000O100O100O100O001O001O01O01O000000000000O100000000O10O0100O00010O00000O100O1N2O1000O5JifbV3
20120707070914Th_5,hVU\35jo13N100O2N101O0O100O100O100O2O0O2O2N2N2N0101N10O10O;F0O1N2N1N2NQhja0
20120707070914Th_6,hk`U24ko12N100O10000O1000001O00000100O010O01O010O001O010O00000O2O00O0O3K\T]h1
20120710063134Lh_0,^hng0j0Ro17K3N1O1O1O1N2KDaQNA]n1<mQN_OPn1b0SRN]Okm1c0XRN\Ogm1c0\RN[Odm1c0l000O10O1O2O10001O0O2O0O10N2N200O1010O01N101N1N3N101O01O0100O010O001O010O10O100O010O10O10O0100000O10O100000O1000000001O00000000000000001O00000000001O000010O01O001O00001O01O01O01O01O01O01O010O1000O1000000O0100O1O100000000000O03KaP4MboK3N2O1N1100000O10000O1O010O010O0100000O10O010O00100O010000O10O10O010O010000000O100O010O1000O11O000O010O010000001O1O00O01000O010O10000O010O01O01O01O010O010O010O010O010O01000O010O10O0100O100O1O010O010O010000000000O010O10001O2O01O1OO00000O1O2N2O1N1O1O001O1N2McUmg2
20120710063134Lh_1,jc\X17ho12O1O0O101O001N10001O0O2O0O1O2O0O2O000O10001O0001O0000000O2N1O2O0O1O20O01O00001O01OO101N10000O20O00010O010O010O010O1000O100O1N3N3Li[_c2
20120710063134Lh_2,l`Sd11lo15M001O1O010O0O101O0O1M3B>L4O00100O010O00M3J7K5O1O100O100O2OO01O1O001O010O100O101O0O100O1000001O00000000001O10000O1O100O100OhanW2
20120710063134Lh_3,UP_U13ko12O1O100O1O0100000O100000001O011N1O1O0010O010O001O00001O001O0O100O101O00000O1O10O0100000000000000O100000000000000000O10001O000000001N10001O00001O1O001N2O2N1O2N2N1O2OO106J0O2N2N1O2N2M]ohd2
20120710063134Lh_4,Yemo14ko14L7J1O1O100N0110O0000010O00010O01O01O010O010O2O0O1O101N1O01O01O001O0000000000000000000000000000010O01O1O001O1O00000O10O1000O10000O100O101N10000O100O2O00000O100000O10O1000000O0100O10O10O10O010O10O01O00100O0100O001FiPNKVo16mPNFTo19:0O10O010000O10O100O1HbPNM^o138N3O0NP[Xh1
20120710063134Lh_5,mk^j1d0Zo15L3L5K8E>A`0C7K5K4LmMTSNW1hl1iN[SNX1bl1gNaSNa1Ul1_NnSNa1Pl1\NSTN;\O:`l1[OUTN2H?Sl1]OWTNNNb0lk1_OWTNL1c0ik1_OWTNL4c0fk1@WTNI:c0ak1AWTNJ>`0]k1@jUN=ol1N1N2M4MhQmS2
20120710063134Lh_6,iWY\11no13M10000O0100000O10000O01000O10000O100O01000O100O01000O01000O0100000O01000O0100O0100O10O10O01O10O10O01000O01000O01000O010O10O10O0100000000O10000000000000O100001O00000O1010O000000000000000000000000000001O0001O001O00001O00001O0001O000001O0001O0001O0001O01O01O00010O0010O01O0010O01O0010O01O010O010O01O0100O10O010O01O010O10O01O01O01O010O01O00100O2N2N1O2LShfX2
20120710063134Lh_7,QlZj17co1?D_O]QN0[n11jQNOQn12RRNNim13\RNO\m12lRN1hl1MfSN0Sl1K]TNO]k10Y21fRNOfj11^UN2[j1NbSN1DNc14Rk1MgSN0e14`j1LjSNOM0Xn12^RNO_m12^SN0ak11cTN0Xk11jTNOSk12oTNMaNMak17RVNI[N0ck18lVNHTi18XVNJlMOkk16\VNKfMOok15_VNK`MORl15\3M3O11N1000001O0O2O1O00010O000000001O01O000000100O000000001N101N10go3OZPL1N1O100O1O100O100001O01O0001O10O010O1O10O01O1O001O000000000000000000000000010O000001O0010O01O100O2O0MnTcn1
20120730072014Th_0,Pagb23io18K2O1O0O2O001O1O0000001O0000000O10001O0O1O010O1O100O1N1001O01O001O00001O0010O01O1O001O1O1O0O2N2N101O1O1iQNkNbm1V1[RNnNdm1R1[RNPOdm1P1[RNQOdm1Q1ZRNQOem1Q1URNSOkm1`11000O0100O10O01O1O0010O01O1O0010O01O00001O0010O01O1O010O001O00000010O01O00000001O010O00000O1002O1N2N1O2N2N2N2N1O2M2O1O1O001N1O2O1O00000O100O10O1N2N101000000000O100O101O000O1N2O101O0O1O0O2O101OO01O0000101O1O1N2M3N2N3NYbjR1
20120730072014Th_1,nQU\26io1100O100O2@HUQN9jn1KQQN7nn1MmPN5So1=N1O2N2O000O10000O1000001O00001O1O001N2O00001OO2O000F]QNWOcn1f0=M3O1O1000000000000O1000000000001O0000000000000O1O100N2O1O1O100000000001O001O00O1000000O01000O010O10O1O1O1N1L5O100000000001O1O1N2O8G3MjnZ]1
20120730072014Th_2,QiXo02lo14N1OO10O11OO11O0000000000001O00O10000000000O10000O0010O010O0001O00001O010O010O010O1000O010O1000O10O1000O10000000O10000000000000000000001O000001O00000000001O0001O000001O0010O001O010O1O0010O01O001O010O001O01O0100O01O010O010O10O010000O10005ZPNMUo1g0H7IM3M3M4M2M5FhVgh2
20120730072014Th_3,RUSi15jo12N2N2O1N2N101N1O2O0O2O0O2O0O2O000O2N101N2O0O2O1N2N4M2N3M3M1O2N1O1O2M2O1O001O1O010O1O1OVORRNBnm1<ZRN_Oem1`0]RN@bm1?aRN@_m1?bRN@^m1?cRNB\m1?dRN@]m1?dRN@\m1`0fRN]O\m1b0hRNZOXm1g0jRNVOVm1j0kRNUOVm1j0P1001O01O01O101N101O001kQNQOVm1P1cRNWO\m1n0YRNXOgm1b1O0O1O010O010O01N101N2N3N1O1N101O1O1O101O2N1O00102N3M2NfUNSO`e1l0ZZNYOhe1g0SZN[OQf1e0gYN^O]f1b0[YNCjf1;PYNGTg18hXNJZg15cXNKbg13[XNKlg13PXNJYh14cWNHgh16UWNJoh16oVNJSi15kVNLXi12gVNM\i12bVNMbi12\VNMii11UVN0li10SVNOPj10nUNOUj11hUN0Zj10cUN0`j10]UN1ej1OZUN0ij1OVUNOmj11QUNNSk11jTNM[k13bTNN`k12]TNOfk10XTN1ik10TTNOok12lSNNXl12cSN0al10[SN1gl10VSN1kl11QSNOQm13jRNMYm16`RNIem1V13N2M3K6F9M3N2O3M3K6I7HWhfm1
20120730072014Th_4,^e^Y28bo18K3M3M3N00O1L4O1000O2N2N2N200001L5FS\[e1
20120730072014Th_5,Slle12no1001N101O001O1O001O001O000O2O000O1000O10O10000000O1000O10O10000O10O1000O01O100O1O010O10O100O1O100O010O1O100O10000O01000O100000000O01000000O10000O01000O01000O0100O010O1000O01000O10O10000O100O10000O1000001O1NaTcS2
20120730072014Th_6,P^Yn13mo10O2O00001O000000000000000000000001OO1000000000000O1000O010O010O10O0010O0010O0000001O000010O0001O01O01O001O000O1001O002N1Mlbjm1
20120730072014Th_7,jbbj24ko12N001O1SOMlQN4fm1>TRNDjm1b0PRN@om1Y1O10O010O1O1N2N2N2N2YOdQNI\n17gQNFZn19iQNDWn1;lQNDSn1<oQNCPn1=RRNBjm1a0XRN]Ohm1d0YRN[Ofm1f0j0010OO100001O0001O000O2GgPNE^o178NP_kR1
20120730072014Th_8,fZ[`11no17J3M5L3hRN^Olj1d0nTN_OTk1d0bTN@ak1e0TTN^OPl1k0^SNYOhl1f0nRN_OWm1a15K6K8F9H7I6J6C<Hfc^^2
20120730072014Th_9,Ujh[22mo13N2N100O0100O010O010O010O1O0010O010O010O0010O01O100O10000O1000O10O10O10000O100O010O100O010O0010O010O0010O010O01O010O000010O000000kTS`1
20120813063134Lh_0,idna11mo14M2N2O001N2O001N2O0O1O10000O100O100000000000000001O010O0000100O001O001O1O001O001O00100O010O010O010O0010O1000000O10001O0O1000000000O100O2OO0100O10O0100O10O010O010000O0100O10O010O0100O1000O10O10O1000000O100001O00O101O000O101N10000O100001O00O1O1O010NVYWV2
20120813063134Lh_1,faVX17io11N100O100000O01000O10O010000O0100000O0100000000O100000000000O10000000000000000001O00000000001O0O100000001N10001O001O1O001O001O1O001O000100O100O100O1O100O10O0100O10000O010O10000O2O1O0O100010O003M1O1N1O010O100O1O100O2O2M2OO1O10O01O001N10001N1O2N2M3M3MW]m_2
20120813063134Lh_2,`bi]24ko1101N100O100O100O100O10000O01000O100O01000O10000001N100000000001OO100O1O1O1O001O1O2Mk]`_1
20120813063134Lh_3,U\a_1;co13M3M2O1O1N11O0O2O1O001O0010N1O2O1O1O1O1O001O0O10N1O3N1N3L4M3O1O2N100O101O0O101O0000fdh]2
20120813063134Lh_4,bdfR32lo13N2N2O0O1O1O10O010O0100O010O010000O01000000000000000001O00010O00001O1O2O0O2N1O2N1O2O0O00100O00010O0000O10000O010000O11O000010O01O1O1O001O10O0010O1O1O1O100O1O2O0O3M2N10000O1O100NlZeg0
20120813063134Lh_5,oYme26jo11N1000000aLNPWN2oh10oVN1Pi11oVNOPi13oVNMoh17oVNInh1=oVNCoh1b0nVN^ORi1e0jVN\OUi1g0hVNZOXi1i0hTNQOQ17Xj1i0dTNTOP14]j1h0aTNWOn03cj1e0^TN\OMK28ek1`0[TNW1jk1jMhSNf0=_1Xl1ZNhSNf1]l1TNdSNj1`l1SNbSNj1cl1QN_SNm1[m1N101N101SORRNGom14ZRNGim11^RNNjm1G[RN6in1N3M1O1O2N2LgfdW1
20120930063534Lh_0,Xdhj07io11O001O1O1O1O101N2N101N1O100000O010O100O100O1O100O1000O01000O1O100O010O100O1O10O02N1O4M4K4L2N3M4L2O1N2O002NTOgQN0Yn1NiQN3Un1MlQN3Un1JmQN5Sn1KnQN5Rn1GRRN9nm1EURN:lm1CWRN;jm1BYRN=fn100O1O1O1O0O2O00000O2O0O2O000O2O001N_YUP3
20120930063534Lh_1,^jbc12mo15K`0A4M2M3M2O2N29E2N3M2N1O1O001O0001O0001O001O0O2N100O2N101N1O2NnS[Z2
20120930063534Lh_2,`QU]24ho18K7I5K5L2M4M3K4L3N3M3L4L2N2O1M3N2O1MgN_RN9_m1FgRN8Vm1GPSN9kl1HWSN:el1E^SN`0Zl1AjSNa0Pl1^OSTNe0gk1[O]TNe0_k1\OdTNe0Vk1\OnTNd0mj1]OWUNc0cj1@`UNa0Zj1@kUN`0Pj1ASVN?ji1@_VN>\i1@PWN9lh1G^WN3^h1LiWN1Uh1LRXN3jg1J_XN3_g1JfXN5Yg1IlXN5Sg1HSYN7jf1HYYN7gf1G]YN8bf1FaYN:]f1FeYN9[f1FhYN9Wf1FjYN:Vf1EkYN<Wf1@jYN`0kj11N1O1O2N1000000003M3L5Lckn^1
20120930063534Lh_3,cfWe1;do12N3N1O1O1O1O001O001O1O1O1O0000100O001O010O001O00100O1O2N1O3M2M4M2N2N101O11N10001N1O1N2N4L3KfXjW2
20120930063534Lh_4,VR]]21QP2100hN0]RNO`m10W10`QN0Rm11\12N100PRNLWl13kSNNRl13oSNNok10TTN1jk1NXTN4dk1M]TN4`k1KWSN89O\l1IZSN0C1e07Zl1H]SNOL1=8Tl1I^UN6^j1KiUN1Tj1NSVNOji11Q30lPNN\n12h0O1OkP20WoM0O0TRN2hk1N]TN9em14L00O01dLDlVN<_h1CjTN2j2<Xh1CkTN3P3;Qh1BnTN3U3:lg1CmTN4[38eg1EnTN3b36_g1FoTN3g35Yg1HoTN2l36Rg1IQUN1o35Pg1JPUN0S45lf1OmTNLX45kf12WYNMif11ZYNMgf12[YNLff13d4OL2201O010O01N1M4O1O1O1O000O001O100O2O001N1000O100000000000001N100O101O00001O0O0101O01O010O01O0000000000001O010O001O001O1O01O00100O00100O100000000O1000O1000O100000001O0000000000000O10001O01O01O001O101N0010000001N1000000O1000001O00000O10000001O0001O00000001O00000000000O101N1001O1N10000O20N1001O000000000O11O0001O1O2N1O1O00O101O0001O1O0001M4J_PiT1
20120930063534Lh_5,kSgR11lo15N1N1O2O0O010O10000000O010000O0100000000000000O1000000O100000000000000000000000001O00001O0000010O01O01O00010O01O10O02O000O2O0O10000O1000O10O10O1001O1dPNEon1h0O001O1OO1101O1N1012O1L2N3N4M0N2M3M4M2MYjXg2
20120930063534Lh_6,aY_Q34jo15L1O1O2N00100O001O000001O01O01O001O0001O0000001O000O2L3H80O1N3N2N3N2O1N100O00100000O010O10O010O100N3M2K400001M3N101N1O2M1010O1O1O2O100O100O10000O10000O100O100O1O]h\i0
20120930063534Lh_7,jXkn14lo11N2O101N100O10000001O0O1000000000O100000000000O20O0PQNKTn15hQNNYn13bQN0_n11]QN1dn11VQN1ln1`02N3N1N3M3L4J6JTffn1
20120930063534Lh_8,b`nb24ko12N1O10000O10O010O0010O010O010O010O010O010O001O00100O001N2M3L4M2O2O2O0000001O00CPQNJPo15SQNJln15UQNKln13VQNLjn14WQNKjn13WQNNhn12YQNLin12YQNMhn11YQN0gn1N[QN1n^oY1
20121024073354Uh_0,ccf[12jo17L2N2N2O1O1N1000000000000000000000000010O01O10001N11O01O01O1O2O0O0010O10O000100O00000O10000000O100000000000O200O2O1N205K<C1O002O1N1O200<C0O1O0000O010001O0O4M1N2N1O1O1N1O1O010O1N101O1O0O2N2M4LdXW^2
20121024073354Uh_1,TSSh11mo14M2N2O00001O010O01O001O1O010O001O000000000000000000000O10O100O010O10O01O10O01O001O001N1M3H8M3O1O1O1M2N2H8N1J7002N1UOiQNMYn1NPRNKSn10Q1M4LQonS2
20121024073354Uh_2,`bom06jo10O2O0O2O000O101O000O1000001O00000O10000000000000O10O1000O10000O100O1O010O1O10O010O0O10001O00100O00100O10O01000O1000O10O100000O1000O01000000O10O01O1O010O10O010O10O10O01O0100O1O001O1O0O2O1O001O0O2O0010O00010N1010O01O1O00100O01O010O0100O010O1O00010O001O001N1O1O2O00001O0010O00010O0010O001O00001O0O101O1O0010O01O010O10O1O001O1O1O1O001O1O1O1O1O1O1O010O001O00001O0001O0N2M3O2L3N2010O2N100O1O100O101N1O2O0O2N1O1O2O0O2N2Lk`Pe2
20121024073354Uh_3,\`Yc22lo13M2O2N100O1O1O1O001O10O0001O00010O00OBJRQN9mn1=O1N2M2M3M21O2LWNWOcTNf0_k1@]TN>ck1GZTN6gk10UTNOkk16oSNLQl1:gSNGZl1o10O3N2M5cMlRNe1mm1I7I6K6HQ1POjalY1
20121024073354Uh_4,o[a]23ko13N2L4I6O100000000001O1N101O0O2O0O10000O2OO1000O10O100000O0100000000001O001O00001O00001O00000000000000000000000000O1LJ^PN6`o16O1O100O100O101N100O101N1O1O1N3M2O000010O1O1N2O2N1O2O0O2N100O2O001N101O0O2O1O001O001O00001O000000001O00000O2O1NbdV[1
20121024073354Uh_5,XQgX11jo16K5L3M3N2N2O1O100O100O1O1O1N2O0O^O[QNMcn12e01O100O1O01O010N3O0O1O2O@KWQN4fn12XQNMgn15YQNIhn19WQNFhn1<XQNCfn1`0ZQN@bn1d093M4N2OO01O1M3QO[OXRNQ1cm1h0N1010O2M3N3L3N6Jb0]O:G:EVRec2
20121024073354Uh_6,hefi28ho1001000O1O01O0010O0001O1O001O001O001N2N2L3M4N2O1O1O1O1O1O1O1O1O1O100000001O1N7J9F2O1N001O10O000O2M2N3M3L4L3N4L4L4K4N3JlYaR1
20121024073354Uh_7,ojfi23mo1001N101O0000001O01O0001O00000001O01O000001O000000000000000000000000O100000O0100000O1000000000000O1000000000O100000000O01000O100O01000O010O0010O01O00001O00000HIhPN6Wo1LlPN0Uo11=00O10O100000O100001O0000000010O01O0010O101OO10O2MfUao0
20121024073354Uh_8,o`eQ3a0Zo19I5JETQNJfn19gQN]OTn1f0oQNYOnm1h0URNVOhm1j0e01011N1O1L5M3M3M3N2O000100O1O100O1O1O1O100O000001OO1N2O010O01N20001N101O1O0O1010OO020O01O0O1010O0010O10O1O100000O01000001O01O00O1000010O0010N100001O010O100O10000O100O100O1O2N1O2N1OccVh0
20121024073354Uh_9,nnlZ11ho30QPN22N2010O000RO2e03jPNOfn1Ng0O2O10100001SQ8O[oG1WQcc2
20121125063154Uh_0,l`UV15jo12M2N2N2O0O2O001N1000100O001O0010O10O10O00001O0000O1N2M3G901O000000O1000001O01O010O1O001OO1O1O1000001N2O1O1O1O1O1O1N2O1O1O001O1O1O1O1O1O1O1O1O1O100O1O1O2N1MVald2
20121125063154Uh_1,ZohW32lo15M2N3N1N1001N2O01O1O001O0000001O0O1O001O01O0001O00000TIAW^N?ha1CW^N=ia1CW^N=ia1DV^N<ia1FV^N:ja1GV^N8ja1IU^N7la1KQ^N5oa1Mo]N3Rb1Mn]N2Rb1Om]N1Ub1Nj]N2Wb1Mi]N3Xb1Mg]N3Zb1Me]N3[b10b]N0^b12`]NNab12]]NOcb12\]NNeb11Z]N0gb10X]N0jb10S]N1nb1OQ]N1Qc1Ol\N2Uc1Og\N3Zc1Md\N4]c1La\N5ac1K\\N6fc1KV\N6lc1JR\N6oc1Jo[N7Rd1Jk[N7Vd1Jg[N6[d1Kb[N6`d1J][N7ed1HX[N9jd1HS[N8Pe1HmZN7Ve1JfZN6]e1K_ZN4fe1LUZN3Rf1LjYN1\f10`YNOef11WYNOmf11nXN0Wg1NfXN3\g1NaXN2bg1OZXN2hg1NUXN2og1MmWN4Vh1LgWN4\h1N_WN2eh1OVWN1nh10mVN0Vi11fVN0\i13^VNMfi1>jUNDXj1b0_UN_Ocj1c0UUN@nj1c0gTNC]k1`0RTNIRl1Q23M4K9H8H3L7H6K5J4L4J7H7I8I8FlRga0
20121125063154Uh_2,W^gl11oo12M2O2N2M101O01O00100O1O100O01O100O001O01O010O001O1O1O01O01O0001O00000010O01O1O00001O00001O01O000001O0000001O01O000001O0000001O000001O01O000000000000000000000000000000000000000000000000O1000000000000O10O100O01000O10O1000O100000O10O10O10O1O10O010O010O10O0100O1O010O001O01O010O010O010O010O010O0000010O100O01000O01000O010O010O10O010O010000O010O10O01O100O001000O010O0010O01O01O00010O010O0100O001O00O1O10O01O2O001O01O0000O001N1N1N4M3O2O010O10O1O0O100ONJ512001O2N101O0001O0O1N2O0O1O2O100001O0010O1O001O000O100000000010O01O1O1O1O1O0O2N1O0101O010O10O1O2M2O2Njo70VPH1O2M2O1O10O1O1M3O0001O1M3O100O1000O010N2O1O1O100O01M2100O010O1O100O101N100000000O10000000Yfl^1
20121125063154Uh_3,n_g_21no11O2N1O1O1O10O0100O1O10O10O100O01000O10O001O0010O0001O01O001O0O2O000010O001O00001O01O001O0O2O1O1O010O1O100O1000O010O0010O01O0001O001O0O2O10O01O100O01000O10O10O10000O010O010O1O010000O011N1O1O1O1O2N1O1O2N1N3N2NkafY1
20121125063154Uh_4,ZSe]28eo1<C6F8_Oa0_OcN\RN`1dm1>0O1O3L5I=D8J;D8]OiPN0\l^a1
20121125063154Uh_5,iWae23mo1001O010O1O0010O01O01O0001O00000000000O010O10O010O010O010O0001O0000000N2O1O1O1O0EGQQN:mn1=N1010N2N4L3Bni\W1
20121125063154Uh_6,m[Sm24ko11000001O000O100000000O2O000O101O001N1000001O01O00000010O000001O01O00000O10000O1O2O00O10001O1N101N1O1O2N1O2N2NSd\o0
20121125063154Uh_7,QnPm26io15M2L4N2N1O1O101M4M@kPN6So1HQQN7nn1HSQN:kn1EWQN<gn1EYQN<en1D[QN<en1C^QN:dn1E_QN7bn1IcQN1^n1Ok0N]QeQ1
20121125063154Uh_8,YQm\24SP>NjoC2O001O1jQNM^l13_SNLfN1cm14cSNKll15mRNMXm15_RNI4Ocl19gRNGW10Sl14`RN3`1IQl13V2O2N110106[QNH[m12c1NL0UPN1^l^a1
20121203063334Lh_0,jceo14io16L2N2N3L3N2N2N2N2N1O1O1O1O2[QNROUn1o0jQNSOTn1n0kQNSOTn1n0kQNSOTn1n0jQNTOUn1n0iQNSOVn1\1N2L4N2N110O010001N2O001O1O1O0O2O1O0O2N100O2N1O1O100O010O1000O1000O100000O1001N1000000O1O100O1O1O100O1O1O100O1O1O1O1O1O100O100O10000000000O10000O10000O1O100O100O1O1000O100000O100O10O01N2F:O1N3NS]Pi1
20121203063334Lh_1,n_Y^2:co1>C5L3M2N3L4M3L2O3M2M2O2M3N2O001N2O010O1O1O10O01O1O0000000O01O1O0000O01O10001O002O00001O1O0O2O001O1O000O2O00001N1O1O100O2POdQNB0?^n1MmQN0Tn1ORRNIQn16m0OhPNFmn17SQNMkn11VQN1jn1LXQN4Zo110O002N2Mn_R]1
20121203063334Lh_2,a^]e15jo13M2N2N100O1000000000000001O000O1000000000O010O1O001N1O20O100O00100O0010O00001O001O0000100O0001O00100O10O1000O10000O2O0O101N1O2O1N101N2NTbXV2
20121203063334Lh_3,h_WR37go13O1N1mLG_VN9_i1L^VN5^i1O`VN2^i10bVN0\i12cVNO\i13cVNM]i14jTN_Oe0>`j14iTNEb07dj16hTNEb06ej17gTNEb05fj18eTNFc03hj18cTNFd03ij19_TNGf01kj1:\TNHf0Onj1;XTNJf0MQk1`1lTNaNVk1`1fTNbNZk1c1^TN`Nbk1o200000O100dMnSNi0Tl1RO[TNb0fk1ZOcTN`0^k1]OiTN=Yk1@mTN;Uk1BSUN5Qk1HVUN1mj1MWUNNlj1OZUNJjj14]UNBhj1=^2N2O1N2M3M3Iboe07]PZONO3M4N2H6M4M3O0O10O1O2N3M2N201O001O100O1O1O100O2N1O101N2N3N1NdeZh0
20121203063334Lh_4,^fo`18go13M2O0O2O1N2O1N2O00001O001O001O01O00000000001O0000000FkPNIUo17:O1000O1O1O1O2N1O1000000O1000O01000O10O1000O10O1000O1000000O1000O10O1000000O10000O10000O10000O10000O10000O10000O100O010O010O01O010O00100O01000O010O10O01M2J6WO^OTRNc0lm1APRN?Qn1BlQN?Tn1GfQN;Yn1HcQN9\n1f0000001O010O00010O01O1O1O001O1O2M2O1O1N1O2N2N2N2M3O0O2N2N2N1O2N2N2N2N3KjZhU2
20121203063334Lh_5,^fRV24io15N1O2O0O10O2O00O10000O10001O001O1O4L1O2OO01O0010O0000010O001O001O1N101N1O2O000O200O01O010O1O10O1O0000000000001O100?AN1O1O1O0O1O2N1O2O0O2O001O00001O01O0001O0001O000000001O00001O0010O1N2O2N2KQWmc1
20121203063334Lh_6,QiRm0<ao18J4L2O2M2O1O2N1O010O01oNRQNn0So1N1O0O100O1O001O1O2M2N3L6DeVYQ3
20121206063154Uh_0,nVQj05io13N0O2O010N10001O1O0O200O001O1O10O010O00100O1O1O1O100O0100O10O010000O1000000O1000O100000O10O10O100000O10O10000O1000001O0O101O1O0O2O0O2O0O1O1O2N1O100O2O00001O001O001O1O1O00100O100O010O10O01O1O100O1N2O3M2N000000O100O1fNiQN0O9]n1CYRN5ngTo2
20121206063154Uh_1,jcUS12mo13L3N2O1N2O0O2O1N1O101N10001O00001O0010O0010O010O01O100O010O100O1O10O01O10O01O010O0000010N100000000000000000000O100000000O10O1000O10O1000O10O100O1000O0100O100O1O1O010O1N2O1O100O01000O0100O100O00100O1O10O10O100O01000O10O1000O10O10O0100O10O0100O10000O0100000O100O010O1O010O010O001000O010O10O010O01O00001O001O0010O010O10O01O0010OO1O100O2O000O1O2O001N100001O0000010O010O01000O1000O10O100O100O10O0100O10000O100O00100O1O1O1N101O1O1O10O01O01O01O01N100O2N1J7N2O0101O1O2N2N1O1N2O001O000000001O00001O00001O00001O000000001O0000000000000000000000000001OO10000000O100000000O1000O1000O10O10000O10O10O1000000O01000O010000O10O10O100O10O10O10000O100O100O100O10000O10000000000000000010O000001O0001O01O010O010O1001O1O01OO10O010O01O1O1O1O1O00100O00001O00001O001N2O1N3NR^\U2
20121206063154Uh_2,]hRS26io12N2N2O1O2M2O1N2N2O1N3M2N3M4M4L2N000001O2N102M2N2O1N10000O101N1O1O1N101N100O1O2N1O1N2O2N1O1O1O1O00100O0010O0001O1NZWYi1
20121206063154Uh_3,`jX\38eo16L1N20000O101O001O1O010O1O10O10O0100001O1nPNA`n1Q1O1O0101N1O2N3M3TOXQN9Xo1000O2O:E3N000010O0101O01O5I3M1O1N2M3M6H]Sa`0
20121206063154Uh_4,`f^d05ko10N2O1O100O1O001O1O001O001000O010O10O10O10O100O010O1000O0100O0100O1000O0100O010O10O10O01000000O10O1000001O00001O00000010O0000001N10001O1N101O0O2O1O0O10O100O1O2N101N2O000O2O00000000000000O10O100O100O010O1O10O0100O01000O10O010000O1O2NZZWT3
20121206063154Uh_5,WXo_12lo14M2O0O100O2O00000000000010O1O100O010O10O0010O01O001O01O0001O000000010O00000001O0010O01O00001O01O0001O000000010O000001O001O0010O01O0000001O0000001O00000001O0001O000000000001O0001O01O000000000000000000001O0000000001N10000000000O010O10000O010O10O10O010O01N10100O0010O010O01O010N10100O001O100O3LhgjV2
20121206063154Uh_6,cZld26]o1g0E7I7I6J3N1N2N1O1O1O00O1M4ZOjQN]O[n1a0c000N2O1G9O1O1O100O0010N101O01O1O1O1O10000O1000010O00100O100O2N1O2MQfQX1
20121206063154Uh_7,[h`R14lo12M101O1O00000001O0001O01O0100O1000O0100O1O010O10O10O01O1O1O1O10O01O100O1O2NRWQk2
20121206063154Uh_8,g^[g04lo11N010O10O010O010O0100O010O1000O0100000000O1000000O100O100O10O0100O10O0100O0010O000010O010O010O1O010O001O00000O100O0010O0O201N2M3M3Nbb^T3
20121216154954Bh_0,Sh`R11lo15M2N2O001O001O001O01O01O01O10O100000001O1O010O000001O00001O000O1001N10001O8H2N1O1O0010N101O1O1N101O1N2O2N2N1O1O1O000O1000O01O100O01O10O10O01O10O11N010O010O010O01O01O01O010O0100O1O1O2N^Ueg2
20121216154954Bh_1,dfdU14lo11N101N1000000O100000000O101O000001O0000000100O1O0010O01O10000O10001O0O1000001O1N10001O00000O101N2O0O10O0100O100O10000O100O010O100000O010O0010000O001O001O10O01O100O02O1O01O00O100000000000O11O00O10001O2N2M2O1N3N00000O100O100000O010O1000O100O002O000O010O1O100O1O10000O10O02N1N^Vga2
20121216154954Bh_2,o_nU27ho12N2N1O2N1O2N1O1O1O2N1O1N2N2O1O1O2N1O101N2N101N2O0O2O2N1O1N2O1O1O1O1N101O001O001O00000000000O010000O100O0O2N2N2O1O1N2O0O2L400O10000001O002N1N101O001O001N10001O000O10000000000O10001O000000000000001O0010O0001O000010O01O0010O00010O000001O01O000001O01O0001O00001O01O001O01O01O001O001O001O010O001O00jQN`Nmm1`1RRNcNkm1]1TRNgNjm1X1VRNjNhm1W1VRNlNim1S1WRNnNhm1R1XRNoNgm1Q1YRNoNgm1R1XRNPOfm1P1ZRNQOem1o0[RNQOfm1n0YRNTOfm1l0ZRNUOem1k0[RNVOdm1j0\RNWOcm1i0]RNWOcm1i0^RNWOam1i0_RNWOam1i0_RNXO`m1h0aRNWO`m1h0`RNYO_m1g0cRNWO]m1i0hRNSOWm1m0kRNQOUm1n0mRNQOSm1o0mRNRORm1n0oRNQORm1m0PSNSOol1m0QSNSOol1l0SSNTOll1k0USNUOll1j0TSNWOkl15fRNG`04kl12kRNF:9jl10QSNB7=il1OmSN2Rl1MoSN4Ql1KoSN6Pl1IQTN8ok1FRTN;nk1CRTN?ok1]OSTNc0em11N10001O000001O0000001O000O2O0000001N100N2N3N1O1O2N101N2N2MY^[\1
20121216154954Bh_3,ekd`39do18J3N3M4M4L4K5L1N2O1O10O010O001000001O0;F3L01O1O0O001N2O2N1O3N1N2N10000O1001N101N3N4L2M3N001O1O000001N102N1M6K3M2N2N1N4M2M4L6K2M3M2N2N2M5Kkon:
20121216154954Bh_4,]eiP21mo14M3L3N3M2M3VN@QTNb0ik1CVTN>ek1GZTN:ak1K_TN6\k1NcTN3Xk11gTN1Tk14kTNNoj16PUNLlj17TUNKhj17XUNJej18[UNIcj17_UNJ]j18cUNIZj18gUNIVj19jUNIPj1;PVNFmi1<TVNEdi1a0]VN_OTi1n0nVNSOlh1Q1UWNoNih1Q1ZWNPOah1o0dWNROWh1l0oWN]NnM0mi1b1[XNVNUN2^i1c1eXNSNUN:Ri1]1PZNcNne1W1ZZNiNde1T1`ZNmN_e1o0fZNQOYe15fVNEV48Re1Mj[N3Ud1Km[N6Rd1HP\N8Pd1FS\N:mc1@X\N`0di11O01O0001O000001O01O010O00100O0100O101N100O1O010000O100000O100O001O00001O0000001O0000001O001O001O1O001O00001O1N101O1N2NSYjh1
20121216154954Bh_5,WobR15jo12O1N2O1O1O100O001O1O001O10O01O00100O10O2O002O1N1OO10001N2N8H2O000O01O100O2N1O1O1O1N2O1O1N2O1N2N2N3MgoVj2
20121216154954Bh_6,X`TV21Uoe00gQZO0Un10lQN0Sn10nQN0Qn10QRN0mm10TRN0nn10mN0WRN0gm10[RN0cm10^RN1am1O`RN1^m1OdRN1[m1OeRN2en101NbN0mRN1Qm1OPSN1`n1O10[ng00dQXO000oo30QPL00000WQ`01hn_OO010O11O10O0110O0O10O0010O01O01O01O000O1000000000000000QP80ooG000010O0010O0010O000010O0Soo40TQnJ0j_Y^1
20121216154954Bh_7,[eeP25jo13MLZPN1eo1M_PN2_o1NdPN0go101ORP80SoI1dQLOZn10hQN0Wn10kQN0Ro1010O00100O00100O100O100O11O1N3N00@0`0000PP2000ooM0QP20ooM0000001O0fPNOen11f0O00fPN0Zo10[O0ZQN0\o10O010O0hoo00XPPO100O010O00010O0001O01O0`PNOQo11oPN0Qo1OoPN2Po1OoPN2Po1NPQN3Po1MoPN3Qo1MoPN3Ro1MmPN3So1NlPN2Uo1MkPN3Vo1MiPN4Vo1LjPN4Wo1KiPN5Xo1KgPN5Yo1LePN5\o1JdPN6\o1KcPN5^o1K`PN6ao1J]PN7co13001O0O2O4IQY^h1
20121216154954Bh_8,Pm`c21no17gPN3Sn15_QN2`n1h0O10O1O1O1O1O1O1O001N2O1N1F<K4JiRY[1
20121220110614Th_0,a_Tk27eo1;F3M4M2N1OO2I7O2O001O1N1O2N2N10100O100O100000000O10000001O000000000001MUaaR1
20121220110614Th_1,af\d24ko11O1O1N2O00100O10O0100O0100O1O100O10000O10000000000000000001O00000000001O0001O01O0010O01O100O100O100O0100O1N3M`YSX1
20121220110614Th_2,lZ]U1>`o15L2N4XQNXOQn1m0iQNYORn1i0mQNXOQn1i0oQNXOom1:QRN_O37jm18fRNJVm16mRNJol18RSNIbl1b0^SN@\l1c0eSN_OVl1d0jSN]OTl1c0lSN@Pl1a0RTN@kk1a0UTNAik1?WTNBhk1>XTNCgk1=YTNEfk19[TNGek19\TNGck19]TNHck17^TNJik1LZTN3hk1HcTNO^k1OfTNOYk10jTNOVk1NmTN2Tk1KoTN3Rk1KQUN3Pk1JTUN4_m1M2M3Nmb\h2
20121220110614Th_3,l`WW12no11O1O0O2O001O0O2O00001O0O1000000000000000000O100000O100000000000000O10000O1000000O100000000O10000000001N10001N2O1Oiog00WPXO000O101O00000O1000000O2O000000O1000000O10001Nko12TPN0O1O101N1O10O1O2N2Ndoe05UPZO41JXoi03iPVO1N2OO1O10OO2N2O1O0010L4O010O1O1O001O10O2N1O2N2N4Lao;2\PD3M3M3N1000O1O2N1O1Jno?0WP@2N2OO3MZoa04bP^O4K3N2N2N100O0100O1O010O10000O0100000O1000O100000000000O100000000000000000000O1000001O000000000000000000000O10000000000000000O100000000O100000000O10000O1000O10O10000O10O100O010O1O10O10000N101O100O0100O1O100O1N110O10000O10O10O10O01O001O001000O0100O1000O1000O0100O010O000010O010O01000O10O10000O010O100O010O1O010O01O1000O0100000O010O10O10O001O01O00100O01000O10O10000O1000O10O1000O01O1000O02O000O100O10001N1000001N101O0Ojoe02UPZO1O1N101O0O10000O1000000O10000O10000O10000O10000000O2O0O2O1N2O1N2O1Nfd^l1
20121220110614Th_4,fTe^25jo12O001O00000000001O0O1000001O000O10001O0O1000001O001O001O0O2O2N1O1O102M1O0101N4M0O1O100O1N2O1O0O101N1O100O1O100O1O2N2Nnjb]1
20121220110614Th_5,W`Qi03ko13O1N2O000O100000000O1000000000000O10000000000000000O100000000000000000000000000000000000000000000000O1000000O0100000O01000000O100000O100000O100001O000000000000000O1000001O000000000000000000000000000000000000O10001O0000000000001O000O11O000001O01O000010O00000001O00001O0000001N100000000000001O0000000O1001O0O1000000O101O000O1000001O001O1O1O1O1O2N001O01O11N112N1N100O01O0O100O2N2N2N3M2O2M100O2O0N2N2Nhoa11WP^N4MKYPN2eo1O\PN0do10]PN0bo10^PN0bo1O`PN0_o11aPNO_o11bPNN^o12bPNN^o119000[PNO[o11:00O1000000000O10000000O1000000000000000000000ZP40foK000F0dPN0\o10cPN0^o10bPN0^o10bPN0^o10bPN0^o10bPN0^o10aPN1_o1OaPN0`o10`PN0`o10`PN0`o10`PN0`o10`PN0_o12_PNOao11_PNNbo12^PNNbo13\PNNdo13[PNMeo14ZPNKgo1700O10O100000O10O1000O10IZPN4fo1LZPN4fo1LZPN4eo1L\PN4do1L]PN2do1N\PN2do1N\PN2co1O]PN1co1N^PN2bo1N^PN2bo1N^PN2bo1N^PN2bo1M`PN1ao1O_PN1ao1O_PN1ho1O00Z_Zc2
20121229085414Th_0,a^oo05io12N2O1O1N1O101OO1010O01O000010O000O100O1M2M4N2N01O201M2O2O001N20O01O100O010O1O100O001O100O001O10O010O00001O001O001N100010O00O2N1A?100O1O100O2N2O2N1O1O10O10O100O1O2N2M5L3K[cdj2
20121229085414Th_1,f\Ub22ko14L4N2N2O0O2N2O000O1O010O1O1O010O100O010O10O011O0O1000000O10000O10000O10000O10O10O0100O001O01O00000000000000000O1000O2O000000O0100010O00010O0O10010O00100O0O2O0O2N2O2M3Ifo[12[PdN5J5N2N0000O01O10O110O1N1O2M10011O0O2N3MUo38dPL5L9GN2O1O100O1000000O00100O1O001O10O0100O00010O0001O00010O0010O01O000000010O01O0000000O10O11N2O0OPO0oQN0Sn1n010001O2N1N2O2M2O1O2M3M5GohfQ1
20121229085414Th_2,jam^27ho12N2O2M3M5K8H2O0000000001N1JoPN]ORo1c0mPN]OSo1h01O0O2N2N2N101N2O0O2O000000O01O00000N2N2O1O2N\^d^1
20121229085414Th_3,RWcf07fo13N2N2M2N2N2N00001000N2N3O1O1O2M2N3M4MRjTX3
20130104104234Ch_0,oVcm14ko12N2O00001O00000O1000000O10001N100O100O2O1N101O1O1O10]OfPN?`o1N1O1O0000O100O100O001O100O1O00100O100000000001N3N1O1N10O11O0O010O1O10O1O01O010O0010O0010O01O100O1O100O2N1O1O00100O1O00001O000000001N10000O2O001O001O00ZOTQN8on1BVQN=Xo1OO10O10O10O0100O100O2O00O010O1O2N4Jnffj1
20130104104234Ch_1,SgZo23jo16M001O1O00100O010O100000O02OO02N2N2N2M4M10O2N2O2M3N1O3M2OO01000N201N1O0000001O002M<E0O0001O0N3N1N3M2O2N2O1O2N2O2N000010O001O8I4L0O10O1O1O2M4M1N2N2N2M3LZVkk0
20130104104234Ch_2,_ddP1?Wo1<H8I9H8I5M2LnNZRN2bm1GiRN8Tm1DWSN8gl1F^SN9al1DeSN:Zl1EiSN:Vl1EmSN9Sl1EPTN:Pl1ERTN:ok1DSTN;jm1N2O1O1O2LeZom2
20130104104234Ch_3,PRY[15ho17K5K4M6fPNAfn1n0O100YOSO[RNl0\m1]OeRNb0Zm1^OjRN`0Tm1APSN>ml1AXSN=gl1CZSN<el1EYSN<hl1DWSN<jl1ClRN\OIR1_m1C^RNi0fm1L]RNXOem1c0iRNQOZm1l0o0E;M2M4L5K4N2M]nnb2
20130104104234Ch_4,Z`Ql15ho14L4L4J5H9M3M201N2O2N01N2N2N3M3N3L4L2O1O010OO2N1O101O000100N2N2N1O2O00000000O2O1N101N1O100O10O01000O1O101N1O2O1O0000000000000000000001O00000O100O0001N1O101O01O1O1O100O2O000O11O000O2O1N2N1N3N1O2O1O0O2O0O2NU``m1
20130104104234Ch_5,ZdhZ24jo12O1O1O1O1O1O010O10O1000O010O010O01O10O10O1000001O0001O0000001N100000000O1000O100000O100O10O01N2N2N2O1O100000000001O003M2N1O1O00001O001O010O1O001O001O0O2O1NP\Y`1
20130104104234Ch_6,_]ej24ho1:H8I5K3M3M3M2O1N2O1N2O1N1O2N1O\OcQNH[n12PRNK`m1DXRNc0=HVm1d0nRN[Ool1NbRN3b0Nil11jRNGe07\l15XTNJik13ZTNMmm101O00O0nL0UVN0hi14WVNKgi17YVNJei16]VNJai17`VNH_i19bVNG]i18eVNG[i18gVNGYi18jVNEVi1;X3O1O1O1O1O010O0000001O010O0100O001O1O10O01O1O00001O0001O000O10001N2O0010O01O001O01000O1001N10000000000000000000O2O0O1O2NfeVo0
20130104104234Ch_7,]jPf0<Xo1>I6G9H9L3M3O2MiNbRNO]m1InRN4Rm1HUSN4ll1Jg1MiVUY3
20130104104234Ch_8,deVZ2<bo1`0@4N2N1O010000O10000O102M3N2M3O0O01O00000000O10O010O1O100010O8H2N0100O1O2O000001O100O3L3L5HTXkb1
20130110085614Th_0,fcTR36fo1;F6L4XQNWORn1l0>4K5M2N2M4K5L3M3NSOPRNMnm10YRNOdm1LfRN1Xm1LoRN2ol1MUSN1kl1MYSN2fl1M]SN2al1NbSN1]l1MgSN2Xl1MjSN3Tl1MnSN2Rl1NPTN1ok1NVTNOik11YTNNXNIYm19aTNLUNMYm17eTNGUN1Vm18lTNGUk18Z2001O000000001O01O000001O00000001O01O000001O001O0010O01O00010O010O0010O0000010O1O100O010O10001N010O2O0O10O100000O10O10001O00001O001O00001O0000000O1000000O10O1000O100O01000O10O10O010O1O1O001Mc[oe0
20130110085614Th_1,kiPn0a0gn1m0C;J5K4K6HiM`RN\2^m15M2N2O1OmMaSNI[O<Rm1H]TN5`k1KcTN4\k1KgTN3Yk1LiTN4Vk1KmTN5Qk1JRUN5nj1IUUN6jj1JWUN6hj1IZUN7ej1I]UN7aj1IaUN6^j1JcUN6]j1IdUN7[j1IfUN7Yj1IiUN7Vj1HkUN9Sj1GnUN9Qj1GPVN:ni1_O`SN4d2<ki1@bSN3d2=ii1@cSN2f2?ei1_OfSN1g2?bi1@eVN`0^l1000010O00O100001O00O01000000000O01O10O0100O0010000O100O1O10O01O001O0010O0001O01O01O00000O10000O10O0100Odoc1O\P\N2N2N2O1O1O1O100O010000O100O10O0100O10000O100O3L\T[i2
20130110085614Th_2,WPac11no11O2M2O100O10000O1000000O100O100O1O10O01O1N2O01OO1000O100O1O1000000O10O010N1O20O01O10O01N2L4K41O2O1N3N1O1O1ORNLRTN4mk13mSNMSl14kSNMVl14gSNLZl16cSNK_l14^SNNel12TSN1Pm1OjRN3Zm1M_RN4lm1e0:L4K4L4L3M5I6HfRoW2
20130110085614Th_3,icVa22mo12O1O3M100O101O00000O10000000001O0O10100O1O001O100O0010000O00001000O01O01010OO001O100O00000O2O00O00100O01O100O10000001O01O01O1O2O1N1O10101OOO100100OO10O02O10OO0102N3NO00N3O1N1O001O1N2O1N2N2N1N51K01O001OiW]X1
20130110085614Th_4,n_lT2\1km1fN_RNk1Tm1h0H7K5L5J7J7I7IVMZTNA>e0Pk1IXVN6ci1JaVN5\i1LgVN2Vi10mVNOoh12TWNNhh14ZWNLbh16aWNH\h1;eWNEXh1<kWNCRh1D\UN0f2:lg1BeUN1e28dg1FkUN1f25^g1HoUN1e27Zg1FTVN2d28Vg1CZVN4c27Sg1A]VN8a27Th1HnWN7Qh1IPXN8og1GQXN:og1DTXN;kg1CXXN=fk100O10O00101O0O1001N1000O010000O2O0O1O10O01O00100O1O1O100O11N100O10O1O3M2M3MQ\if1
20130110085614Th_5,PR_W13lo1101O1O001O001O1O00010O0010O00001O10O01O010O001O010O01O0010O0001O0010O01O01000O010O0100O00010O000010O01O0001O01O01O00001O01O0010O010O0010000O100O1O10O00001O0000001O00000010O01O001O1O001O010O00001O0000001OO100000000001O0000001Oll\a2
20130110085614Th_6,`\ad27ho12O1O2N1N3N1N2O1O1O1O2O0O10001O2QQNVOdn1U13L1M2O1O0O100O100O1O2O0O2N101N2N101N1GaPNObo1LaPN3fo101OQbnX1
20130110085614Th_7,bY^V2<[o1:H8K4K5ML\QNSObn1j0;0^QNQOTn1o0>0O1O1O2N101O0010O010O001O10O01O01000O10O10O1O1O1O1O2L`0A5K6I\gSg1
20130110085614Th_8,ShlV16lo1O0000O10O010O01O01O0001O01O01O01O01O01O01O01O01O00001O0O2O0000001O000001O01O000001O0010O01O001O0000000000000000000O100000O100000O10000000000O1000000000000001O0000000000010O00001O010O0010O100O001O1O1NXWib2
20130206063154Uh_0,dann1>ao12N2O001O0O101O00000001O01O00000001O00001O000010O01O1O1O010O1O000100O1O1O100O0010O010O00101O0O2OO100O102M2O0O2O001O1O10000O000O2O1O1N2O1O2O2O3L2M8H=D5K5K5L2L1001O1O4M1N3L5L7H8I4L3L101O2N1N100O10001O01O0000002N3N2M1O1O0001O000O101N2N3N2N2N1N2N2O1O01O0O0101N101OYRNO\k14oSNb0nk1_OhSNk0Wl1WO_SNQ1al1X10O0O100O1O1M3N2F:fN[1K4L4K6J5K6K5EWWcg1
20130206063154Uh_1,k]]b24ko12N2N1O1O1O100O100O100O10O01O10O010O010O001O0000010N101O010O01O000000000O101O0O1O00100O1O00100N2O0O101M2O1O200N101N101O1K5N2]Oc00O000M3F9K6N3O000O2N110O00010O1O001N2O10OO3O00001N1O101N101N2O1O1O1O1O1O1O1O2M4LdfRW1
20130206063154Uh_2,^cRa14lo11O1000000O0010O0000000000000000O1000O0100O010O0010O0001N11OO101O0000001OO10000000001O000000O100001N2N2N]]c[2
20130206063154Uh_3,o[Ze1;do13M3N1O1O1O1010O2NXQNEkm1<kQNLUn1P10O10000O1O100]O`QNE`n18dQNF]n17fQNJYn10nQNNSn1MRRN3nm1JTRN7kn10O10000O10001N4M4MO2M3N1N2O00000000100O101N2N2N2MWacW2
20130206063154Uh_4,aaRQ14jo14M4L101O1N101O1O00100O1O001O010O01O01O01O10O11O0000O11O011O00O0001O101N10O000001O2O1OO000001O0101N1O001O1O2O1O0O1O0001O10O0001O0O2O1O1N10001N100O100O010O1O100O1O010O0100O100O1000102M3Lk0VO1O3M01O00000[OaQNH`n10hQNOWo1N1N10O01O10O01O2N1O0010O010O1O100O0100O1O10O0010O01O1O10O01O001O000001O010O001O001O1O01O01O0100O010O0101N1N2O1O1N10ZYmd2
20130206063154Uh_5,^ajP14lo1000000O1N_P42boK1N10000O01O1O1O001O^o=0cPD1ooM0000O11O0200OWP80ioG0O0g]_l2
20130206063154Uh_6,`^aT14lo11N100O100O1O100O1O1O1O00O1O2O000010O01000O01O10O10O100O0100000O100000O100000001O0000001O0O10000O10000O100O100001O00001N10000O1000O0100O010O0010O0000010OO101O2M\b\f2
20130206063154Uh_7,VfXh23lo12N3N2N010O0010O10O01O0100O00100O0000001O10O02M2O2N2N5L2M201O0016H5L2N00000O10000O100001N10010N101O2N1O110OO010001N011O0O01O101N3M2N1O00O100000O010O10O01O101O0N4L6I[UaR1
20130206063154Uh_8,nhPo01oo12N6J3N100O1O1N10002N2N2M200O2OO000O4L6K2M1O2N2M10000001O000000001O00010O01O1000O1000O01000000O100O10O10O100O10000O1O1O100O1O001N101O001N2N101N2O1N101O1N101O0100O5L0O100O001O01O01_OhPN8Xo1DPQN9Po1EQQN<Zo1O1O10O00010O0000000000O100O10O02N100O2NjTmi2
20130208063134Lh_0,Q^Qf15ho1301N100O1000000000000000000O1000000000000000000000000000000000000000000001O000000000000000000000000O10O100000000000O10000O10O01O100O100O10O10O10O10O10O01O10O010O010O1O1O010O100O010000O010O0010O001O01000O10O1000O10O001O000000001O001N101O00000O0O2N11000O1M2N11001000O00O1000010aMWOhUNi0Xj1YOfUNe0]j1@[UN`0hj1AUUN>mj1DPUN<Rk1ElTN;Vk1EgTN;\k1F_TN:fk1FkSNd0Yl1_OmRNT1Vm1i03N2N2L7H7I8G7]O]QN_Omn19dfRP2
20130208063134Lh_1,`ZkP34ko12N1N2O2N1O001N1000000O01O010000000001O01OO1001O00000O1000001O00010O010O0100O010O1O100O001O01O000O1O001O2O00O01001N100O10001O0O2O010O00001O0001O00000O100O2O000000010N101O0000001O0001O01O010O10O0100O010O01000O010O1O10O01O001O000010O000100O100O0100001N1O1O1ObhRg0
20130208063134Lh_2,diTl13mo1001O1O2ZPN3Uo1?M1O1O1N2O1N2O1N2O0001O0[OXQN2in1H]QN7dn1E_QN;To1N2O00001O0O101O0000001O00000000000000001O00000000000000000001N10001O0O2O001N10001N100000000010O002N100O1O1O00010O000000000O0100O010O10O01O11N100000000O2O00000O2O00001N2O0OaUWm1
20130208063134Lh_3,P^gT32ko14N101O0O010O1O1O001N1O1N3K4F:N2O001N000002O1O100O2N1O2N1L4N2O1001N1N3N2M3N2N2O1O0O2O1OOO01001N110O010O10O1O0F\QNWOhn1g0801O002M3M201N2O1O100O2N1O2N5JUehf0
20130208063134Lh_4,SiT^3:eo14M2N3M2O2N2O012N0000O001N101O1O01O5J5K6K2OO002M3O1N6K6I1O0O1O0000000O101O2OO01O001O001O0O00100O00001O0000O100O1000O1000001O1N4JiSi=
20130208063134Lh_5,_`dd11no12N1N2O2N1000001O00000000001O000001O0001O000010O01O0010O01O01O01O0001O010O100O10O100O1O10O0101N101O0O1000O010000O101O1O001O0O10O1001O0100O000000O10O2O00100N2O00000O100O10001O1O000O100O1O2N100O2N112MO0010O001O0O2OUP42goK3O10O1O01O010O2N2N1O10O1O2N2N1003M001O0O11N1N3M]P62`oI5L4N0000001O2M101N101N1000O100010O01O00O10000000001O10O01O00000001O100O10O10O000O1000001O00O10O10000O100O10000O100O10O01O0010O0001O00010O001O010O1O10O010O01O010O001O001O2N100O001O00001O0000001O000000000001O2O2M0010O2N1O1N2O001OeYck1
20130208063134Lh_6,`aok07go14L3K5J6N2N3N1O1O1O1N10O10000O0010OO1OO1L30O12O1O2N2N2MH_QNVO^n1j0gQNVOUn1j0oQNUOom1l0SRNSOkm1n0VRNROhm1n0[RNQOdm1n0^RNROam1n0aRNQO^m1n0dRNQO\m1n0gRNPOYm1P1k0J7N1O2O000O1O2O0O2N2N1O2O0O2O001N10002N1Nk`XP3
20130208063134Lh_7,dhPo01mo13O001N10000000001O0000001O0000010O010O10O0100O010O10O1000O100O0100O01O10O010O0100O00100O2N101O3M3L4M2N1O1N2O2O401L20M3L2N3K5J4L8BiUkl2
20130208063134Lh_8,fcfX21no12O0O1O2O0O1000000O10000000000000000O10000O100O10O01O10O01O1O0O2O0N2O2nN^OdRNb0\m1D^RN=bm1HlQNe0Un1b01O1N2N5J6J6J6\OY^[d1
20130208063134Lh_9,]coW22ko16L1O2N1O1O1O101O0000000000O101O00001O001O1O1O1O0000000000000000000001N1000000O10000O101O000O1010O001O1O010O1O00010O01O010O00100O100O10O01000O01O01O0O2O0000001O0O10001O000001O00000O2O001N2O0O101OO01O0100O100O010O101N100O101N100O100O2N100O1O2N1Noo70SPH0O10O1000`\f_1
20130208063134Lh_10,`PUP26io14M2N4L3M2N2O0O1O1O1O01O1O1O001O1N3N2M3N2M3N2N2LonXn1
20130208063134Lh_11,TePl2?]o1`0C4L5L4L101N2O001O1O1O10000O11OO10O1O011OO01O00000010O2O001N1O2O0O11N001O001O100O1OkSNaNii1]1SVNoNgi1P1UVNWOji1f0TVN_Oki1`0SVNDli1;RVNHoi16nUNNRj11kUN3Vj1McUN8_j1G[UN?fj1@UUNd0mj1]OjTNi0Wk1]ORTNS1ok1`10O2O1O0nNnSNTNRl1`1YTNaNik1T1`TNkNck1n0aTNSO`k1g0dTNYOdk1:bTNGek1JcTN5bk1@cTN`0_m1010O00020O00O10100O002M3M1O3M4L2O2L9GnRcn0
20130208063134Lh_12,ebbh23mo12M4M4K3N1O1N2O001O001O001O00001O0000100O00100O1O10000O100000O10000O1000010001O0O1O1O2N2N1O2N2N6K5K7H4M2M3M2NXOcRNnN[m1m0USNjNil1T1[SNlNcl1R1bSNmN\l1R1[1N2O1N3N1O2N;E2N2O2N1N11N010000O20OO100O1OeQNNhl11XSN0il1OWSN1hl1OZSN0fl10ZSN0el11\SNNcl12g1O010O110N10kQ:0TnE0aN0lRN1Tm10kRN1Um1OjRN1Xm1OfRN1[m1OdRN2\m1OdRN1Zm11eRNO[m12dRNM]m14dRNK\m14Y10TTNKlg14SXNMmg14RXNKog16PXNJPh16nVNLSj13aUN8bj1HSUNa0nj1@kTNd0Wk1\OcTN3_N5j0BUk1<UUNORO1kl17dSNGMO`l1=XSNAc0O]l1e0QTNXO^n1O0O1OPQN0om12P1000O110O10O111OPQ`0NgQmm0
20130213063454Uh_0,cZeT25jo11O2O000O100O10O0100O100O0010O01O10O00010O010O1O0100O010O10O0100O10O01O1O010N1O2O0O1O2O001O000010O01O001N1N3N1N3O0O11O00010O001O1O001O1O1O1O002O0O1O2N1O1O2O0O1O101N1O2N1O1O2M2O2MPgfe1
20130213063454Uh_1,Q^b^15jo13M3N4L6J1N10001O00010O01O10O10000O1000001N3N6J2N0000O010O1O00001O001O1O1O002N1N2O1O1O1O001O001O10O01O2O0O1O100O1N2O1N2M4Mi`a]2
20130310063154Uh_0,h[cd15ko11N2O1N2O1O00001O1O1O001O1O001O00100O1O0010O01O2O0O2O0O1O101O1O1O000O11OO10000O01000001O1O0O10001O00100O00000O01001O001N2O1N2O1N3N1N2O00O01O101N010O1O01O01O00100O0001O01O01O001O00001O00001O000000001O0000000O1000001O0O100000000O1000000000000000000000000O100000000O100O100O100O100O100O1O10000O100O1O10O10O10O10O01O010O10O01O0010O01O01O0N2M3O10O1O0O2M2O102O0O2O1N2M2M3N0O8Kdcho1
20130310063154Uh_1,Q`hU18fo14M1N1O10O100000O010001O001O0000000O2O00000O2O00O101O010O01O1O0100O10O1000O10000O10O1000O10000O100O10000O10000O100000000000000001O001N101O010O1O1O001000O2N1O10O010O010O011O02N1O001O0100OO100000O1O010O001O00010O0001O100O1001O0001N101O2kRNH^j1>WUNIgj1>nTNGoj1i0_TN\O_k1j0XTNZOhk1k0kSN]OUl1Y2O7I1NO3K8G<eNW1E8J9H=@`^ka2
20130310063154Uh_2,jffm2140fo17L4M3M2O001N2O101N2O1O1O1O2MTOnPNm0on1SOSQNn0Po11O4M0N103N4L1OO1O3N2N0O2N5M1M002O1O0O0O2O2M00001N2O1O1O1O1N2O000O1000O10O10O01O00010O001O010O001O1O00010O00010O000010O01O1O01O00100O1O100O10011N3L4M100O1O01N1N6K5HSUSl0
20130310063154Uh_3,o[Yo06ho14L3L3ACWQNb0gn1<01O0O1001O0000001N1K6N1O1O2N1O100O1O1N2L400O010O010O010O10O10O1000000O1000O1000000O100O10000O100O100O010O01O1O1O1O1O100O100O200O001O010O0O2O001NPPV21ooiM1O100O1O100O10O01O1O100O010O1O0010O010O01O01O010O1O1O101M\ehg2
20130310063154Uh_4,gS]S11mo13O1N100O1000O10O10O100000O01000O010O1000O010000O10O0100O100O1O100N3N1O1O1O2O00000013L3M10O000O10000O1001N2N3KflRi2
20130310063154Uh_5,Pble05io1b0^O5K4K4E<N1O2N1O1001000OPOgQN9Yn1ClQN<Sn1BPRN=Pn1ASRN>mm1@URN`0lm1]OVRNb0mm1WOXRNi0`n1O010O02O0VQN^OTn1d0hQNBUn1U1O2N1O1O1O2M2O]OURNROjm1l0YRNSOgm1l0[RNTOdm1j0^RNWOam1g0bRNXO^m1f0dRNZO\m1d0fRN[O[m18TRNAf07Vm15USNKkl14VSNLjl13WSNLkl12VSNNjl11WSNOil11WSNOil11XSNNil10XSNOil11WSNOjl1OXSN0hl1OZSN0gl1N]SNNdl10k^gV3
20130310063154Uh_6,mWTQ2:co14N2N3M3M3N2M4QQNWOan1U1O1N2O001O0000O1O1N2O1N3M2N2AWQNFkn18YQNDhn1;[QNBfn1>?N100O100O2O0O101O0O2O1O1O001O001O1MShSl1
20130310063154Uh_7,ofdm22jo12WPNOno1O100OPP20PPN00000eP`02coCNYP20`oI010kVcP1
20130310063154Uh_8,]ll[33ko13O0O1000000O10000000000O2O00001N2O001O000000001OO2O001O1O001O1N101O1O1O1NaSga0
20130315063154Uh_0,o^nl26ho14N2M1O2O1O00001O010O000010O00010O01O01O010O001O010O0010O010O001O010O001O01O00010O0010O100O010O1O1O010O2N1O1O100O1O1O100O101O0O2O0O2O0O2O00O100000O100O0100O1O01000O10000O10100O001O01O10000O1O001O01O0000001O001N0110O0100O00100001O000O10001O1O0O102M8I6I2OO001O2O1N2N2M3N5K5J3N2M4L4L3M2M4L^\Qj0
20130315063154Uh_1,fjTl13mo1001O1O10O1000O100O010000001O0000O1000O10O11O0O10O10O10O10O01000O010O00010O0010O10O0000001O00001O000O2O000000000000000O100000O10O10O100O001O01O000000001N100O2M2M3O1QOEWRN>hm1l000100O101N1O1O1O1N3M200N1N3J6O001O00101L3F;J5O3MRWQm1
20130315063154Uh_2,SYbj1>ao12O1N2O1O001N2O001O1O1N101O1O1O0010O01O00001O0010O00010O0100O0101OO0100000000O1000001N101O001O0000000O11O010O101N3M1O1N101O1O001O0001O0000O010O10O010O10O01O010O1O10O010O010O0000000001O000001O000001O01O00001O00010O0000001O01O000010O0001O00010O001O010O00100O0100O010O100O010O1O010O010O10O010O10O10O11O001O1O2M2O1O1N2O0O2O001O1O=C01O00000O10O0100N101O1O2N1O2N1O1N2O001O10O01O100O100O1O100O10O010O101N3N2N2M3N1N2O1O1O00O100O2O001N2O0O2N2O0O1O100O2N1O2O1N1O1O2N1O010O1O010O00100O1000O01000O101N2O2M3M<E?@2N100O2N010O10O0010O01O100O10O0100O001O1O001O1O1O1O1O1O1O1O10001O000O2O001N2O1O1N10001O010100O2N3N2M2N1N2N2N1`RNPNml1k2HO010O010O10O0000O10OO2O1N2M4L4L6eNjRNB[m12[SN^Oll19X`Sa1
20130315063154Uh_3,l\SU3<co13M2O1O0iPNIdn1l0N2N1N2O1N4L4M3L3N3M3M2NWOXRN\Ofm1d0^RNYOam1f0dRNWO[m1h0kRNUOTm1j0oRNTObm19aRNGcm13^RNMdm1O^RN0em1L]RN3fm1H]RN7gn1O2MTaRi0
20130315063154Uh_4,i`Rb16io11O1O100O10O100000000000010O000010O0010O01O100O10000O101O001N10O1000O01000O01000000O101N100O2O0O100O10000000O10O001O001OX^SZ2
20130315063154Uh_5,T``j22mo15M00001O0O100O10O10O2OO10O100O10000000000O101O01N2O010N010O10O1000O10O10O010O010000000O100010OO2O001N1O10012MO4M0001OO101N2N3N01N10001001N1O01O1O0002O0O0010O100005K6J01N4L5Gh\oo0
20130328063154Uh_0,UYWe13g06Sn10cQN9Zn1K]QN=an1b0N2XOhNeRNY1Zm1kNbRNW1]m1jN`RNX1`m1d0000000001O000kN\RNAOFfm1f0aRN_OKJdm1f0dRN\OLL`m1g0gRNYOLO^m1f0Z1O1O2N2M2K5K7LcgRY2
20130328063154Uh_1,o[nn05io14M101N101O0O2O001N101O1N101O001O001O001O001O001O0O10000O100O00010O000010O01O01O0010O10O01O010O100O2N100O100O10000O1000000O01000000O100000000000000000001O01O0000000001O0001OO10000O101O0O100O10001O000O101O00001O0O2O00001N1O2O1O1N101O1O1O001N101O001O01O01O0010O010O010O100O100O100O101N2O0O100O1O010O1O01O001O001M5HocWg2
20130328063154Uh_2,ieVe0:^o1>H4M3L3M3M2M3N3M2N2N3N1O1O001O0ON2C>L3O2N2O10000O0001O01O001O100000000O1O10OO2N2O1O100000000O1O00100000000000O1O010O1001O0001O000O101O0O1000001O01O0000O0100O10001O000000000O1O100O2O0000001O00001O001O010O0100O010O10O0100O01000O1000O10O10000O01000O100O100O100O100O01O0O2O000O100000001O000O10O0100000010O000000010O000010O0100O010O0010O0100O010O100O10000O10000O1000000O10000000000O100000000000000000000000000001O000000001O00001O001O010O1O001O0010O10O010O1O100O010O01O010O10O0100O0010O010O10O010O100O10O01O001O001O1O001O1O2M4Kb^]j2
20130521063134Lh_0,l^kV16io12O1O1O1O2N3N0O2O1O100O00O1000001O0O10O10O100O1O0010O01O001O001O001O1O000010O01O01O1O1O1O1O001O0O101N100O2M2O1O101N100O100O2N11O0\OoPN9Ro1ERQN8[o101O01O01O00000000000000000000000001O0000001O001O0000O100O1000000000000000000000O100O2O0O100O2O000O1000000O10O1000000O10001O0O101O00001N101O0O2O1O001N101O0O101N101N2NQ`h_2
20130521063134Lh_1,fYg]23ko13O1O00000O1000000000000O1000O10O010O0100O10O010O10O01O001O1O010O0010O01000O1000000O10000000000000000000O101O00001O0000001O0000000O0100O100O1000O010000O10000O100O101N100O2Okfj\1
20130521063134Lh_2,bYgf18go12M3O1O1O0000010O0000000000000O100000000O100000O100O100O100O1O010O010O010O010O100O100N2M3Mif\V2
20130521063134Lh_3,gjhg23lo12O1N101O001N101O0O2O00O010O01O1O1O010000001O0101O1O000O1000000O1000000001N100O101N2N2O0O10000O102O3MO3M2M4L2N3LYTeT1
20130521063134Lh_4,cjdk25jo12N3N1N2O1O2N2N2N2O0O10000003M2N1O001O000010O1N3N4MO000000URN_OWl1`0fSNBZl1?dSNB^l1>nRN_OD6^m1<jRNCB4fm19dRN8^m1LYRN7im1n02O1N2O1N1O2M2O2M2N3M2N3M2O2M2O1O100O2N1O1O1O2O0O3N2N1O2M2O1O1O1O2N3NO00000O1O1O1000O1O3MaSYo0
20130521063134Lh_5,ken\25jo12O0O1O1O1O010O010O1000O10O2O000O1000000O100O100O10O01O100O1O100O1O00100O0100O1O100O1O1O1N3I6O1NjZo_1
20130521063134Lh_6,YZQm28go12M3N1O2N1N3N1N2M4L3N3M2N3OA^QNA`n1>eQN\O]n1c0`0O2N1O1N2O2N1O10DFSQN:kn1JRQN8mn1IRQN7nn1JQQN6on1JRQN6mn1KSQN4nn1LQQN4on1MQQN3on1LRQN3nn1NRQN1on1OQQN1on1OQQN0Po10PQN0on10RQNOon11QQNNPo12QQNLPo14=10O10000O010O10000O10O010000O100O100O1000000O1000O100000O100000000001O000000001O0001O00010O1O^g\m0
20130526063134Lh_0,^kV]13ko13O1O001O1O00100O0010O01O10O01O01O010O00001O0010O0001O00001O00000000000000000000000000000O010000O10O0100O01000O010O10O10O10O010O10O10O010O01O010O10O0010O010O000100O01O01O010O01O01O00010O010O0010O01O00010O0001O00010O0001O0001OO10010O00001O01O01OO1001OO2O01O011N3LmUaZ2
20130526063134Lh_1,_dna18go12N10001O00000000001O01O01O000010O000000010O0001O00000010O00000001O0000000001O00000000000O10000O10O0100N101O001O10O010O10O010O10O010000O010O100O10000000O01001O0001O0001O00001O0000O10000O2N1Of[QX2
20130526063134Lh_2,hidW12mo12N2O001O0O101O00001O001N101O1O1O001O10O01O10O101O1N2O0O1O1O010O001O000010O0001O0000010O0000000000000000000000000000O010000000O10000O010000O10O1000000000001O001O1O1O100O1O10O0100O010O0100000O020O001N11N10O01O1N2N_Uea2
20130526063134Lh_3,ZaRb0b0Zo19H5K6H6K5L4N200O101O0O100O2O00000000[NmQN\1Sn1`NQRN`1Wn111N2O1O2N3M1O101N1O1O1O0000O10O01000O1000000O10001O0O01000O0010O01O10O01O100O100O100O1O10O01O100O100O2O1O1O0O2O0O100O010O100O2O0000000000O010O1O100O1O010O1O2N100O1O10O01O10O01O010O010O00100O010O010O01O010O01O01O0010O01O00010O001O0010O0001O001O01O01O001O01O01O0001O01O01O010O010O000010O0001O0000001O00010O001O001O00001O00001O00001O001O001O00001O0000001O0000000000000000000O101O0000000000000O10000000000000000O10O1000O100000000O1000O1000000O100O0O2N2N2O1N2N2O1O1O100O10000O10000O1000000O1000000O1000000001O00000000000000000001O0001O0000000001O0001O00000001O01O0010O01O001O010O1O001O00010O0010O01O010O0010O010O000010O01O001O01O01O001O010O0000001O0000000000001O0000000000000000000O10000000000O1000001O0O101N100O2O0O2M2N3MmZUf2
20130526063134Lh_4,gW_i15jo11N2N2O0O2N1O1M3O10001O00100O001O1O1O1O10O0FjPNLUo13PQNHQo18<O0O101O001O00100O10000O10001N2N[inS2
20130526063134Lh_5,hXWS1269lm1\2\O_MSSNS1]m1ROYRNW1em1d0M3M4M3L4M3L2O2N2N2M2OmN`SNgN_l1W1eSNhNYl1X1iSNhNVl1W1lSNiNTl1T1PTNkNok1T1TTNkNlk1R1WTNmNjk1Q1YTNnNgk1o0\TNQOdk1m0]TNTObk1l0_TNSObk1k0`TNUOak1h0aTNXO`k1e0aTN\O`k1?dTN@_k1LSUN4\m11000O0100000O010000000000O0100001O000O1000O010O1000000000O10O10O01O100O001O001O001O1O001O1O00001N10001O00000001O0O101O00000000000O2O000000000000000O2O00001O00001O000O2O0000001O0001O00010O001O010O1O10O01O0010O0001O000000001O00000000O01000000O10O10O010O0100O10O01O0000001O010O0010O01O01O01O0001000O01O10O01O1O100O001O1N100O1010OO1OO2O2N101O1O10O100O10000O100000000O10000O10001N1O2Kdm71_RH2YPNN[gd^2
20130526063134Lh_6,g_oh23mo10O2O0lPNL\n15aQNN^n12aQNO_n12_QNOan12^QNMcn15ZQNLfn16WQNKjn15TQNLln16QQNKon1c000001O001O1O1O1O100O2O2M3N0O10O010O0000000001O0O1O101M3Mf_^T1
20130526063134Lh_7,ZP_R18eo14M3N1N2O1N101O1O000000001O01N1N2O1M3L5N10000001N1000001N1O1N2O1O100O01O100N1O2O1000O100O10001N1O101O010N101O010O1O1O001O100O100O101N2O0O2O00O010000O0100O100O101N1O100O2N10000O2O0O1O100O10000O100000000O2O00001O0O10001O0O100O2O0O100O100O1O1O00101LTRie2
20130526063134Lh_8,hdPi01PP20O0Zoa00fP^O00010O001O010O01O01O010O0100O\Qn31cnQL1O1O000001O00000000000001OO100000000000kNN\RN2dm1N\RN2in10O0100O100Onng40SQXK000000000010O0001O01O010OQP2000RP:0QP80lo[O0dPN0hn10XQN0hn10XQN1gn1OYQN1gn1OYQN1gn1OYQN1gn10XQN0hn10XQN0hn10XQN0hn10XQNOjn10VQN0jn10VQN0jn10VQN0jn10c000000bPN0ln10b000000000000QP40ooK00001O01O01O001XPNNao11]PN1co10ZPN2go122NmZQf2
20130526063134Lh_9,niXQ27ho14L6K;E5K4L5L5OO1OSRNkNjl1Y1fRNSOZm1j1WSNdMmk1]2gSNPNVl1n23N2O20O0O14I7ZMTSNf1Qm1nMZSNo1_m1K9Cc0UOa0CcRSm1
20130526063134Lh_10,i^WP34lo11N101O2N4ZPNG]o1?O0O100N3L4M2O1O100001O2N3M3M1O001O0O101N100O1N2M3O1O0100000O10O1000O01000O0001O0H9M2N3000O100001O000004^OePN7do1N001O001O0O2O1N2NZa`k0
20130526063134Lh_11,hUkU24lo12N1O1O1O1O100O2N1O2N5L0O1O100O0001O1O2N3M2N2M3N2Mgi`h1
20130526063134Lh_12,mXog26eo15L4N100N2O1_Oa0N1O2OO000O1M4O2O1O2J6K5N2N2N2O1N3Mlh^V1
20130530133654Bh_0,Tb]Z19co18J4N0O2O1O001N20O01O1O2N2N101N1000O1O10O01O1O001O1O00001O001O000O10000000O100O100O10000O100O10000O100000000000O10000O10O1O001O0O2M2N3M3M2O2N101O0O2N2N1O2O10O101N10000O2O0O2N1O2N1O1O1O1N2O1O1O1O1N101O1O001O010O001O0001O01O001O01O01O001O001O001N101O0010O010O0100O010000000O10O1000O10000O100O100O100O100O1O010O2O0O1O1O2O0O3M\_^[2
20130530133654Bh_1,eo\i26ho13O000O100NO51L0100O0000O101M3N1O2N1O2O001O000000010O01O00100O10O001N1M4N101O01O00100O1O2N2N2N2O0O101N1O10000O10O010000O01000000O1000O100000O01000O10O10O010O010O10O10O010O10O010O01O1O100O1O1O1O10000O101N1000000O0100O1O001O1O001O1O001O0O2M2O2O1N101O1O2N2NYRcn0
20130530133654Bh_2,ajPZ14ho18K4M1O2N4L2N3M1O100O11O2N4L1O0001O0O4M3M1O00O0010O01N2O0O2O1N101O001O01000O010O010O0101N2N100O10001O1O2N3M3OO2M2N2O002O000OO00010O01O2O0O1O000O0010O010O010O0001O00001O000000001O00000000001O01O000010O00010O001O010O0001O01O0000001O0000001O001O001O00001O000000001O000001O01O0010O01O00001O01O0001O0001O001O010O000010O010O010O010O01O1O100O1O100O1O10000O2O0O1O1O10O0001O001O01O01O00100O1O010O101N1O010O001O01O001O001O1O1O1N3M8G`QgX2
20130530133654Bh_3,PYiR19hn1U1H5L4M3M2O12O7IO1O000O2N001O00QORRNLmm11WRNNim10[RNNem10_RNNam10bRNO_m1MeRN2]m1HhRN7an101O00000000000O1000O01000O1000O100O0100000O100O010O0010O1000O010O00010O0100000O01O01O01O00010O000010O010O010O000010O0010O10000O010O010O1O100O100N2KYdTg2
20130530133654Bh_4,j\Sh14ko13M4L5K8I<CQ1oN2M100PNjMWVNT2ki1QNoUNm1Uj1VNfUNc1cj1aNVUNl0ak1]1?J6I6L4K7JV1iNQdbV2
20130530133654Bh_5,oYRb17go13O010O10O010O0010O01O01O0001O00000000O100000000O10000O10O10O100000000000000000000000000001O00001O01O0000001O000000000000000N3N1001O1O1O00001O00100O0001000O01O100O010O0010O01O000010O0000000001OO2O00001O00000O101O00000000001O0001O00001O000010O0001O01O00000000000000001O000000001O00001N10001N]eiT2
20130530133654Bh_6,gcZW2<do11O2N1O1O001O1N2D@UQNc0hn1<N2N2O000000000000001O000001O0O1O1O1N2O1O1N2O1N2O2O0O101O1N101O1O1O1O001O1O100O011O01O01O1O0014L1OO2N1O1M2Oe[ed1
20130530133654Bh_7,bdXR1c0\o13N3N1N11O2N4L3M2N2N1O00001O00O20O01O00001O00O2O0O010O10O1O010O001O3^PNEYo1c0N1O1O001O001O001O0O1000000O10O100O1O1_OVQNKln10g0KfP62YoI2N3N00100O100O100O100O010O100O10O100O10000001N10000000O2O0O2N1N3MiXkg2
20130530133654Bh_8,l]V`15jo12N3M2M3O1N3M6J4L4K4L4L5I6M3M2N2O1O00N2N3M2O2N1O2O1N101O0010O01O01O01O010O100O010O1O101N1O100O010O1O010O0010O010O010000000O1000001O01001N1O01O2O0N101O1O1N100O2O0000001O1N2O0O2N1O1O1O1O1O1O1O001N2O001O0O2O00001N10Z`SY2
20130530133654Bh_9,SdRQ34ko13M1000001O00000000O1000001O01O0000001O001O1O001O0100O010O10O00100O1O100O010O10O1O100O010O100000000000O100O0001O1N5JW[Wk0
20130530133654Bh_10,Teh`27ho12N100O0010O01O010O0O2O1D<N2O011N100O100O2O0O2N2O001O1O^O_QNEan1:aQNF^n19eQNE[n1;fQNDZn1;hQNDYn1;jQNAWn1?f0O001O0O10001N10001N2O001O1O1O1Na[Q\1
20130530133654Bh_11,[Yoh22go1:K3N1O2N1O1O1N101O1N2N2N3M3M4M3M2N4L3M3fK]NQZNf1me1_NnYNc1Qf1`NjYNc1Uf1`NfYNb1Zf1aN`YNa1af1bNYYN_1jf1fNmXNX1ag1eNUXNW1Zh1hN]WNX1hh1lNoVNT1Ui1[OXVNf0ki1BhUN?\j1C^UN<fj1HQUN9Sk1M^TNDNPO[l1Y2RTN^MXl1V2P1G9H9F8I9CliZT1
20130530133654Bh_12,h_gP17io11N3N2N1O2N001O1O1O001O1OCfPN4[o1JiPN4Vo1KkPN6Uo1GnPN9]o10O10001O0O01O1O001O100O010O100000O1000O100O001O1O1O1O2MV_^l2
20130530133654Bh_13,k]P`12mo13M2NM]PNMao12aPNN]o12800O110O000000O0001ObQ`00_n_O1O1O1_NMUSN3kl1NSSN3ml1MSSN3ml1NRSN1Pm1NPSN2Pm1OPSN0Qm1OoRN1Rm1OmRN0Tm10mRNOTm10lRN0Um10^Q20PPN0O10O1000RP20[Qf00cnWO000000001O0010O010Ojn1OWQN001N3O0O0101O2NaPh0O_oWO0O100O1000O01000O010O^PNOUo12jPNOVo10jPNOWo11iPNOWo12gPNOZo10fPN0Zo1:101N2O1N2N2N101NTo71jPH3L4O1O001O001O1O001O00001O01O1O001O1O001O1O1O3M1N1120M3M5K4L1O1O2N1O010O100O1O010O1O10O01O100O013L3M2O0O3N3L3`QNiNRn1f1L2O1O0O2O000O100O10O010O01O01O01O00010O000010O00010O0010O00010O0001O00001O001O00001O001N1O101N1O1O1O2N1O1O2O0O1O100O10000O101N1000001O00001O0000001O001O0010O01O10O01O100O001O100O1O00100O1O002N;C6Jk^cn1
20130530133654Bh_14,mToY14ko13N1O10O3M10UONgQN2Yn1Ok02O051I4L4N0O0O101N3N1N2O00001O1000007JN001L4M2O2N1O1O20000000kPNBgn1>UQNDln1=PQNDRo1d02N2M3N2001N0102_ObPN:bo111N01O00010O000O101O00001O00001O0001O01O000000001O0001O2N1N3L6KShj`2
20130603063154Uh_0,Y^[P25jo12N2O2M2O2M3N3M6J5J4M2N1N3N1N2O2N2NkNdQNg0[n1WOmQNd0Rn1[OSRNc0km1\O[RN`0dm1^OaRNa0^m1]OeRNb0]n1002N001O1N101N10000O2O01N2O4L1O1000O001N10010O00O3N0000O000000000000000000O1O0M4M3O1N2O1O1O1O100O1Oi_Pk1
20130603063154Uh_1,PfP_21oo12N00001O001O1O1O1O1O1O2O0O100O010O01O001O01O01O00000000000000000000000000000000001O01O00010O0001O010O1O1N2O2LcY_]1
20130603063154Uh_2,_clV3:co15N1N10O10000O10000O100O10000O101O00000O2O00001O1O1O1O001O001O012M05RPNLfo19M3N001O1O1O0O1000000O100000O10O10000000000000000001O01O00001O00001O001O1O001O100O1O1O001O1O1O001O10O0000000001OO1O1O1O1O1N2000000O1000001O0001O0000001O010O1O10O01O100O010O0010N1O1O2O0O101N1000001O000000010O01O00100O2N100O010O0000O101O00000N2O1O1O1O10O01000O1000O100O1KdPNF\o18601O2MQ\W>
20130606133454Bh_0,c_iV18go12N2O001O001N101O00010O0000001O00001O00010O0000001O00010O00010O03N0O0O2N3M3Lkog0K[PXO1000000O1000000O100O10000000O1O1O10B3;3XPNIao1<O100O000001O0O2O000O2O000000010O000000O10000O100O1O2M2hPNAnn1a0PQN@on1b0mPNDPo1=oPNCQo1g0O1O1O1O1O10O011O2N1O000O1O1O1O1O1O1O0O101N101N2O0O1O100O1O1O01N1O010010O1O000010O00010O010O0001O100O100O1O10000O100O101N101N101Mi`f^2
20130606133454Bh_1,f]Qe0;`o16WN0\SN4`l16USN0hl16mRN1ol1b1L4M3N2N1M4L3M2M4KRNoSN7nk1JZTNNhk11_TNFdk19cTN\Obk1e0aTNnNik1P1c1N3K5L4M2N2M4O10O0001O101O0O10001O010O0100000O100O2O00000O10O0100O1O1000O1000O10O10000O10O10O0010O00010O0010O0010O01N10O2O00010O00O2O0000O100000O2N0100000O0101O001O0010O0100000O0101O0000001O1N2O2MggbS3
20130606133454Bh_2,md``25io13O0O2O0O100O01000000O10001O000010O01O0010O0010O01O010O001O000000010O000001O010O0001000O01000O0100O010O010O010O00010O0010O001000O0100001O0O2O001O100O002N3M2OO3M3M0O2O0O1O1O1O1OdYmY1
20130606133454Bh_3,V\WZ15jo12N2O000O10000000000000000000000O1000000O100O100O100000000000000000010O0001O001O1O1O001O001O0000000O2OO10000O10O0100O000O1N200000O1000000OO200000000010O0010O010O01O010O100O0010O000000000O2M2O100O1M1011O100N11000O1O0O2O2O0O2N2O2Nieb^2
20130606133454Bh_4,ScXg08fo15K4M2N3N2N1O2M5L5JRO\QNe0_n1\OeQNd0Xn1[OkQNe0Rn1[OPRNe0nm1[OURNd0im1\OYRNe0dm1YOaRNf0^m1YOdRNh0Zm1VOjRNj0Tm1UOoRNj0Un1O3L2N2N4K4Jj[SW3
20130606133454Bh_5,e`go29do15I7C<L4N102eQNiNhm1Y1VRNjNgm1X1WRNkNgm1c0VRNA1Mhm1`0\RNCH0jm1=aRN2Zm12gRNMUm17kRNKRm15PSNKol15QSNLml15TSNLil15WSNMfl13[SN0`l11bSN0Ql17STNJkk12ZTN0dk1L`TN5^k1JdTN7[k1GTTNXOGQ1Ul1EVTN\ODn0Wl1CYTN^ODj0Tl1EZTNAJb0nk1F^TNHH=]m1ChRN8Ym1GmRN2Vm1L`100O1MV_Rn0
20130606133454Bh_6,cefV33ko14N1O1O1O01O10O10O10O10O10O1000O1000O10000000O1000001N20O0010O01OO3KcYSg0
20130609133454Bh_0,T\a^24lo11O0O2O0000001N10000O010O1O001O001O1N101N2N2O001O00100O101O001O0010O01O001O0001O000O10000O100O100O100O100O10000O1000000O10O10O10O01O100N102M2N2N3Mbdj\1
20130609133454Bh_1,]P_b01ko18K3N1O1O1O001O1O1O0O2N1O2N100O10001N10001O1O001O100O10QOQQNk0Uo1M010O000000001N01000O01O0N102O01O1O10001O101N2O1N100O100O2N3M8FVofY3
20130609133454Bh_2,[`mW27ho11O2N10000O11O000000000001O0000000000000O1000000O10000O101O00000010O00001O001O1O001O001O00000000001O0001O0000001O0O2O00001O000000000001O001O001O001O001O001N100O101N1O__jb1
20130609133454Bh_3,hfZd05jo16J8I4M3M11O4L1O000O001O00000010O01000O1O10001N110O00100O2O2O3M7I5I10N3Oc0[O4N0000O2NN3MhUmX3
20130609133454Bh_4,h^kZ13ko13M3M4L200O2O0O10000O1000000O1000001O00O10000000000O1000000000000O10000000O1000O10000000000O10000000O01000000O10O010000O10O10O10O10O01O100O001O10O01O1O100O0100O1O1O2N1L6Jco35TPL9J5K6L3O10O1N3L4Lf0ZOVo50kPJ3M3K4N3N1O11M3M]o?HlP@3M2N2N1000O1O1O0000M4OO1O1001O1O1O1000O1O2N2M6Kho9OZPF0O1O12N[o=7]PB3M2N1O1O101N01O01O010O1O010O10O10O1000000O0100000000O100000000O1000000O10000O100O100O1O100O10000O0100000O10001N10000O100O10000O2O2Mho50XPJ2O0O2O000O10000O10000O10000O10OO2N2O1O10O0100O100O0100O1O10O0100O10O1000O010000O10O10O1O10O10O1000O10O10O100O10O01O1O1O100O1000O10O100000000O0100000O0100N1O200O010O01O010O1O10O10O10O1000O0100O100O1O1O010O10O10O10O010O10O01O10O0100O10O0100O01O001O1O00100O0100O010O1N2O1O1O0010O001N1O2O10O010O2L3N2N2O2Nco76TPH6K3O1O1O0001O00O1000O11O01O0100O1O02N2N3M2NVi`k1
20130609133454Bh_5,i^ei04ko12O0O2O00000000001O00000000000000000000000000001N1000001N101O00000000O001O01O1O10O010001O0001O100O1O100O1O0O100O1000O010O1O010O1O10O01000O010O001O010O0001O010O01O1O001O1O1O1N2NiahP3
20130609133454Bh_6,i`Re23lo14M1O1O00001O001O001O000010O1O1010O0001O001OO2O100N3N00000O10O010O010O010O10O01O1000O100O100O10O010O010O001O1O1O100O100O1O010O0100O010O010O010O2O000O101N2O1N2O001N2O001N2O1O0O01O1O10OO101N101N10001O001O1O1O2O0O101N100O101N1O010N3N1Oi\cS1
20130609133454Bh_7,a^iZ18eo12^PNH]o17fPNIYo15jPNKUo13oPNLon13SQNNln12TQNNln11VQNOin11WQNOin10XQN0hn10XQN0hn10XQN0hn1OYQN1gn1OYQN1gn1OYQN1gn1OYQN1[o1000001O00O10O1000oo30]oM0dPN00000000000000000_PR10aomN0O10000O2O000O10000O10O100O010O10O0100O1O1O010O0000[O2YQNNfn15XQNLfn16VQNMin17QQNLnn1c000:G1N1O2M2N2NnNI^RN5cm1M[RN3cm12YRNNfm17VRNIkm1l0_QNSOcn1U1000O1QO\QNb0en1]O^QN>dn1B_QNITo14>N1000O3N2O4K00O10O11O0000O04M2M3N100N10FOfPN1Yo11fPNO[o10ePN0[o10ePN0fo1OO1O1010O1O1Oco70iPF0Yo12dPNO\o16_PNJbo191O010O101N1N4KQed[2
20130609133454Bh_8,jcXX32lo14M2O1N2O1O001O100O0010O10O0100O010O1O1O10O01O010O010O0010O01O01O010O001O010O00100O100O1O100O010O10O1000O10O10O0100O010O1O010O1O00010O001O010O01O001O010O1O1O001O1O1O1O2N1O100O1O100O0100000000O10001O00001N10101N0000000001N100O010O2O0O10O02O0O1O10O010000O01000O10O2O000O101O0O2O1N2N4L3M3L5KWYe>
20130609133454Bh_9,Q^lY18fo14N101N100001O0O101O0O01001N100O1O0100O010O1bPNMnn14oPNOon1b000O001O01O0010O01O2N2N102M2N101O1N2O0O10001N010O100O10O0100O1O010O0100O0100O0100O1000000O010000O010O1000O1000O10O10O100O0100O0100O1O010O001O2Mb_S`2
20130609133454Bh_10,nin]11no1201O1O1N2N10001O00000O101O2N3M100O01O0O101O00010O0100001O0O100O10O100O100O100O01O0O2N2N2MXTU_2
20130609133454Bh_11,_jPS18eo15K3O0hQNFkl1:SSNJjl17VSNJhl17WSNKel18ZSNJbl1:aRNLMO`m1i1N1O1O100O000O2N2001N2O1N2O1N2oM]RNa1gm1[NdRN[1Vn1^OdQNVOdn1a0m0_OaUUk2
20130609133454Bh_12,PWcV14ko19H6K4L1O010N010O10O01O100O1O@oPN1Qo1MSQN2mn1LWQN1in1OYQNOgn10e0O2NhhPh2
20130609133454Bh_13,X_hm25io14L3N2O1O001O001N101O0000000O1O10000000000001O1O1O0O101O001O001O1N101O1O1N102Lf`go0
20130627063134Lh_0,\dXR26io1101O0O100000000000000000001O000000001N100000000O10000O01N2O1000O10000O100O1O101N100O1O10O10O01O001K4O2O10O01O010O001O100O1O100O100O10V\_i1
20130627063134Lh_1,hZQX2:in15`QN3]n1j0NSOfQN6Xn1EoQN>lm1AVRNb0fm1[O]RNf0bm1XOaRNh0]n10001N0000002N2N0O101O2N1N2N100O1O100O000001O00000000000O2N1O1O1O2O0O1O100O100O100O100O1000000O1000000O100000000O01000O1000O01000O10O10O01O010O10O010O010O10O10O01000O1O010O010O0010O000O1010O0000000010O01O1O010O10O10O10O01O010O000000O0002N2M3L4L4O2Mief_1
20130627063134Lh_2,he[Q28go12O001O001O001O010O101O00100O1O4L1O00O100O01O001O001O00001N10001O0000010O01O1O001O1O1O001O010O1O000010O0O101O0O101N101N100O10EmPNISo16PQNHPo18QQNGon19QQNGon18RQNHon17RQNHQo15oPNKVo1OkPN1Wo1MiPN3Xo1LiPN3bo100O2OPYli1
20130627063134Lh_3,`WiP36jo11O1O100O102M101OO1000O10O00000000000O10000000000001O001O001O002N2N4L1O000O1O10O0O1N2O1M4N2M3N2M4M`hRl0
20130627063134Lh_4,PejR13lo1100000001N1000000O100O100O010O10000000001O0000100O2OO010O010O010O000010O0001O0000001O01O0010O00010O010O010O010O01000O10O10O100103L2N00O2OO10O100O10O01000002N1O0O1000O2O0000002OO00001O01O1N10O10O010O0001O001O000O101O00001O0O2O0000001O00001O00001O000O2OUYWe2
20130627063134Lh_5,j[WV11no1101O0O100000000000000O1000000O100O00100O100O001O10O01O00001O001O010O001O01O01O001O0010O0001O000O1001OO10O1O1000O001O1O1N101@@_QNa0an1>1O1O2K5N`f^e2
20130627063134Lh_6,kkPP12lo14N2N001O10O01O01O01O00001O00000O10000O10000O01O1O1N2O1O1O10000O100000000O1OYTam2
20130627063134Lh_7,eeTW32mo13M101O1O000010O0001O001O01O0001O01O01O010O00010O01000O010O010O100O001O10O01O1O2O0O10O010000O10000001N2O2N001OO100O100O100N2O1O1O1O1O13N104K000O2N00011N00000000O101N1O101O0O2OO2N102LXXSc0
20130702070714Th_0,Xb\k05jo12N101N1O01000000000000O1000000000O1000000000001O1O1O1N2O001O001O001O000O2O001O1O1O001O1O000000O10000O101O000O10000O101N1O1O1O1O100O101N101O001O001O0010O010O010O1000O1O1O2N`]Uo2
20130702070714Th_1,nXWf0<_o1:G7K5K5K4M3WOfNfRN_1Um1gNeRN\1Xm1hNdRN\1Ym1h0N4K4L4M2M4L2NVN`SN8^l1EkSN6Tl1I[TNJdk1]O^SN5U1:[k1AdSN1T1=Wk1@iSN1T1<Rk1BlSN0Z19hj1FoSN0\1:dj1ERTNN\1=aj1DXTNI[1c0[j1D]VN<bi1D_VN=`i1AbVN?^i1_OcVNb0^l1001O1O0001O5L0N2O1O0O100O100O100O1O1O1O001O1O1O3L^dXV3
20130702070714Th_2,fijf22mo12O1O1O0000100O010O010O010O00100O100O010O10O010O0010O010O01O01O010O010O1O10O02O0O1O01O000000001O0O10000000001O000000O10000000001O0O100000O001OO2O1N1M3O10O002N2O1M3M\VoS1
20130702070714Th_3,jeTc15io13N101O00010O0000010O00001O00001O00000O2O00000O10001N10000O10000000000O101O00O2O000O100N2O2N100O1O2O000000001O000000000000001O0001O00000000000001O0000000001O0000000001O000000000000000000000000000000O100000000000000000O01000000000000000000000O1000000000000000001O00000001O01O000000000010O0000001O0001O0001O000000000010O000001O00O10000000000000000O10O100001O00000000000O101O000O2NQZoP2
20130702070714Th_4,VZmg12lo14N1N10001O00000000000001O00001O01O00000000000O10000O100O10O010000O10O1O010O001O1000O0100O01000O010O00001O01O000O10001N10000O00100O01O10O11N1O1N3O1N3MPgZS2
20130702070714Th_5,eaQm22lo12O1O1O10O01O1O1O1O0O2O100O010O010O001@FXQN;fn1`00010jNVOUSNj0kl1XOTSNg0kl1]ORSNb0Pm1_OoRN`0Qm1ClRN;Wm1GeRN6am1MYRN0lm1n05N4K6K6J3M3M5J8I7Hj_\P1
20130702070714Th_6,QZUT33ko12N2N1N3N100O10000000O010OO2N101N2N100O01N3O00100O010O100O0001O11O001N2O1O1O1M3N2NlgVi0
20130702070714Th_7,eUkd25jo13M2N1O2N10O01N2I6O11M3M201N2O01O00000O2O00001O0O1DAWQN`0in1;010O01001N101O1K6K5L3M3M2O2N1O2N1N`kZX1
20130702070714Th_8,S^UQ2j0To16J6K6J;^QNaNom1l1K3N2N2N3M3M]NdRNg0Wm1VOnRNk0ol1ROUSNP1hl1iN_SNY1_l1dNdSN1Ce0gl1YOfSN0Kd0]l1[OiSNO4?Sl1@jSNO;=ik1BnSN0=<dk1D`UN<^j1DdUN;[j1DhUN;Wj1ClUN>Rj1CoUN=oi1@VVN?fl11O1lL^OgVNc0Wi1\OkVNd0Xl11O100O1O10O2O6J3M1N2O1M3N\^Tl1
20130811121434Ch_0,fTgk12lo13O1O001O0010O01O001O010O00001O000010O0001O000010O01O010O0010O0010O01O001O010O0010O00010O0010O00000000001O000000000000001O00000001O00001O001O001O001O0000000010O00001O001O001O001O0010O01O000100O010O010O10O0100O0100O001O1O3K\jXm1
20130811121434Ch_1,ib[_11oo12M2O1O1N2O1O0O2O000O101O000O1000001O000000000000000000001O000000000000000000000000000000000000000000000000000000000000000O10000000000000000000000000000000000O1000001O00000000000000000O100000000000000000000000000O1000000000000000000O10000000000000O100000O10000000000000000O10000000000O100000O10O100000000O100000000O1000O010000O10000O0100000O1000O10O10O10O10O01000O0100O10O010000O01000O01000O010O01O01O010O10O0100O01000O010O10O10O010O01O10O010O010O010000O01000O010O100O010O10O10O01000O01O100O001O1O100O1O001O1O100O00100O10O01O1O10O01O1O1O001O1O1O00100O1O10O100000000O0100000O1000000O10000O10000O100O100O100O100O10000O100O1000O010O00010O001O010O0010O00010O010O01O001O1O001O001O001O1O001O001O010O1O010O001O00001O001O0001O01O0010O01O010O001O000000000000000000000010O01O01O01O000010O00001O001O001O1O010O100O1O100O1O00100O1O1O1O1O100O1O10O10O1O010O010O0000001O001O001O00100O001N2O0O101N1O001O001O0001O001O20O1O1O1N2O1N3L4Lho;EfPD2M20MPcZc1
20130811121434Ch_2,Xa_R15io13M3N1O1O100010O0001O00000000O2N001O01000O01O10O0100O010O001N2N101N2000O1000000O101O0O100O1000O0010O01O100N101O1O10O2O0O1O2O0O2O0O2O0O100O1000O01000O01000O0010O000000001N101O0O2O0010O101O1O001O1O02Jn_Xg2
20130811121434Ch_3,a^Wn07h0OBOnm1=RRNc0am1^1]O8L4L3N2NeMUSNb1jl1RNjSNk0FYO`l1IRTNd0G@Vl1HdTN9YONim1M\RN2jn1O1O2L5Ld^hP3
20130811121434Ch_4,VZgb29b04Rn1R1H7I7I6I7N@aRNaN_m1Y1g0XOh0\OSQN1Ro1JWgb\1
20130811121434Ch_5,gdjT22lo13O001N10000000001O000000010O00010O0100O10O010O1O10O01O001O00100O10000O100001O0O011O00O0101N10O10O10O10000O011N100O10000000O100O10O01O00010O00000010O0010O01O00010O000001O000000001N100O2O0O2NQZUe1
20130811121434Ch_6,blPW39eo15K3N2N3M2O1O1O100O10O10001O001O00001O01O000O2O00O01000O2O0O100O2O1N6K2N0001O000001O00001O0O1000000O2M2O2Moo95loE3M3N2O1N1O2O001N010000O0010O01N101O0HcPNM^o1OoQoc0
20130811121434Ch_7,_ij^14ko12O1O001N100000000O10000O100001O00001O00O100N3M3N2O0010O101N4M1O001O000001O0100O10O10O00100O00100O0100O01O0O2O1N100O100O10TUY]2
20130825141154Bh_0,eWQj21no12M200O10000O010O01000O100O10O01O100O1O100O00100O001N10000O1O2^OHXQN:dn1c0O0010000O01O2N1O10XORO_RNl0dm1VOXRNk0hm1YOSRNg0om1a04N2N2N2N2N2M3N2N2N2N2M3N2M3M3M3M3N3M4KPkjQ1
20130825141154Bh_1,\aVh27io12M201N2O001O00000000001O002N0O2O1N100O1O00010O01000O1001O02O1O1XQNWOUn1l0aQN]O^n1S12N2L2O1O1O002M203L7JO01000O100O100O01O1N3L3L8DQ\UT1
20130825141154Bh_2,_foQ18fo14K3O2M2O1N2O1N101N2O010N1O1N2N2O00100J6M3M2000010O1000O100O2M2O1O1000000O2M2O1O2N1000000O1O1O100000000O010O0010O2O001N10000000001O010O001O1O010O001O000O110O00001O01O000000001O001N2O001O1O001O001O1N11O01O010O0000100O0001O001O001O001O000O2O0000001O00001N10O10000010O01O1O1O1O1O100O10O01O100O1O1O10O01O100O1O010O000000O1010O01N100O2N1000000O101O0O10000001O001O1O1O0O2O100O1O101N1O1O1O2N2M4M5Km^ha2
20130825141154Bh_3,jh`i07do19J4L2N101O1O0010O10000O10001O0001O001N2N3M2O2N]OVQN1`o1M01O00000000000000001N101O1O00O0101N10000O10O010O1O001O0O2O1O001N2O1N1O2NVVcR3
20130825141154Bh_4,TkPP26io1101O000010O0001O010O010O010O1000O10O1000001O0000100O0100OO11000O00001OO10001OO02O0O100O10O0100O001000O001O01O01O000O101O000000000000000O1000000001O00010O01O010O10O00001O1O2N2M[S]j1
20130825141154Bh_5,b\gm21no12O0O1N2O2N10O01N2O000O1O2N1O1O1O1O1O1N1O100UOJkQN9om1m0O1011O0N3M3O0O2TOk0M4O1O10O010000O011O0000000000000000000000000O101O00001N1000001O001O010O0010O010O1000000O10000000000O1000000000000001O001O001O1O1O2N1MUgPl0
20130825141154Bh_6,__Qj03lo14L3N1O1O1O010O00000001O00O01O10O100N1010O01O000O2O0D=M201O10O1O1O2N1O10OO2OO0ZO[OTRNe0jm1AQRN`0om1AoQN`0Qn1AoQN>Qn1CnQN=Qn1EQRN7om1JSRN3Rm1LlRN230el1a0oRNA=Lbl1^1_SN_Nbl1a1`SN\Nbl1c1cSNVN`l1j1l0N3`NQRNj0gn1J8H6K5JkbXR3
20131027185354Bh_0,calY21mo13O0000001O0000000000001O00000000001O00000010O000000010O0001O010O00010O100O00100O0010O01O010O00001O010O00010O0010O010O0010000O010O10O0010O0010O010O0010O01O01O01O0001O000000000000000000000000000O101O0000000000001O0000000000010O00000001O0010O00010O00010O0001O01O01O010O010O0001O01O01O01O01O001O0010O0000000010O0001O1O100O3M1O1O100O1O1O001O000001O00000O2NV]Q[1
20131027185354Bh_1,nbYd15fo16A>N2O1O1O1O2M3M3M4MAfQNZOXn1c0d0N101O1O0O2N2N101O2OO0100O1000O01000000O01O10O01000000O01O1K6M]_nX2
20131027185354Bh_2,Tamg28go12M4L5J4M4L3K<A9H7M3M3L3M4M2N2M3I6K6M3N1O101O01O000O1O101N2O001O1O2O0O2N2O1N2O001O1O001O00001O00001O0001O0000000O10O10000000O1O100O010O1O001O1O0O2O1N1O2O1O1O1O1O1O001O00001N1O1K6G8NZNoSNBPl1?RTN_Omk1a0WTN\Ohk1e0ZTNXOfk1h0]TNVObk1k0`TNRO`k1o0bTNoN]k1Q1fTNlN[k1T1gTNiNZk1W1hTNfNZk1Y1hTNdNYk1\1lTN\NXk1b1c1O2N2N2N2M3N2O1N3L4L4L4M3L4M4K4L8Iab`P1
20131027185354Bh_3,fdXh26io14M3La0@2N1OO2O00001N2J6K4O2O1O1N2O1O100O010O11O0O101N2O3M1OO010O1O10O01O1O001O01O01O0001O0010O01O010O100O1000001O1N2OO010O10O0001O001O001O001O010O10O2mPND_n1?VQNJhn1h000O01N2O0N3M3O1N1O2O1O001O10O0100O10000O10000O2O1O0O101N101N1O2N2M3MoXgP1
20131027185354Bh_4,UUSP31mo16K2N2O1PQNFWn1;fQNIXn19eQNHZn1:dQNH[n1;`QNG`n1k001000O001OO100O1NO2G;O2K5J6LPl\n0
20131027185354Bh_5,XdPc03lo13N2M2O1O1N20O01O1O10O01O0010O100O1O100O00100O10000O10O01O10O1000O0100O01001^PNMTo1d0L000O1001N9H2N000O01O01O01O000000000O100O1O101N1O1O1O1O10000O1000000000000001O0000001O000000001O0000000001O001O0010O01O01IlPNASo19SQNGon14UQNKln12VQNN^o1001O0000001O001O00001O0000010O00000000010O00000O2O000O10001O0000000000000O1000000O1000000O10000O10000O100000001N100001O00100O1O1O1O2N2O0O1O001O0010O0001O0001O000001O000000001N3LcYmP3
20131027185354Bh_6,[Ui\32mo13N1O1O1O001O001O00010O0001O001O00000000O100O10O01O00001O001O1O001O1O10O010O100000000100O0100O1O001O1O001O001N3Lijd?
20131027185354Bh_7,^Q_W21Vo14]QNNbn12\QN0dn10ZQN1gn1OWQN3hn1NVQN3kn1MUQN3jn1MVQN3jn1NVQN2in1OWQN1hn10WQN1hn10WQN0in12UQNOkn1c000000O101O0O2O0O2O000000000O2O010O001O3M8I0O01O1O1O00000000O100O1O1O2M2OPo\e1
20131027185354Bh_8,Z\Y\17go12N3M1O10N1O11O1O1O1O01N1N3O001O1O2O1O1O1O1O1OddVb2
20131027185354Bh_9,jV[f25ho15L1O1N20N10O100010O1O2N100O1O100O101O010O0010O010O0100O1000000000000000001O001O001O0OTjlV1
20131027223034Lh_0,dddi24ko12O1N2O2N101N1_PNJWo1`0OKiPNAWo1<9N2O001O0000100O010O100001N10O100000O01000O10O10O10O01O1O0010O01O0010O0100O010O10O0100O1000O010000O010000O100O001000O10O100000O3hPNDgn1l0N10O10O0100O00001O00000O2O1O0O2O1O2N2N1O100O2N1O100O2N1O1O1O2N1O1NWYao0
20131027223034Lh_1,dPkW23lo12O0001O0001O00000000000001O00O100000001O0O10000gPNLfn14YQNNfn11ZQN0gn1OXQN3gn1LYQN5]n1J\QN166^n1KYQN086_n13`QNN`n13^QNNbn14[QNMen1g000000O2O1O1O1O1O1N2O1O1O1O2N2N1N3N2N1O00000O10000000O1000000O01000000O100O2O000O1000000O1000000000O10000O100O1000O10000O101NVoRb1
20131027223034Lh_2,ibee13ko14L2O2L4N3K6K9F6K2N3M2O1N2O1O1OTOQRNInm17YRNCfm1=^RN@am1`0bRN]O_m1a0eRN]OZm1b0S1M3M3N2N3M2O1O1O2OV^\X2
20131027223034Lh_3,ibeh2=co11N101O0002O1N1O2N001O00001O0000QN0nSN1lk17QTNIlk1>PTNBmk1c0QTN]Ojk1j0TTNVOck1U1[TNjNYk1e1eTN[NTk1m1kTNSNRk1Q2mTNnMRk1W2kTNiMTk1Y2kTNgMSk1\2kTNeMTk1]2kTNcMTk1^2mTNaMRk1`2nTN_MQk1c2PUN\Mnj1f2RUNYMnj1i2RUNVMmj1k2SUNUMkj1m2TUNTMkj1m2UUNSMij1o2WUNQMhj1P3YUNoLgj1Q3YUNnLhj1R3YUNmLfj1U3R100000000O101O10O0100O00000O2O0001O1O1O1O1O1O1O1O2N001O0PTNRMnj1n2oTNUMQk1k2nTNXMPk1h2nTN[MPk1f2nTN_Moj1`2nTNfMPk1Z2nTNjMoj1V2RUNjMnj1R2WUNmMhj1o1_UNoM_j1Q2dUNnM[j1P2iUNnMWj1Q2lUNlMVj1R2PVNgMRj1X2UVNZMSj1e2d10000N2O\MXMSXNg2kg1_MQXNb2mg1aMRXN^2mg1fMPXNZ2Qh1hMmWNW2Th1kMjWNS2Wh1QNfWNl1]h1WN`WNg1ah1[N]WN`1fh1YNeUNNP1o0Vj1ROmTN6c0e0dj1UOkTN9<`0kj1VOnTN<1>Qk1VOQUNa0C:^k1UORUNV2oj1jMSUNS2oj1lMRUNR2Pk1mMSUNo1oj1PNSUNl1Qk1QNRUNl1Qk1mMVUNQ2^l1M4M2N3K4N2M3N3L3N3L3N2M4M2N2N3M3L5L3I8HbbTo0
20131027223034Lh_4,hmba25ko10O2O001N10000O2OO01O10O010O10O01O100O010000O010O100O001O0010O010O100O1O1O1O1O1O2NgRi[1
20131110185354Bh_0,SilV32lo17K0O1O1000N2O00001N1N21O1O1O1M3fN0aRN3]m11_RN2_m11]RN0cm14WRNOim17lQNNSn1P10O1N2O1N101M3N2N1O2N2N101N1O1O2O0000000O1OTOXObRNi0]m1[O_RNf0am1^O[RNa0fm1l01O0O100O1O2M200O1OO1B\NaRNf1\m1?0010000O010N2N2N2O2N100O101O0O2O001N2N2N2N2N1O3N1N2O1N2O2K4L4K5L5L3O3L5Ia[Sc0
20131110185354Bh_1,e[]j01mo15L1O2N1O100O100O1000000O010000O00100O00001O0010O010O01000O010O10O0100O000001O01O0000000O1N11O1O2O1O001000000000000001O001O1O1O1O00001O01O001O00001O001O1O00001O1O00000001O000O100O10ODKkPN9So1:00OO2N110000N100100O1N1K6N3O0N3N2N]fdn2
20131110185354Bh_2,T_Sl13lo12N1O101N101O0O10O100000O01000O10O01000O010O100O10O10O10O010O010O01000O00100O0010O01O0O2O001N1O2N1001O00000N2O2O001O001O010O1O010O1O010O00010O010O0010O1O0000001O010O001O0O11O01O010N11N10010O0000000O10010O000000010O010O010O000010O10O00100O01000O010000O10O10000O10000O01000O1000000O10O1000O0100O010000O010000O10O0100O010O00000100O2M3Mfc^i1
20131110185354Bh_3,Rl^g2d0Zo15K5K4M4K5L3LSOkQN5Rn1IURN5hm1J^RN5^m1JiRN3Um1JPSN6nl1HVSN8il1D]SN:Vn100O1O1O1O0O101O1O00010N020O0O010O01O01000O100O1000O10O10O1O1O1OhQeU1
20131110185354Bh_4,VbVT25go14L5N100O1O100O100O100O10000O10000O010O01O001O001O010O0O2O01O01O1O001O001O10O1O100O1O2N100O101N1O2N101N1O10O0100O010O0100O001O1O1O100O010O100O100O10O0100O10O010O10O0010O010O010O001O01O0010O010000O010O10O010000O100O00100000O1000000O10001N101O1N2O2N1N2O1O1N3N001N10O1O0O2L4M3O001O1O1O1O1O010O10000O100000000O100000001O0000001O0010O01O00001O010O00001O00010O00001O00010O001O00001O001O001O1O1O001N[___1
20131110185354Bh_5,ZcaV15fo17L3N2O1O100O1O02O0O1N2O1O1O00010O01O01O001O010O1OO1O1O010O100O10000O1000O1O1N20O01O10O0O2N1O101OO0000O2O2O001O0000O100O01O100000000O0O0100100O1N1O101O001N2O1N1O0101O0O1O1O10010O0O10000010OO1O1001O001O01O01O1O1O2N1O1O001O1M3L4K6K4N3L3H8E;K5M3F9_O?B=LK:J7N3M2L3O102ZNeSNH\l16kSNEVl18QTNDnk18YTNFfk15bTNI^k15fTNIZk15jTNIVk17lTNGUk17nTNGSk16RUNGoj16UUNCRk19\2N2L5JZeX`2
20131110185354Bh_6,`XSc0:ao18I6K5M3O1N2N22QO]QN;Xo1MO02O2N0O0100N110O0001N2O0O2N10O0100O001O01O00010O001O0O101O000O10001O00000000O100000000O01O01O01O0O100O1O1O1O1N2O1M2O101M2O1N3K21010OO2N4H9AdPN0agnW3
20131110185354Bh_7,o`cm23lo11O1N200O1O100O1O100O010O0010O01O010O1O010O0O101N101O1N101N101M2O101N101O001O0O2N0O2O10O10O101OO100O1O1O100O2O000000O100N1O101O10001O000001N1O2O00100O100O010O100O1O100001N10001O001N10000000000O100000000O01O1O1O001O10O010O001O010O0M301O0100O1O1O1O1O1O1O1O1N2O2N1O1O1O1O1O2O0O100O0010000O1000000000O10O1000000000O10000000001O0000000000000000001O0000001O1O001O10O01O1O001O1O1O001O1O001O00010O0000001O01O0000001O00001O00001O00001O001O001O00001O00001O001O00001O0O2N3Ljalc0
20131110185354Bh_8,UWme23lo12N101N101N1O1O1O10OO2O00O0100001O0O2M20001O001O0010O01O01000O01O10O010O0100O100O010O100O010O0100O100O1O2MkifV1
20131110185354Bh_9,WbnS24jo14M2N1OIaPNO^o1NfPN2eo1O000000000000000000000O10ko?0TP@0010O]O0WQN0[o11_OOTQN1ln1OUQN0]o11^OOTQN1mn1ORQN1nn1ORQN2nn1NQQN2on1NQQN3on1MPQN4on1MQQN3on1LRQN3nn1MSQN3mn1MSQN3ln1MUQN3]o1O0O10001Ooni10QQVN0O010O010O010O010oo10bP60^oI0QPN000O10O0100O10000O010O1O2O000000000000000001O001O1O1Ofo[1O[PdN0oo10QPN00000oo10QPN001O0000000000000001O000000000010O00000000010O0000001O01O01O0000001O00000000001O000O1N3O01O001O003LVP<0koC1O0XP:0goE4M2M3N0011M2NaP<O`oC3M200O01O2O0010O2O2L2N2O0O1O10O10001O1001M2O0O100O10O010O2O0000000O100O10O01O100O010O100O1O10O0001O010O00001O1O010O001O001O001O001O1N2Ob\oX1
20131110185354Bh_10,bQki2:_o1;G>E9H4L2M4M1N2NiNURNA86bm18X11O1N2N2O2O1N1M3K5K01N6N4M3M3M3M3KmP]T1
20131217192134Ch_0,Wb^e23ko14M2N100O1000000O100000O10000000000O100010O00000000001O000000010O001O1O001O01O01O00010O0010O000001O0001O01O00000010O01O0000100O001O0010O01O1O10O01O10O01O010O001O0010O0001O0000001O00001O001O001N10010O0000000000100O101N2O000000000000O100O1O1O1O001O1O1N2O001N10001O000O20O0001O01O00100O1O1O1O100O10001O000001O10001O00O01O1O2N20OO0O2Jn[UP1
20131217192134Ch_1,VjP`23mo10O2O2N2N1001O20O2M1N20O03N2M1N2O0010000O1OO101O1O1O00001O001O1O0000001000O102N4L6K0N1O01O1O2N3M1O1O1O1O2M100O2O0O100O100O100O10O01O100O10O100O010O010O10000O010O10O0100O10O10O010O0100O01000O100O010O1000O010O10O1O00101N0000010O01O001O000000001O00000O10000O1O1O100O10O010O00010O010O0O2O1O2M[RmV1
20131217192134Ch_2,R^kR39fo11N3N0O0001O01O002O0O2N1O1O1N102N101M3N2N2N2L4jMV2M3N2O0OO1ROjSNnM\l1n1m0M2mNQSNlNZm1j0S1N1O2N0100000O011N1O1O1O10O1001O00000O2N2O001N2O1O2O0000O10000100O10000O100O1N3N1N3Mdg\h0
20131217192134Ch_3,PkPT24X21XN1Yl1O[UN4WN2^l1LVUNj0kj1VOQUNm0Qk1ROmTNn0Vk1POjTNo0Xk1POgTNo0[k1SO`TNn0bk1TOUTNP1nk1UOhSNn0[l1CkRNc0Xm1Q12M3N2O2[O_RNfNem19YRNN=Cam11bSNJjPmj1
20131217192134Ch_4,Ye\a25jo13N1N3N001N2N2O00O10O10O1O1O1O10000O2O0000001O00010O00000000010O00000001O0001O000001O00010O00001O00100O001O01O00010N101N1010O1000O11OO100000000O1001O000O10000O10000000000000000O10000O10O11OO01001O000O2O000O4I[YQX1
20131217192134Ch_5,YoTm16io12O001O1O001O00001O0010O10000000O10001N100000O2N2N2M3NVPSQ2
20131217192134Ch_6,ea^m0:eo12N2O1N100O01O01000O0100O10O10O10O01000O0100O01O010O10000O1000000O2O0000001O0O101O001O010O001O1O00010O01O1O1O2O1N1O1O1O000000N2O1O1O2M_^Yn2
20131217192134Ch_7,oQek15jo10O2O000000001O000010O01000O010O01O1O1O001O1O1N2O001O0100O10O02O00001N2O1O1N2O2M2MdnfQ2
20131217192134Ch_8,jb\^11mo14L3N3M101N101O00001O0O1000001O000000010O0000001O00001O001O00001O01O01O0001O01O00010O00010O00010O00010O01O001O010O001O010O000010O0100O010O010O010O0010O100O2O000O100O1O100O101O1O1O1N2O000O100O010000O0100O01O001O0O2O001O1N101O00001O00001N101O1O1O0O200003MGePNM\o1OePN5Zo1EiPN=\o13M2N1O2O000O101O0O1000O010O101N2O2N2M3N000O1O10O0100O11O00O10O1O010O010O10000O100O1O0010O010O01000O0010O010O0100O01000O100O10O010O100010O01N010O10O00100O10O100O0010O010O0010000O0100O10O1O00100O1O100O1O010O100O010O00100O010O10O01O001O01O00010O000001O00hXcQ2
20131230192154Bh_0,W`ef15io13N101N100O1O001O001OO100000O01001O0O0101O0O0010000O1O10N1O2N2N3L2O200O0000O20O01O101N011O0010O01O001O01O01O1O001O001O0000001O001O00O1010O0O10O2O0N10101L3N2O0N4M1JWOVQNk0kn1UORQNm0on11001N101N1O2N2O1N2O1O2M3M3M2G]PN1PcVS2
20131230192154Bh_1,aXmm27go14M3L3M2N3N1N2O00J6M3N2000O2J5L5J6N2N2O1N2O0N01K5001001O100O100O1N2N2O1M201O010O001N1O1N3N102N1N2O1N3N2M[ihn0
20131230192154Bh_2,UeP\23ko13O1O1O1O001O10O10O10O10O10O10O0010O010O01O10O0100O1O101N0010O010O1O1O2N2O3M00O2O1N10O01O10O01000000000000O1000O010O010O01O0001O0010O01O0010O00001O01O0001O001O00000001O001O01O01O0010O01O001N2O1O[Yk]1
20131230192154Bh_3,YRkU19eo13N1O2N1O1N2O1O1N1O2OIkPNBWo1<61O010O1N2O10000001O1O1O2N1O2N100O100O10O10O01O0010O010O010O10O10000001N1000000000000000O1O100O100O010O10O010O1O10O01O010O1000O01000O1000O100000000O101O001O1O1N2O2MnnVd2
20131230192154Bh_4,lVoU23io18J3M2M2M2YOAiQNd0Xn1a01N2O1O0O2K4N2K4N3O1O1N1O3N0100O11N2N2N3N101O100N200O1O2Mbkhg1
20131230192154Bh_5,PklQ18ho11N1O2OO0100O010O0000010O0010O0001OO10010O1000O100000O100001O00000001O0000001O002N1O1O001O010O01O100O0100O01O0010O01O100O1O00100O0100000O10001N101N100O1000001O0000O201OO01O002O0010N1O1O0001O01O1O00O1001O1O000000O2O01O000001O0100O1O1O001O1O2N1O1O002N1O4K9H3L2O1O2N11OO10O2O2O0O100N1O1O10O0100O3M7I5K4L3NO01N1O2N1O2N100NaPSd2
20131230192154Bh_6,`Tkb14fo1>F5K5L3M2NXOZQN9dn1EdQN7Zn1IjQN5Tn1KoQN4om1LVRN1hm1O[RN0cm11_RNMam12bRNL]m15cRNK\m16W10O01000O0100O10000O10001O0O10000001O000000000001O00000000000010O000000010O0010O01O1O010O1000000000O100O100O1O010O1O002Nck\X2
20131230192154Bh_7,h[Sg0`0^o1:G4M5K5K2N3N1N2N1001O2O0O3M5K5K2M3N1O0001O1O00010O1O1O0O2O1O1N101N2O0O1O1O1O2N1O1O1O1O1O1O1O1O1O00100O1O10O0100O1`SNlNSj1S1kUNSORj1m0kUNYOQj1h0lUN]ORj1b0mUNASj1>kUNDUj1<jUNEWj1:hUNHWj18gUNJZj15fUNK[j14dUNL^j13bUNM_j12aUNMaj13^UNLdj15ZUNJgj17XUNHjj18UUNGlj1;RUNDoj1SOSTNk0l01Uk1nNRTNS1g0Nek14WTNMjk19mSNISl1R200001N100000001O0^MhSN[1Zl1aNlSN\1Ul1aNPTN[1Rl1bNSTN[1ok1`NVTN\1nk1_NWTN^1Xm1K6K4L3Kc0RO__fR3
20131230192154Bh_8,kVee11mo13O00000O100000000O10000O010O100N2N101O0O2N2O0010O010O001O2N1O2N10000O2O000000000000O1000000O010000O010O10O1000O10O10O1000O10O10O10O010000O10O10O10O01000O10O1000O0100000O01000O010O10O10O0010O10O010O010O01O0010O0001OO2O10O01O0010O01O1O1O1O10cjhR2
20131230192154Bh_9,cXW_23lo1101O1O1O00001N10O10000O100O010O1000O010O10O01O1O000O2O00010O001O001O01O1N2N2N3MPhV^1
20131230192154Bh_10,V\fl1<_o1:MK30O2N2O001N10O10O01O001O1O10000O1001OO100001O0000001O001O0000000001O1O1O1O1O1O001O10O01O1O00100O000010O01O010O010O100000000O10O000100O010O001N3Mio5NYPJ101N2O1O00010O2O001N001O00O100000MN72K01O0O20000002[PNMYo1>O001O0000O2N1O101N100O1O1O100O100O10000O1O10000O100000000O11O0000000000000000000000000O2O00000000001O00001O00000000000000O2O0O2N3L]cch1
20140118180214Mh_0,Rf`a25go18RQNIim1=QRNFmm1a0jQNCSn1V1N3N2O1O1dRNXN^l1i1[SNaNal1a1[SNcNdl1FPSN^16QOWm1n0`RNYOam1b14iM^RNi1mm100O10O\NVRNR1km1jN\RN415dm1C`RN229on1N101O000O100O1O010O100O1O001O1O3MQWS\1
20140118180214Mh_1,Zajm28go11O100O010O100O1N101O100000001O000001O00001O0O101O00000000000000001O0000000000000000000001N110O100O010O01O100O001O1N3N1N2Lc^Yn0
20140118180214Mh_2,a\[S31ko18K1N2N3N00100O10000000O100O1000000O100000000O010O01O0O100O01O1O110O0001O0000O100O10O10000M3N3N101N101O1O010O00001OO2M2O101O001O01O10O01O1O1N101O000O10O00K5N301O0001O000010OO2I7L3O2N2N2O2M3M5KVfbf0
20140118180214Mh_3,dSin2<co12N1N200O1N2YOBhQNb0Vn1e0N10N1NhMmNiUNQ1[j1PO\UNU1fj1lNWUNi0Wk1XOeTNh0^k1YOfSN`1\l1`N^SNc1el1^NXSN_1ml1bNPSNZ1Vm1fNiRNY1Ym1hNeRNW1]m1jNaRNS1cm1`05M4jNURN0Pn1L\RN@Pn1?i0O1000000O2N2O1Mlonn0
20140118180214Mh_4,VXi_19eo14N1N2O1O1N101O1O10O00010O1N101O0O100O1O0010O000O1O101AB[QN>cn1`0010O100O100O1O100O2N3N1N3N2M3N1N101O00001O00001O01O01O001O0O2O0NVhZ\2
20140118180214Mh_5,XPeV3:eo12M3M2M4L4K4M4M2N3N3N1N3N1O1O2N2M2O00gNlQNG5a0nm1F`RN8`m1FcRN:\m1EfRN;Zm1BiRN=Xm1AjRN?\n10O10`0_O=_QNgNam1o1N0O10O108G0O101N3fNQRN=mn1CVnjf0
20140118180214Mh_6,mW]i05jo15L4L4L3M5L4SQNWOZn1[1M5K0010O4L101N1O5J6J4L7I8H5J4K\fTU3
20140309170314Mh_0,ZRah0<_o1;I3M3M3N2N2N20O3O2M4M0105[VNmNnc1Z1d[NjN]d1X1[[NmNfd1V1T[NlNnd1U1nZNlNUe1S1hZNnN[e1R1aZNoNbe1S1YZNlNke1T1PZNmNTf1S1gYNPO\f1n0`YNSOdf1l0YYNTOkf1l0PYNVOTg1i0fXNYO`g1d0WXNCng1:iWNK^h12ZWN2lh1MlVN4[i1K^VN5ji1JQVN3Xj1McUNOej12UUNKSk15iTNJ\k16aTNIck19WTNGmk1>jSNBYl1f0[SNZOil1l0kRNWOWm1h12O1M4L4K4M4L4Lf0YO8I7J4J7I9FXiPT3
20140309170314Mh_1,^ScX29go12M2O2N1O1O1O100O0dPN^OZo10fPN`00AYo1OiPN>NCYo1OjPN=MD`o1:`PNGao17_PNIbo16^PNKbo14^PNLdo12\PNOeo1O[PN2eo14100O10O1OG[PN8do1H]PN8bo1H_PN9_o1GaPN;]o1EdPN;[o1EePN=Yo1ChPN=^o11O000O2O1N1000010O000010000O01O100O010O1000O0001O01O001O00100O000001OTSN^OZj1b0]UNEdj1;ZUNFgj1:WUNGjj1:TUNEoj19oTNHSk17mRN@l1:Yk15kRNBj19^k13hRNEh18bk12fRNHe16gk18WTNHlk18PTNIRl17kSNJWl16gSNJ\l15bSNL_l15]SNLel15WSNLjl15SSNKPm15nRNKSm17gRNL[m16_RNLcm16TRNOnm1P11N2YNiQNd1Xn1\NhQNc1Yn1]NhQNa1Yn1_NiQN]1Yn1cNhQNZ1bn1M3L5K5K4L6J;AjhRa1
20140309170314Mh_2,Yo`W33mo11N2O1N101N10001N10000O1O100O100N2N2N2000O1000000O101O001O1O010O1O1O010O010O100OfPNGmn1:PQNGRo1c01N2O1O1O001O1N101O00001O0000000000000000000O10000001O000001O0001O0001O01O00010O001O010O000010O000000001O000000000O10000000000O0100000000O1000000O10O10O1N101O1OO101JcPNF_o196O01O0001O0000000O2OcPo?
20140309170314Mh_3,P[]k11mo16L001N2O1O1O101N3M1O1O0001N10001O0O101N1000000O1000O1000000O010000000O0100O1000O10001N10001N101N2O1N1O1O2O0O100O1O001001O1O1O2M3[OePNa0^o1O000O2O0000000O10O1000000O1000000O10O2O00000O1000000O1000000O1000O10O1000O0100O001O10O01O10O010000O01000O1000O1000O0100O100O10O10000O3L^eVl1
20140309170314Mh_4,hSei14ko11N2O001N20OO10000O2O0O100N11OO11O01O01O10000O100O1000000O1O2O1N2O1NbmTT2
20140309170314Mh_5,]]YR32ko15M1O1N3N1G8O2000O011O1N102O0O1O0001O001O0O100O1O001O001O1O1O1O100O1O100O2N100O2N1O100O100O010O0100O100O10O01O0010O0O^OYQNNgn11[QNNfn12YQNNgn11[QNOen1MYQNGL>ln1F]QN<cn1D]QN<dn1C]QN=dn1A\QN?So1O1O001O100O1O1O1O1O1O1O2N_cdh0
20140309170314Mh_6,\ehQ27io11O1O2N1O1O1O101O10000O2N00000000O2O1N4K5KmYkl1
20140309170314Mh_7,W]ea15jo12O1N100O2O0O100O100O10000O010O100O00100O1O010O10O010O01O0010O00010O100O001O10O01O01O0N2L5N1O2N101O10O0100O0100000000O1000000O1000000O100O2O0O1O1O2O0O2O1M3L[oY2GQQfMO01N2O001N200O1O100O10O010O10O01000O010O100000000O0100000O100000001O00010O0000H]PN4bo1JdPN2\o1NdPN3[o1MfPN2Zo1MhPN3co100O10BNnPN1Qo1OaP80ooG00001O00001O0000000_PNNTo12lPNNTo12lPNNTo11>000000O100000O10O_PN0To10lPN0So11lPN0To10lPN0To10lPN0So10nPN0Ro10nPN0Ro10oPNOQo10PQN0on11QQNOon11?010O010O01O0010QPb00PP^O1QPNOko140O00010O00001OaPNNPo12PQNNPo11`0000000O100000PP40PPL00000000000000000000000O10O1000O10O1000O01000oo10[PL0\o10c00]O0:000O01000YPN0^o10bPN0^o10801000oo10^edl1
20140322200714Mh_0,`XUQ31mo16K1O101O000O10000000000O10000000000O10000O100O100O100O100O10O01O100O1O1O1O02O0000001N1000001O0O101O00001N10000O1000O01000O10O10O1O10O01O0010O0100O00000000O110O0010O000O10O100001O01OO2M10100000001O00000O100O100000000O1O1O1O01O1001O00000000O100000000000O1000000010O0010000O010O1000O02O00001O000O101O000000001N1000001O0O10O10O100O100O10000O01000O100O01000O100000O100000000O1000O1000O100000000000000000000000000000000000O10000000000000000000O1000000000O1000000000000000000O10001N3L\jj?
20140322200714Mh_1,YZce24jo14N1N2N101N101N101N10000O2O01O010O1O010O10O001O000000O1O1O100O001000O1O1O1O1N2O1O2O0O110O010O01O1O010O1O001O1O0O2O00001OO010000O01M2M4M3N1O100000M3O1O2OO101OO1N1O2O1O2O1O0O3N3KifjT1
20140322200714Mh_2,dR]n11no13M2N100O10000O1O100O1O1O0001O1N10100O0100O1O010O100O1000000000000001O00lVNGbb19]]NHcb17[]NKeb15Y]NMhb12U]N1kb10R]N2ob1Nn\N4Rc1Nj\N4Vc1Mf\N6[c1Jb\N7_c1J_\N5dc1KY\N6ic1IU\N8mc1HP\N9Sd1Fk[N9Xd1He[N8\d1Ja[N5bd1K\[N5fd1JX[N7jd1IT[N7nd1HQ[N8Re1GlZN9Ve1FiZN:Ye1EfZN:]e1EcZN:_e1F_ZN:be1H\ZN8ee1HYZN8he1IVZN7le1IRZN8ne1HQZN8Rf1GkYN:Wf1EhYN:Zf1FeYN:]f1EaYN<`f1E\YN>df1BVYNc0lf1\OmXNj0Tg1VOaXNT1`g1mNSXN^1ng1bNmWNb1Th1_NiWNa1Yh1`NeWN^1^h1cN^WN^1eh1bNWWN[1oh1fNnVN?TNXOWk19cVN<Vj1DgUN:_j1F^UN9ej1GYUN8kj1GTUN8oj1GmTN<Uk1DgTN=\k1B`TNa0bk1^O\TNb0fk1^OWTNc0lk1]OoSNe0Sl1\OiSNd0[l1\ObSNd0`l1_O[SN>kl1CoRN;Xm1HaRN7dm1MRRN5Sn1i03L4K5M4L3K8G8GZllj1
20140322200714Mh_3,]PWW22lo14M1O100O1O100O1O1O1O101O0O2O1N3N1O2N1O001OO1O0N3O1O100O00100000O10000O101O000000O10001N1O2O1N1O1O1O1O10O1O010O10O0100O00100O0010O010O00001O00100O010O100O01000O1000O10O100000O2O000O10000O01000O0100O0O2O010O1O001O10O010O010000O10O10O10000000O10000000000001O0000001O001O1O1NfPW`1
20140322200714Mh_4,h\U]11no14M1O1O1hPNKcn16YQNNfn13WQN0hn12TQN0ln1b01O1O1O1O1O2M2O001N101O0000000000001O000O101O000010O01O00010O00001O0001O000000000O10O10000000O10000O101N1O3N2N3L0100O1O100O2O001N11O01O001000O0001N2K5K6Jib`]2
20140322200714Mh_5,TfRV31oo13L2O1O100O0010O10O1O1O010O1O1O010O100O00010O000100O010O010O10O10O10O11O000O1000000O10O010O10O01O0010O10O01001OO1000000010O00000000O11O0000100N200O2O1O2O4J10O1N2N1N3M4KiWcd0
20140322200714Mh_6,fSee11Xn19RSNMjl19mRNKSm17eRNO[m14\RN1fm10TRN3Qn1i07I7I6I6J7H8H_m`Y2
20140322200714Mh_7,Vcj`2>^o16K5L3O2N1N2O2O1N2N1O1O00QO`QN?_n1@fQN<Zn1CjQN;Un1ElQN;Sn1EnQN:Rn1EPRN;om1ERRN:om1EQRN;om1DSRN;mm1EURN9km1FWRN8km1FXRN7jZe]1
20140322200714Mh_8,WdPW12no11N10O0100O10O00O2O0010O01O0000010O001O01O010O10O10O10000O10000O1000000O100000000000000000000001O01O001O11O1N11OO2O0O1O10000000O0100O01O100O01O01O001O0000000000O100000O10O1000000O1000O100000O1000000001O0001O000010O0001O00010O00010O010O0010O10O10O10O010000O010O011O00O1000O1011N000O10O10000O1O1LS[g_2
20140322200714Mh_9,lUcb0;ao16L2M4L3M2[N\OnSNa0Rl14iRN[O1`0[m1a12N201O2N2N5`N\RN3So1Cek\\3
20140322200714Mh_10,fZ_n15ko100001O00001O001O001O1O001O100O00010O01O1O00001O00000000000000O2N10000000000000O1000001O01O0010O0010O0010O0001O1O002N1O2N001O10O010O101N1O2O1N1O100O1O100O101N5K[d^l1
20140403081714Th_0,[aVe221Ojo12VPN0go11YPN2co18M2000000O101O000O_OdPN>\o1BePN>Zo1BgPN>Xo1BiPN>Vo1BkPN?\o100O00O2O010O00000000001O01O00000001O01O0100O1O0010002M2N1O101O3M2M10001000N100O101N3M1O0O2O2N100O001O1N100001O01O0O100000O1000000000O100O0100000000000O10O0100O011O01O00O010O10000O1001O00000O11O10O1O00000020OO1O0010101M1O1O02012L1O00N3L7J4L3LmXUR1
20140403081714Th_1,b]]h02lo12O101O000O2O0000001O000000001O000000001O01O01O01O01O0001O01O00000000001O0000000000O10O10000O10O10O0100O0O10010O0010O10O0000O100010O0100O0010O000000010O010O01O0000000000010O001O010O000010O010O0100O01O01O01O010O0100O010O0010O01O010O10O0100O1O1000O0101O001O001O1O0O2O000010O000001O010O0001O00001O00001O001O001O000O100O2O00000O1000000O100O10000O100000O10O1000O10O10O10O10O0100O00100O01000O0010O01O1O010O010O01O010O001O001O1N10100O10O010O10O100001O0O10000000000O10O10O10O010000O10O10O10O010O010O0100O1000O0100O1O10O0100O2O1NidXg2
20140403081714Th_2,jand14ko12N2O00001O0000001O001O010O001O010O000001O010O0010O0100O010000O010O01000000O010O010O1O00010O00001O01O01O0000010O0001O01O0001O010O00010O0010O0000010O00001O00001O01O01O00001O0001O0001O01O0000010O000001O0000001O0000000001O000000001O001O00001O001O0010O000100O0010O02O000O10O010O1O100N4Jl\UR2
20140403081714Th_3,WdfR32lo15L3N2O0O2O0O2O001N1O2N1O2N100O2N2O0O1O2O0O2O1O1O1O1O1O001000O010O00001N100O1O100O1000000O1O101N1000O101OO11O1O1O1O1O1O1O1O2N2N5L2M2O2N3M3M:F7I10N1N2N2K6E<H;E?B9EeXUh0
20140403081714Th_4,oXoW24jo14N00001O01O0O10O10O00000000O1N1O2M3L4M201O10001O000O010O100O2O1O1O1O1O2M2N2N2NI\QNUOcn1h0;0010O1O0O0C>M4N4L[ijd1
20140403081714Th_5,Z_cd21mo15L3L4M1O100O100O010000O100000O10O100000O10000O10000O1O1N2N2N2N101M3M3M201O1000O10O1000O1O2O0O1O10000O101O0000O10O10O10O0100O1O001O1O001O00001O001O001N1010O00000O2O00000O101N100001O0O010O010N2M3L3YOh0M3O1O010O1N101O1M2O2L4M2K6M201M20`N\SNFel19_SNCal1<dSN@[l1`0kSN[OUl1b0TTNVOnk1g0ZTNQOik1m0f1L3N3O1N11000000O10000000O010O100O100O2O0O1O2N101O1N2O1N2N6HkfjQ1
20140403081714Th_6,\SgZ24io15L3jMI^TN<]k1`0gSNDXl1f0[SN^Odl1i0QSN[Ool1l10N3]Ob0K5eN_RNOhm1KY1N3N1N3N1OjnTd1
20140403081714Th_7,^_ed22PP2Oao50]PL0`P40`o10QPH000000000000000000000oo50QPJ0kN6k012N\QNKcm14U1O1000000O101O00010O00RQNOmm11R1O00PQN0Pn10PRN0Pn11o00000O1000oo10io=0VP@1VQNOem12\RNNcm12]RNNcm12^RNNam12_RNNam12`RNN`m10aRN0_m10X110O0000XQN0bm10]RN0cm10]RN0gn30mnM0T12UQNNem14P13O1000O100O010N1N2MTQb00Po]O000O010O010Qo90RQF1XPN1\o14`cfS1
20140403081714Th_8,T[YT31no12N101M2O1O100O100O10O0100O0010O001000O010O100O010O0010O1O101N1O1O2LWPZ1OfoeN9H8I5N2N2N2O1O00001O001O00001N101N101N100O1O1O1N2O0O2O1O010O010O2O0O00010O10000O010O100N2N1O2N2O1O0010O100O2N1N3N1O1O1O1N2N2O1N3L3M4M3N2N2N3N1M4N5Heh`c0
20140403081714Th_9,Vffi02mo11O1N2O1O010000000000001O000_QNIYm17bRN1[m1ObRN7[m1IbRN<]m1CaRNa0]m1_OaRNf0\m1ZObRNj0]m1UObRNo0[m1QOdRNS1Zm1mNdRN8G7dm1@cRN8O7]m1BaRN587Wm1E\RN5c03Qm19USNDkl19ZSNDhl19ZSNFhl16\SNHhl10]SNO\n1NgWWT3
20140403081714Th_10,RZSX31imc21RR^M02Olo50UPJ001O0O20O1O1OkP>0ToA1O01OO2\ON[QN1hn12PQNOVo17gh^c0
20140403081714Th_11,QPST39eo14N0010O010O1O1O10O0O1O2L4L4L3O2N1O10O000O2N10O001N200001GQQN^ORo1>:M4L4LgPii0
20140410195814Mh_0,RVgg07ho11O1O1O1O001O00010O001O1N1O2M3M3M2O3L3M2N3L4M2[Oe0M3O2N1[OQNYSNn1hl1ZNoRNh1Vl1TNVTN_2ik1hMnSN[2Ql1k0O1NWOUTNbMik1Z2_TNcM`k1Y2iTNcMVk1[2SUN^Mnj1_2[1O001^NjRN9Xm1APSN:Rm1AUSN<ml1_OYSN>il1]O]SN7POESo13ZQNIbo30loMObkTU3
20140410195814Mh_1,[ZSh01mo13M3N10000O10000000000O1000O1000O100O10O1000O1000O1000O100000000O010000000O1000O10O1000O01dM<\TNDbk1c0XTN]Ohk1n0nSNQORl1W1eSNkNZl1Z1`SNgN`l1c1nRNfNQm1T21O0QNnRNQ1Rm1iN]SNn0dl1mNeSNn0[l1QOkSNj0Ul1VOnSNg0Rl1YOPTNe0Ql1YOTTNc0lk1]OXTN>jk1B^TN0gk10T201O00010O10O01O100O1000O1000000000000000000000000O100000000O10000O0100O100O1O2NVi\Q3
20140410195814Mh_2,ZQ]b16jo1001O1O001O100000O10001O0000001O00O100000000O2N1O2N3N1N2N5K4M00100O10O5K3N0O3N00O02O3M001O000O01O10O010000O100O2OO0101OO01O100000O2OO000100O010O1OO20O01O001000O01O100OO3M3M3KjjRX2
20140410195814Mh_3,djRa07go12O1O00000001O000010O00100O2O0O1O2M2O1N1000010O01O10OO2O0O10001O1O1O1O2N1O2N1O2NTV[\3
20140410195814Mh_4,TQo\35jo13N1O0O2O00100O0010001O4K3N2M100000O1O2M3N4K6G\n`a0
20140420195854Bh_0,heVW17go15M1O2N1O1O1O2N1O11N2O1N2O1N1O2O0O1O100O10O100O10O01O10O0000001O00010O000000001O010O00010O010O010O10O10O001000O00010O01O01O01O010O0100O10O0100000O011O00000O10O010O10O010000O01O1O1O2NbXQc2
20140420195854Bh_1,WoXf18co18L1N101O000000O100O100O1000001N101O00000O2N1O00100001O0010O0001O10O01O010O0010O01O01O00010O010O01O0010O0001O0O100100O001O100O100O1O00100000000001O000000000000O10000O100000000000000001O00001O000O1001N1O1O1O100O2O001N_RmR2
20140420195854Bh_2,YbZT34ko15K4N1N1001N3N000001O3M02O1N0O0100O011N3\WND^a1>^^NFaa1:]^NGca1:[^NHea18Y^NIha16W^NKka14S^NMoa11P^N0Qb10m]N1Ub1Ol]NNUb13l]NIVb18k]NDWb1<h6O2NaWNGWa19f^NKXa15f^N1Ua12h^N2Ua1Oi^N3Va1Mj^N3Va1Mi^N5Va1Kj^N6Ua1Jj^N8Wa1Gh^N9Xa1Hf^N9[a1Gd^N9]a1Gc^N7^a1Ja^N5aa1K^^N5fa1KV^N4ma1LP^N4Sb1Kl]N5Wb1Kf]N3]b1O`]N0ab12]]NMeb13[]NKfb18X]NFib1<W]NAkb1>U]N@nb1`0R]N]OQc1b0X[N[O[M1^g1e0kZNFmf1>dXNL^g16VXN2mg1NkWN7Xh1JaWN6eh1KUWN4Pi1LkVN5Zi1L_VN4gi1MSVN2Rj1NjUN0\j11`UNNej12WUNLoj14mTNIYk17dTNH`k18\TNHhk18STNIQl18kSNG[l1:\SNGjl1c15L4L6H7H8G:G:E;BRYUf0
20140420195854Bh_3,lUSS23lo12N100O100O01000000O010000O1O001O1O1O1O010O10O10O010O0010O0010O000010O0000000000O10000O1O001N2N1001O2M4Lbkbi1
20140420195854Bh_4,gUQg1n0Po12N2O0000N2YOg00000000001O000010O0010O00100O01O010O01O10O10O01O0100O01O10O01O100O000010O000010O000001O010O001O0010O01O10O10O1O0010O100O1O010O1O010O0010O001O10O10O1000000O101O001O1OikZS2
20140420195854Bh_5,[c`d26io13M2O1O2N1O2O0O1O101O00001O001O0010O010O101O2M3M1O001O0O2O0000000O101O00000001O4K3N3M0000GePNJ^o1O^[aX1
20140420195854Bh_6,oXY]24ko110001O000000000O100000000000000O101O000O10000O10O10000000000000000000000O10000O1000O0100O10000O100O010000000000O1000001O00001O001O1O010O01O1O00001O00000000000000O01000000O0100000000000001O000010O01O0100O1O001N2NRgP\1
20140420195854Bh_7,Y_il24jo13N2L4M3M3N0O2N2N1O2N1O1O2M2O1O0O2O00100O0010N1O0N4K5K4I7O101101N1O1N2M3N2N3M2M3N2N2N1O2N1000O1O1O0O2O010O100O100O01001O01O100O1O1O2N1O2O001UNfNmTN\1ai1cNoTN`042X1k0ei1cNnTNc1Y1Iji1dNlTNg1W1Emi1dNkTNj1U1BQj1dNjTNl1S1@Sj1dNlTNm1n0^Obj1a0\UN^Ojj1`0SUN^Oak12]TNMlk1LVTNORl1OoSNJWl15iSNGZl1:eSNC]l1b0^SN[Ogl1c0YSNZOml1c0SSNZOPm1e0PSNYOSm1e0W1N2N1N2M3M4L3M6I`dRm0
20140420195854Bh_8,i^mi05io14K4K4N2M2K3@?02O0N0KM802O1O1K601O2M2O1N2M3O1N3N1O2N11O00001O1O010O100N101N1O2O0N2M3]Od0O01N2O1O002N1N3N1O2N2N2N2M2O1O1N3M2O1O001N101O0000000000001O0000O100001O00O2N1000000N3N100O2N1O100O1000O010O101N101N2O1O1O1O1O1O1O1N2O1O2N1N3M2N\fjn2
20140420195854Bh_9,he`R21no12O00000000001N100O10O10O1O10O01O10O010O01O1O1O10O0100000000000O10001N101O0010O00010O0010O0100O011O0O0100000O010O10O010O01000O0100000O10010OO11O01OO2O10O0001O00O011O01O\YUh1
20140514195854Bh_0,`_]V26eo19K1dNAVSNa0Sn1010O0jN_OnRNa0Sm1AjRN?Wm1BaRNe0_m1]OQRNP1om1`01OO10O001N2N2K5F;L4N2N101O00O100001N2O1O1O1O1O2N101O1O0000000O10000O100O2O000O101O01O01O1O102LVble1
20140514195854Bh_1,Sbhb24lo11N2O1N2O1O1O1O2N1O1O1O10O010O00001O000O2O00000000010O001O10000O100O10O10O01O1O1O2N2N2N2O0O1000O2O1O1O10O000000O0101N010O1OO2M2O101N101O100O2N10000O10000O1O3La\WX1
20140514195854Bh_2,dbZf02mo12O1N2O1O00001N100000000000000001O0001O0100000O10001O00000O101O1O4K3N1O1N3N4K3N6I6K3L1000O2N4K3M3L6nNXQNa0Xo1JT\]V3
20140514195854Bh_3,j\YV12mo11N2WLOaWN4]h10`WN0_h14]WNMch15YWNLhh16UWNKkh17QWNJQi16mVNJUi17eVNL^i14]VNNgi11UVNOQj10jUN1Yj1OdUN2_j1N\UN3gj1NUUN2oj1OmTN0Vk10gTN0\k1OcTN1_k1O_TN0ek1NZTN2hk1MVTN3nk1LPTN4Rl1KlSN6Vl1JfSN7]l1I`SN7bl1JZSN7il1JQSN7Sm1JgRN7]m1K[RN8hm1m04L4M3L4K5J8E<DVeXg2
20140514195854Bh_4,a\kT34jo13lPNNWn13hQNNVn14iQNNSn15lQNLRn17mQNJRn16nQNJQn17nQNJRn17lQNKSn15mQNKSn17jQNKUn1Q1O0100O10001N2O000O1O010OO010O01N2M3N2N2O1O1O100O1O1O2O0O1O100O1N2O1O1N101O1O1N2N2O2Lbchg0
20140514195854Bh_5,dVUX36io11O1O1O1O100N2O1O1M3N2000001O0000000O100O1O100O100O101O002N3M1N1000N0N12M3010O0100O0GoNcQNS1\n19O10O100O1O100O10000O1O001N1O1O000O2N2H9N2M3M4L5JRk`c0
20140514195854Bh_6,inbk28io1O010O0000001O00O100000O0100O0010O01O0O2O001N1O1O1O1O1O1O10O002N2L4M5LoQUR1
20140514195854Bh_7,aT_U21no13M101N10001N10000O100O100O010O0001O0001O00000O1000000000O1000O010O10000O10O10O010O1N2O01000001O001N3N1O0O3N1NPmPg1
20140514195854Bh_8,ej^Q24do1<K101N1000O1000O1000000TH@W`Na0h_1AW`N?h_1CW`N=i_1DV`N<i_1FV`N:j_1HT`N8l_1JR`N5o_1Mo_N2R`10m_NMV`13j_NIY`18g_NB^`1`0a72O01N1O1O1O2N10O0O100000000002O00O2N001000001O1N001O011O1O001N2O1O01O001O101N1O101O0O10lSNBdh1>TWNOfh11SWN7kh1JoVN;Ri1FhVNa0mM\OYj13eWNl1Th1TNgWNS2Xh1mMcWNY2]h1jMYWN[2ih1fMnVN7TOe0Pj1WOeVNNKb0ei1GSVNEj05Vi1j0XUNoNl10nh1l0\UNnNm12ih1i0eUNgNm1=bh1f0YXNWOig1f0]XNTOfg1h0_XNTOfg1g0n3J4L6ETYmh1
20140516234034Lh_0,]dhW27go18J6J3O1O03L1O2O0O1O10O001O0O2N100O011O01N20B@ZQN?dn1A]QN?bn1AaQN>Po11000000000010O0O3O0O100O100O101O00O1O0N2N2M4M3KfYSe1
20140516234034Lh_1,U]gl13lo11N3M2O1N2N2O0O2O1O1O000O11O000000000010O0O01O100O1O100000O2O010O001O000001O001O01O0001O00000O0010nMBcTN>Yk1JbTN5ak1M[TN4ek1OUTN4lk10kSN2Xl1f0eRND\m1^12N2O2L3O3K4J7jN\RNGlm10dgVo1
20140516234034Lh_2,ohnm23ko15L101N1O2N9F8H3M3L4M4L4M4L4M3M3O0008SNnQNZ1`n1N:GN001N2O1N=CO2O1N3M9G4L2M2O00000O10100O1O3M6J4JmTWo0
20140516234034Lh_3,eaoS11lo14L3N2O1O001O10O0001OO1O0100O0O20000N2O1N100002O1O1O1O2O000O10O10O1O0010O001O000000001OO1001OO10001O0001O01O0O11OO1010O00O10000O100000O0100000001O01O00000010O010O1O100O2Nj`df2
20140516234034Lh_4,PcZ]17go19H2O1N2O0010O001O00001O1O001000O0100000O101O0000010O00000000O01001O00000000O01000000000000002iPN@hn1m00O1O001O001O1O0O2O0O2O001O001O0O2O001O001O0010O0001O01O1O100O2N101N1O2O0O00O2O001N2O1O1N101O1O1O001O00000O10000O00100O0O2N1O101N10001O2M3N\[Y[2
20140516234034Lh_5,_bS_15io14L2O2N1[NL]SN5al10dRNE4;Xm13_RNK32^m15[RN00Lfm1c12N2M7H9G6G9J5K6I5N2M3N2O1N1O2N2O`^X_2
20140516234034Lh_6,URSQ26io12O1N10000O1000O1000000O2O00100O100000000O01O011N001O00001N100]SNG^i1:aVNG^i1;_VNH`i19]VNIbi18[VNKei16TVN0li10PVN4Pj1MmUN5Sj1KkUN6Vj1JiUN6Xj1JgUN4\j1MaUN1dj1OXUN2kj1OPUN2Sk1OiTN1Zk10_TN3dk1MWTN5Rl1GgSN;al1AZSNa0jl1_OoRNc0Tm1^OfRNd0_m1j04D=F:J6K7HilXk1
20140516234034Lh_7,X`Rn2:do14L6J5N1N101O1O0102N01O02N3MO1O000O1O001O2O00UOTQNa0Xo1O0O000O1O2M2N2N2N\^ko0
20140516234034Lh_8,iZci04ko11O10000O1O010O1O0O1000O10000000000001O1O1O1O1O1O010O0O1O1O010O10000O1O2N1N2N2N1O1L41N2M4K5M3M3N2N2N2O1O1NVgPS3
20140519195834Ch_0,]R_R31no13M2N2N101N2O0O1O100O2O00000O1000001OO1O1O11O00O100O10O1000O1000000010O00101STNFQh1;hWNNUh13gWN2Wh1OfWN5Xh1McWN9VMA]j18XXNR1gg1QOSXNQ1ng1QOnWNQ1Rh1QOhWNR1Zh1oN`WNT1ah1mN[WNT1gh1mNUWNT1nh1kNoVNV1Si1jNjVNW1Yi1iNcVNX1`i1iNZVNY1ii1gNSVNY1Qj1gNhUN\1[j1gNZUN^1ij1k12M3M4L4L4L3L5L4J6G9I8H8H8I:DS1kN]knh0
20140519195834Ch_1,Y]Wk22lo13N1N2O001N2O010O1O0010O010O0100O010O1O10O01O010O001O10O01O1O001O001N2L3K60O01O001N2O1O0O1O1O1OO0110O00001O100O0100O100O1M3O2N1O2O2M2N2N2O1N2O0O2N1O2N5HXeno0
20140519195834Ch_2,mTko12lo12O100O1O010O010O00100O1O001O1O1O100O0100000000O1000O010000000O10O10O1000O010O0100O01O01O01O010O0010O01O010O0000000000001O000001OO2O00001O1O1N\ldk1
20140519195834Ch_3,kYWh03lo11O100O100O00100O0000001O000001OO1001O010O00100000000001O000010O01O010O0010O01O00100O1O1O100O1O001O01O000O101O0000001O01O00O101N10O010000O10O100O1O010O2N1O100O10001O000000000N101O1O0O2O1N100OJ7O1O010O2N2N3MXgXQ3
20140519195834Ch_4,TPU?4ko13M2O0O2O1O1N2O1O1O101N10001O000000001O0106I1O000O1O0100000001O2N2N1O2O01O3M1N1O01O1O2N000001O0000001O1N3M3M3MimZ]3
20140519195834Ch_5,h]gf06^m14bTNOZk1:_TNH]k1b0[TN_Oak1i1ZSNXNal1f2N101O0100N200O1nN[SNgNhl1U1aSNcNbl1Z1gSN\N]l1a1U1aNkQN503\o1L3M2N2N3MfcjW3
20140519195834Ch_6,\enU34jo12O1N2O000O2N011O001O10O100001OO110O1O011O0O10000O100O01000O10O2O1N2O1N2O2M1000O10UQNBTn1=jQNDXn1:gQNG[n18dQNH^n17`QNJbn14]QNMdn13[QNMfn13XQNNjn12SQNOnn12nPN0So1>1O1O1O1O1O2N001O1N2O2L3N3LcYoe0
20140519195834Ch_7,eiVa03lo12O001O001O001O001O1O010O0010O0100001N100000O01000O1000000000O10O10000O1O10O100O100O1O100O1O010O100O101NZU_[3
20140519195834Ch_8,UePe27ho11O00100000000000001O101N100O101O001N100000O10001O00002N00000000O1000O1O2NTZcX1
20140519195834Ch_9,oZ[d11oo100000000000O10000O1O1O2O0O1O1O1O001O1O10N100010O01O10O010O010O010O01000O01000O100O100O100000000O2O000000000001O0000000000O1000O10O1O0010O000O1O10000000O01000O100O1O01000jNGeRN:Um12dRNN[m18`RNI_m1;^RNE`m1`0[RNBdm1\100013M2M5K7eNnQN;Po1K7HSg\U2
20140519195834Ch_10,dgVd25ko11O001O000000001OO1000000000000O100000000000001O0001O01O00000001O001O001O1O010O1O0010O01O10000O2O6J1OO10000O10O01O00001O000O2O1N3M2MjWcW1
20140519195834Ch_11,eo\d19[o1=I6N2N2O1L3LG_QN\O`n1?d0M3M3N102M3M^QeZ2
20140519195834Ch_12,Zjlb13lo12N2O0O1M301N10000O10O1000O10O100O100O1O01000O100000000000001O001O1O0O2NmUiZ2
20140519195834Ch_13,_`]n15io15M1N100O101O0O1000000O100O100O100O1000O01000O01000O100O100O1O2N1O100N2O10O010O1O0N3K4O200O001O0100O010N101N2O001000O01000O10000O2O0O10000O10000O01O1N101M201O010O010O0100O010O10O01O10O0100O0010O01O010O01O010O001O001O001O1O010O01000O0100O1O100O100O1O01000O01O10O01O1O1O1O001O1O100O1O00100O100O100O3LcaVh1
20140520200054Bh_0,[^_n01mo14[N3iQNOo03Sm1<gRNGTm1`0hRN@Tm1o0_RNTO\m1j1K5L4O1M3K3K5M31G8C=L3N4L4N2O2O0H9A=M5L4N3M2N3L3M3O101O001N101O010O100O010O010O00010O010O0100O01000O00000001O01000O01000000000O010000000000000000000001O000001O00000000000000000001O00000001O00010O0010O01000O0010O01O01O00010O000010O01O00000000001O00O010O01000O0100O010O10O00O11N1010O010O1O1N2N105K`flg2
20140520200054Bh_1,`]QQ35io15L2N2O1N21O1N2O1O0O2O0O100O010O10O00001O00000O1000000O10000O100O2N100O1O100O1O100O100O1O100O001O1N2O1O1N101O1O001O00010O010O010O10O10O0100O0010O0N2G900000O1000001N100000N2O10001O0O1O1O0010O10000O2O0O1O2O1O1N2O1O1O2N1N3N2M2N4Efdjg0
20140520200054Bh_2,iTm]24ko13M2N101N10000O1000000O100O10O010O010O001N1O100001O001O10O01O10O01O010O010O1O01O01O001O001N1O2O000010O0O2N2N1O1O2O000000010O0000100O0010O01O1O1N2N2Nhl\]1
20140520200054Bh_3,hZUS22ko14N2N100O100O01000O10O010O10O01000O010O10O1O0100O1O010O10O0100O00100O1O0000001O00000O1O100O1O1ZOIcQN7Vn1m0L300001N2O1K5O2M3SO_QN9cn1DdQN6an1DgQN3SfRi1
20140520200054Bh_4,b`QX23lo12N10000O100000000O1000001O0000000O10000000000O0100000O10000O10000O10O01000O01000O10O0100O010O00100O01O1O1O1O010O1N101N1O2O001O010000O10001O0000001N10000000O01O1000O010O010O010O010O010O10O01O10O0001O00010O001O010O001000O01000O10000O100000001N1000001O0O2O001N2O0O3N1Nf`b_1
20140520200054Bh_5,eofQ22mo13L2O1O010N2O010O0WOLgQN4Wn15`QNN_n1j000000003027HOO`0@O1O00001O001013ON0N10O0001O00000010O3L6K3L3M2N2Nmn^k1
20140520200054Bh_6,ViXi02lo16L2N100O001O1O010O010O010O10O0100O001O1O001O1O00010O01O001O1O0O101N100O1O100O1O1O2NaVQT3
20140520200054Bh_7,QdTm27ho12O1O001O1O1O0010O01O01O1O01O10O01O010O01000O4cPN_OTo1i0M2N1O0010O0001O001O10O01O000010O001O000010O01O00001O00100O1O0100O00100000001N103L6K4L3M1O1N2O1O1O2N2N1N3M3PSNSNhk1o1STNSNnk1o1PTNPNPl1e0\SN>a0lNTl1b0cSNa06lNXl1`0gSNc0Pm1\ORSNd0ml1ZOWSNd0il1[OZSNb0gl1\O]SNa0el1]O_SN?bl1_OdSN<Sn1L8FiXUm0
20140526195834Ch_0,lSmo13ho1:J1O0O1000N2O1O10000O100O10001O1O1O10000O10000O11O00001O00000000001O000001000O0010O01O002OO0101O0O10010N2O010O0O2O1O2N1O2N00010O01O0001O00011O0O2O2N8H9F2O00O0O2O1N2M7J:F4K4L7G[j`j1
20140526195834Ch_1,hnhV15jo12O1O001O1O0010O01O0100O010O0010O10O010O01O010O010O00001O0000001O000000O0100O100O1O1O100O100O1000000001O2N2O2M1O1O01O01O000001O0000001O00001O001O010O1O00100O010O010O010O0001O010O00001O0000000001O00001O00000000O1O2L3N2O100O2N101NbPQb2
20140526195834Ch_2,^a_Y23jo14M200O100O1O00000O10100O01O00000000O101O10O0000O1L4M210000000O00O1O100101O00000O1OO110O0100001O0000000O0100000001N1O1K4O101O011O00O101N1O1O2O001O0010O0000O1010O00010O001N1000010O00010O001O00010O0001O100O01000O010O100O01000O10O0100O1000000O1000001O0O1000001N1000001N1000O010O01O010O10O010O010O010O00010O0000001O0O10001O0001O00000O0100001O00010O0001O00000001O10O01O010O0000001O00010O0000000000000000O00001010O01O00000000000010O100O10O01O1O1N110O2N101N2N3MXdXX1
20140526195834Ch_3,dghm24lo11O1N2O1O1O01001N10O010001O1O00O1001N100000O101N10001N11O001O1O001O002M101OO10010O00000000100O000O0101O0000O010O00100O100O010O1O100O010O100O010O0010O10O010O10O01000O01O001O001O001O001O01N101O1O001O1O010O1O000100O00000010O00000000000O1000000O2O0O1000000O10O100000O10O1000O0100O1O00100O100O1O1O2N2LZVmh0
20140526195834Ch_4,PYeT14ko12O0000000000000O10000O10O1000O0100O0010O010O10000000001O001O0010O1O010O10O0001O01O01O00000000000000000000000000000000O10O100000001O00000000001O01O0001O00001O1NnfXf2
20140526195834Ch_5,XZkS34ko1101N100O10O0100O1000O01000000O01000000000O10000O100O100O10O100O1000001N110O010O0100O10O010O10O010O0100O010O001N2Nge`h0
20140526195834Ch_6,_XmQ38go11O1N100O0O010001O1O1000O2O001O0001O000O10001O010O0010O1000O100O1N201Mahjk0
20140526195834Ch_7,Zi\g05co1:\Oc0D:I6N11N3G7@`0O3O00100O1C>ImXcW3
20140526195834Ch_8,nW]Z1?_o13N100OM3L4O1O101O00001O001N1010O01000O10O10O10001N10001O0O1000O0010O010O010O10O010O0010O10O0100O100O01000000O1000000000001O001O1O010N3N2MfhVa2
20140526195834Ch_9,SXSn04jo14N1N1O2N1O1N1N2O1O000N1M4N1010M3N2O2N3K5J6MYi^P3
20140526195834Ch_10,meXV1:co16L2O1N2O1N2N101N1O1O1O100O100O1000AUQNIkn13_QNGan17e0O002N1000000000000001O001N100IHdPN:Yo1710O01O1O2M2O10000000000000000O1O101N100000000000000001O001O001O1O1O3M1O01O0O2O1N2N101N2NeZcd2
20140526195834Ch_11,jijd14jo12M3N2N10000O100000O1001O000010O01O1O1O101O00000000000000000O10O1O0O2N2O001O1O00001O1N20000001O001O1O01000O10O0100O1O100O2N01O1N2L6ImVoV2
20140629195814Mh_0,hToU35ho15J5M2N2NHhPNKWo15:O2O001O1O00100O10000O0100000O010000O1000000000001O00010O0101OO01000O100O1000O01000O00100O1O10O01000O0010O01O01O00010O010O10000O1OTk`e0
20140629195814Mh_1,kWSU23ko14oRNNoi15lUN<fi1FUVNf0ai1]O[VNT1Vi1oNcVNX1Zi1kN`VN[1\i1hN_VN]1_i1dN^VN`1`i1bN[VNc1ci1^NZVNc1fi1`NUVNb1li1aNlUNb1Vj1eN^UN^1dj1n11N2O1M3L4K5I7SOm0I7L4L4L4L4L4M3M3N2L4K6I6SOn0J6K7Keo7O]PH2O0O100O1N2J6L4O00O2M200010O10O10O00001L300000N2O101O00010O10O000N2N2001L3N3N2O00010O1O4Ldo12VPN7G7N2O0000O1000001O010O1O100O10O10O01O1O001O10O10O10O100O10O01O1O001OhLAQWN>mh1FQWN:Pi1FPWN:Qi1EoVN:Si1EmVN;Si1ElVN;Ui1EkVN;Vi1DjVN<Vi1DjVN;Vi1FjVN:Vi1GhVN:Wi1HhVN8Xi1IgVN7Xi1JhVN6Xi1KfVN6Zi1KeVN4]i1LbVN4^i1M`VN4ai1N[VN2gi11SVN1ni1OPVN2Qj1OlUN1Vj1OhUN2Zj1MdUN3]j1NbUN2_j1O_UN0bj13ZUNMhj15UUNJlj18QUNHQk18nTNGTk19jTNGXk19gTNF[k1;bTNE`k1=\TNCfk1`0TTNBnk1?mSNBVl1?dSND^l1?XSNEll1e13N3L4L3M3M3L4K7J6J5K5K5J:Cilj_1
20140629195814Mh_2,TRe[17go11O2N1O1OO20O01O010O1000O11O01O0O11O00000000000O11N1O001000000O10O10010OO10000O00100O01O1O010O1O010O10000O101O000010O01O000001O0O1O1O1O100O10O10001N101O1O1O2N1NiPY_2
20140629195814Mh_3,[n^c22lo15L4YPNH`o1>N001O01O001O001O1N2O1N100O10000O0100O010O1O001O0O1O1O1M3N2O1O1N2N2O10O100O1O2N2K5K5M5JgRcY1
20140707023654Uh_0,cPY`0<co1201O001O3N002N0O1O001O2N3M1N2O2M2O0004L2N1O0O1000000O10O01O010O010O001O0010O01O0001O001O0000001O000000000003LI]OUQNa0kn1_OUQNa0kn1_OUQNa0kn1^OWQNa0To10001O01O2N1O1O1O001O001O00000O11O0000000000000000001O01O0O100O101OO100000001O0O101N100O2O0O1O10O01O1O1N1L4N3O1O1O1O2NomXX3
20140707023654Uh_1,fYcS16io13N2O1O001O000000000000000O10O10O10O01O100O100O00100O100O2O0O100aQN^O^m1c0_RN@`m1`0^RNBbm1?ZRNDgm1;WRNGim19SRNKnm14oQNORn10lQN1Un10hQN2Yn1h03L4M3L4M3M3N3M2N2O2M3M4M2M4Lndlh2
20140707023654Uh_2,^h^n23ko16K3N2O0O11O1O0O1O1000cPNJnn17QQNJon15QQNLon15oPNLPo15oPNMPo13oPNNQo14lPNMSo1a00O100000001O00001O0O1O2N2N2N2O1O2O01oPNFYn1=WQN2en1g0O1O1OO1N2N9F;D]Uen0
20140707023654Uh_3,ZXoV36io12N2O2N2N3L4M3M3L3N1M2N2L4L4M3J6L5L3N2O1O100O2N00SOVRNFhm18aRNCZm1>lRN_ORm1?VSN\Okl1a0\SNVOjl1h0X1N4L4M2M4K5JSiff0
20140707023654Uh_4,gl^g21no12M2L301N101N1O2O1O1O001N20O01O010O0001O000001O01O0O2OO10001OO0010O1O1lNEcRN<[m1L\RN7bm11URN1km1R100VMXN\WNh1fh1ZNWWNe1kh1^NPWNa1Si1`NjVN_1Yi1aNfVN]1]i1dN`VNZ1di1gNYVNT1oi1lNnUN<lj1ERUN7Tk1JhTN5\k1KaTN5bk1K\TN5fk1LVTN4mk1MoSN4Tl1MgSN3\l1N`SN3bl1OYSN2il1ORSN3Pm1OjRN2Ym1W15K5L3N2M3K7H7I;AVXWT1
20140707023654Uh_5,^Umb21go1?F5L4L3N2M4M2N3M2NVOkQNKTn13QRNKom14TRNJkm15ZRNHem18R1O000010O1O010O01O100O1O100O1O100O2O_kP[1
20140707023654Uh_6,`Pi[1b0^o15K2O001N1iQNWOUm1j0TRN\O4Oem1g0RRN_O6Mfm1V1VRNmNhm1h1N1O1N10O010RN^RN]1bm1cNbRNX1`m1gNcRNR1bm1mNaRNj0fm1UO]RNd0hm1[O]RN:km1CkPkb2
20140707023654Uh_7,^hl]26eo16K4O1O1O1000O00101N1O1O2O001N10000O10O100O1000O0100O100O10O001O01O01O01O10O10O1000000O101O00000O2O01O0000000000001O100001O101O01N0O1O2N3IiWg]1
20140707023654Uh_8,Y]io25io14N1N3N1N2O1N2O1O1O001O1O1N2N2O1N2M2N2O100000O10004K3M3N1N2N2N3L5KfbRn0
20140707023654Uh_9,V_Sa24jo11O100O1O1O1O1L4M2O2K4D<000010000O100O1O1O0001O1O1N2O1O10O1M`QNWOom1i0RRN@dm1>aRNDZm19lRNDTm19SSNCnl1;YSNZOml1e0W1O2N2M3N3L8G\cV\1
20140707023654Uh_10,bT[_19co14N2M3N1O0O110O001N101N2O1N1O1O10N110N2L3L6M3N3L4N2OUmn^2
20140707023654Uh_11,m^]`16io12N1O2O0O10O0100O01O10O01O010O100O01000O10O100O1O1O101N1O2NO2N2M201O010O010O0100O1000O0100O010O01O00000000000O101O0O2O2LUbh[2
20140707023654Uh_12,nk\a23ko13O10N2O1N^Pn00boQO10001O000000000001OO1000000000000O101O000000000O1000000O100000000O1000000O10000001O1N2O001O2M2O]PZ10]okN0VPJ1N1O1OOXP4NloK0O10O1000O10O10O0lo;0TPD0mo50boI0SQN0^o10lo50TPJ000000000O010no10QPN1N1O0kn5>ePJG;M4N3N1010O10O10^N0]RN0_n11SRNOan12SNNkSN3Xl1NdSN3^l1M`SN1el1NXSN3il1NRSN4Qm1NgRN6]m1I\RN8mm1ISYWT1
20140710020754Uh_0,\ij`27ho12N1N2O001F5<MJ1N111O0O1O10O1000O00O1O201O01O00010O100O100O1N2N3G8O100000000001N2O1O1O2M3N2M2O0O2O1O001O01O1O100O1O2O1N2O1N101O1N2O00O1O10O10O01O2O2M2N2M2O1O1N101O0O101O0O100O10000O100000O010O100O1O2N1O1O101N1O2O0O2O0O2O0O2O001ATQNGmn18WQNCln1;=01O001O1O001N2O2MUWYW1
20140710020754Uh_1,Sc]g2<co13N00000000001O010O1O1O2N1O001O1N10001O0O10000000O010O10O010O1O010O10O01O1N101O1O0010O010O1O001O010O1O1O1O1O010O1O1O010O1O010O000010O01O01O0010O01O0010O00010O01O0010O010O10O01O00001O001O1O0O2O000000O00100N2N10100000O010O1O10OO1O1010O0O1O101000O1O1N201N2N2N2N3N3Lc_ZP1
20140710020754Uh_2,cX[U2f0Zo12M3N2O0O1012L6K5K010O0000010O000O110O00000010OO10000000O10O01O010O010O10O1000O10000O010VRN@Sl1?lSNBUl1>fSNFZl1;dSNE^l1:aSNG`l19^SNGcl1:ZSNHgl17XSNIjl16USNKkl16RSNKPm14nRNNRm12lRNNVm13dRN1^m10]RN2dm10URN4mm1m03N2M3M3N4J5L5K8F8HQeZf1
20140710020754Uh_3,i`[V17go13N2N1N101N10O2O001O001O1O0010O00001O000001OO1O1O1N2O100001O001O10O100001O000000000O1O1O10000001O1O1O00001O00000001O001O1O6J4Lk_de2
20140710020754Uh_4,gZiR13ho17K3K5VOCmQNa0Qn1EgQN`0Wn1e0O0010000O1O00YOPRN_Oom1`0h0N101I8M21O0O2M2O11OSOCZRN=em1FXRN:im1HTRN9km1KQRN6nm1n0O1N3N1102M6J2N2M3L4@>H7L30010O102MSiXj2
20140710020754Uh_5,l]kj18do1;G5K4K4L5M2N1N2N\OgQNEXn19mQNDSn1;QRNCmm1=k0O1O1O1O0O1O2O010O1000000O2O00001O001OO11O00010O0O0101OO1O01001O0O1001O00010O01O010O10O1O1O010O10O010O0010O001O10O0100O0000010O0010O001OO1001O01O001O0000001O0O2O001O0O1O1O1O1N1O1001O2O1M4Kge^n1
20140710020754Uh_6,V^fW17io1a0_O6L3M001OO01O2O0O002N1OSOYQN`0fn1^O^QNa0cn1[OaQNd0mn101O1O1O1O1O3M1O2N2M2N\`cf2
20140828080414Th_0,e_Tc22lo16K2N2N2N2N1O2N2M3M3N1N2O2N100O2O1O0010000O11O3M:F1O010O010001O1O1O10O1O1O000O01O1O101N2M6K2aRNPOhk1S1TTNoNlk1S1PTNoNPl1Q1mSNQOSl1Q1jSNPOWl1Q1fSNPO[l1Q1bSNPO_l1P1_SNQObl1o0\SNROel1n0XSNTOjl1k0TSNUOol1i0PSNXORm1g0lRNZOWm1c0iRN]OZm1`0dRNBam18^RNJkm1MTRN4gn15N2N2O100001O010O000O2N2C=K6L[]oW1
20140828080414Th_1,XUYm01mo13O1O1N2O001O001O001O001O0001O000000001O000000001O00001O0000000010O000000010O0000000001O01O000000001O00001O0000001O001O00010O0010O01O01O001O0000001O000000000000000000001O00000000010O0001O01O01O00001O010O001O1O1O000000000000000O10000010O01O2O0O10O1O1O1O1O0O1O2N100O2O000O2O002LRjPj2
20140828080414Th_2,g]ma22lo16K4L2N1O2O0O1O100O100O1000O0100000O01000O0100O01000O00100N2O1O1O10O01O1O001O1O001O1O010O0001O01O010O0010O01O010O10O010O0010O0100O01O010O0010O10O100O010O10O010O010O010O010O01O001O0O101O010O010O01O001O0010O0000000000O1000001O00000000O1O1N2M2K6L4N1010O100O1O1O2O0O100N2N2N2N2O1000000O1O0100O10000O0010O0001O1000O010O00100O100O1O1O0O1O2N2O1000O010O01O100000O0O2M1N3N3M2O2M2O0O10O1010101M2N3L3N3N1N3N3L8HQi`Q1
20140828080414Th_3,fmVP25jo12N101N010O1000O01000O010O1O10O01000000O100O010000000O1000000000O0100000O10O100O000O2O01O01O01O1O100O00001O00100O001O010O010O10O0010O01O1O010O10O10O10O10O010000O1000O01000000000O10O1000O100000000000000000001O0000000010O0001O010O10O0100O1001N1O0010O010000O10O010O0101O000O0010O010O100O01O01O010O0010O00010O00001O01O0001O1O001O1O1O0O2O00001O00N2O1M4K5LfRid1
20140828080414Th_4,QbRa0k0on1<H7I5N2M3N2M4L4M2M2O1O2O2N6JT1mN7G2O0000O10001O01O00O1O001OO2O001O1O2M101O0O2O001NcMlTN1Rk1JUUN4kj1H[UN7dj1F`UN9`j1DdUN;[j1DhUN;Xj1CkUN=Sj1BPVN=Pj1BQVN>ni1AUVN?ji1_OXVNb0fi1^O[VNb0ei1\O^VNd0`i1\OaVNd0_i1ZOcVNf0\i1ZOfVNe0Yi1ZOiVNf0Wi1YOkVNf0Ti1YOnVNg0Qi1XOQWNh0oh1WOQWNj0oh1TOSWNm0lh1QOUWNQ1jh1mNWWNU1hh1fN]WN[1bh1_NcWNc1\k12N101N2N2N2N2O1N1O2N101O00WNlRNg0Sm1kN^SNQ1mm1M1N1O0000001O010O010O1OO10O0010O010O01O00010O00001O01O0001O0001O01O00010O0010O0100O01000000O10O10O10O010O100O10001N101O1N1001O1O1O000O10O100O1O2O0O2O0O1O10O10000O3N0O2O0000O102N1O0100N3N1OO2O002N3N10N2N1O01O1O4L1O01O001O1O10O2N4L01O0O2O00O2M3L?KF4N1O2N10N2M4LTSeQ3
20140828080414Th_5,QPYR1`0_o1:G3M1O1O0000O2O00000O2O0O101N10000O10O01000O0010O00000000_OC_QN>\n1e0O1100O1O1O100O0O100O2N2N3N6YOSQNNkolj2
20140828080414Th_6,hccV2<co13M2O1O2M2O1N3N1O1N2O1O1O00000O1000000000O100O101N102N2N2N1O2N3M2N1O10OO10001O0O100O3Ll[df1
20140828080414Th_7,o_dc1=ao13N2N2O000O101N1O2O0O2O1N10001O1O1O0O2O000000000001O000010hWNSO[a1n0a^NXO]a1g0a^N]O^a1c0kYNROf2>^c1`0`YNDj2Ofc1?]XNf0g3nNlc1c2P\N^MQd1c2k[N_MVd1b2f[NaMZd1a2a[NaM`d1`2[[NcMgd1^2S[NdMod1]2lZNeMWe1L^XNg0Q2Dbe1BhXNe0]1Nle1[OlXNf0Q13Tf1TOPYNm0b01`f1POQYNY10IQg1kNSYNa1BF^g1fNSYNg1XOCig1cNSYNk1nNCRh1_NTYNo1`NF_h1XNWYN[4lf1cKZYNV4if1fK_YNT4ai1Ei0XO5K5K3M3M3M2N2N2O2Ml0TO4L2N4L3M3K5K^YkW2
20140828080414Th_8,WhnY35io13M3N2L4N2M4K5K4H8L4N2[OdNcRN^1[m1eNcRN\1Zm1fNfRN[1Xm1fNgRN[1Xm1fNhRN[1Um1gNkRNZ1Sm1gNlRNZ1Sm1gNjRN]1Tm1dNkRN]1Um1bNkRN_1Um1aNjRN`1Vm1`NjRN`1Vm1aNhRN`1Xm1`NhRN`1Xm1aNgRN6Lc0]m1XOfRN40b0Zm1ZOgRNNMD4S1Ym1ZOfRNNOD68K:Zm1LgRNL;KG<Xm1MfRNFb0NB=Wm1OPTNMSl14m1O000001O010O001O0O2O01O000001O01O010O0001O00001N2O1N1O2N2O2M2O1O1O01N101M201N1O2N101O000010O00100O1O0001O000000001O0000100O010O010001OO10001O010O0011oPN[Ocn1S1N10M3M2O2M3K6CdXg>
20140828080414Th_9,VZQV16jo12O0O2O02N000O2O0O010O010O01O0010O0000000010O0001O00000010O000000001O000000000000000O10O01O010ZOK`QN5bn1MZQN4fn1NXQN1jn11QQN0Qo11jPN1Yo192N3M2Mle\f2
20140907195814Mh_0,R\QW15jo13fPN2]n12ZQN7cn1d0O2N2N3M4L2N3N001O2N^NRRNQ1bn1N2N0O20N100O1O010O10O1O001O001O0O1001O00000001O0O1O100O101O3SORQN`0Xo1O2N101N2O00000O10O100O10O1O100O100O2M3Lj`ld2
20140907195814Mh_1,kiTW31mo19G4L3M3N1N2N3M2N2N3N1N2O2N0O2OO01O1000YOeQNH\n18f0O1O1O1000000O10O11O01O0O1O1YL@oWN?Ph1FmWN:Rh1IkWN7Uh1LiWN4Xh1LfWN4\h1MaWN3ah1N]WN1eh10XWN1ih10WVNCeN>Vk1ORVNHeN8[k10nUNLcN5`k1OlUN0^N3gk1MjUNo0Xj1POgUNo0\j1POdUNn0^j1ROaUNn0`j1SO^UNl0dj1TO[UNl0gj1SOWUNn0kj1RORUNn0Pk1ROmTNP1Uk1POfTNS1[k1nN^TNV1dk1jNXTNY1jk1hNPTNZ1Sl1gNiSNY1Zl1iN`SNX1cl1kNUSNW1nl1j04M2]OiRNVN_m1a1e0L5J6K5G9E>FR[Wd0
20140907195814Mh_2,_R]V33jo14L5M101O001O0010100OO1000001O1000N10000O0101O01N101OO01O100O2PVNDYd1=_[NIbd18X[NLid14R[NORe1OjZN2Ye1ObZN2be1NYZN3je1MRZN4Rf1KkYN5Yf1JcYN6af1I]YN7ff1HXYN8jf1IRYN7Rg1HkXN8Xg1HdXN:_g1EYXNa0jg1^OmWNg0Wh1ZObWNj0ah1VOZWNk0jh1UORWNk0Ri1VOkVNi0Xi1XOdVNh0_i1XOkTNFf0R1bj1XOeTNIe0o0ij1YO_TNKe0l0oj1]OTTNKk0f0Uk19gTNF^k1:]TNEjk1=lSNA]l1g1:I9J6K6I:G=C8H6I7HijVe0
20140907195814Mh_3,Zba^24ko15K2O0O100O1O100O1O100O100O100O10O100O0010O01O010O010O10O10O100O1O1O100O100O1O100O100000O10000000000O100000000O1O1O100O10O10O10000O10000O10O0100O10O0100O10O010000O10O10O10O10O010O10O010O10O10O01000O0100O010O010O010O10O01000O0100O10O10O10O0100000O100O10000O100O100O10000O10001O0O2O001N10001N1O2N1O1O101O000000000000000000000002M2N101N1O2O0O1O1O10000O100O100O1O1O1O1O1O1O001O100O1O001O0O2O001N101O001O010O01O00001O001O001N10001O001O1O100O1O1O1O1O1O1O1O1O1O100O100O100O01000O10000O1000O010O1O1O1O1O010O1O1O100O010O1O0010O01O001N110O00100O010O01O10O01O010O001O00100O010O10O01O10O01O010O01O010O10O0100O001O1O001O10O010O0100O01O010O000010O01O001O010O1O1O1N101O0O2N2O0O200O001O1N3M3NkaXl0
20140907195814Mh_4,]mlQ26io11O1O1O0010O0001O000001O00000000O1O2O0000001O000O02O001O1N2O1O2M_SQl1
20140925195834Ch_0,hi^R17ho12O1O001N10001O000O101O00000000001O00000001O0000000000000000001O01O000001O0000001O01O01O00001O01O00010O00010O010O0010O01O010O1O011N2N2N2N2N2N2N2N4L4M4K3M1O1O1O1O00O00100O1O1O1O1N2N2N2N2M2L5N2N2O1O10O01O100001O1O001O10O01O1O001O010O10O010000001O0O100O2O1N2O1O1O1O00000O10O10O10000O100000O1000O01O10O01O010O100O100O0100O0100O0100001O00000O100O00100O1O101N101N101N1O1O100O1O1O1O1O1O1O1O1O1O1N1O2O1N101N2O1O1N101O1O001O1N2O1O001O1O001O010O100001N101O1O1N2O1N101O4K6K7I2N2N0O101N100O2O1N101O001O0O2O0O1O2O0O1O1O100O1O10O010O01O0001O01O0010O0001O0001O000000000O1000000000000O10000000000O10000000O1000000000000O1000001N3L6IPRWZ2
20140925195834Ch_1,]XYn01ko16K6L4N3N0N2O2N4L1N2N3N3L3O1N3M2M4M7H5L3L4M3L3N1O2M201N100O2O4K4K6K9lWNkLjb1[3h\NmLXc1V3b\NlL_c1Y3Z\NfLic1]3R\NbLQd1`3k[N_LYd1b3b[N_L`d1d3Z[N^Lgd1c3T[N_Lnd1b3oZN^LRe1f3hZN\LYe15VXN[2]2`M^e13YXN^2T2_Mfe11YXNa2j1_MRf1LWXNh2`1]M\f1JVXNi2Z1^Mdf1EUXNo2P1^Mnf1AUXNR3e0aMWg1[OXXNT3;cM`g1VOYXNX3OcMdi1V2PVNmMVk1U1`TNnNhk1`27I7H7J5J6K5K5K3L5L3N2N2N3M3M2O2M2M3N3N2N2M4M2N3M3M3M2N2M3M7HQaXl2
20140925195834Ch_2,RlRa22ko14N100O100O100O1O101N10O10O100O10O0100O10O01O100O001[OH_QN;_n1I]QN9bn1c00O011O00001N10001N100O2O001O1O1O1N101O1O001O001O00001O000O101O0000000000000O100000001O0O10001O00000O2O0001O0001O0001O01O00010O0010O00010O000010O00010O010O00010O00001OnPNBbn1?]QNBbn1>^QNBcn1=]QNDbn1=]QNFan19^QNHbn18^QNIbn17]QNIcn17]QNJbn16^QNJcn15]QNLbn15]QNKcn15]QNLcn13]QNNbn12^QNOan11_QNObn10^QN1an10^QN0bn10]QN1cn1O]QN2cn1N\QN2dn1N\QN2en1OXQN3gn1OWQN1in1d00O01O0001O00001O001O1O1O1O1O1O4K3N2N1O1O0O2O00100O001O10O0001O0010O01O0010O010O00010O00010O010O0100O01O10O010O010000O10O010O010O01000O010O010O0000010O0010O010O0001O01O01O00100O00001O01O00010O00001O01O000010O01O010O010O01O01O010O010O0100O010O1O01O00100O010O010O001N3LoQQn0
20140925195834Ch_3,[Y_P2a0\o16K3M3N2N2N1O1N3N1O2NB[QNDcn1;dQN@\n1>iQN^OWn1a0d0O100O100000010O01O00000000010O01O010O1O010O10O100O10O10O100O1000000O10O100000000O10000O10000O01000O100O10O0100O1O1O001O1O1O0010O010O010O1000O0100O010O10O10O01000O10O010000O0100O01000O010O10O10O100O100O00100O10O10O10O01000000O01000O100O10O1000O10O10O010O100O10O1000O100000O0100000O0100O010000000O10O1000000000000O010000000O1000O10O1000000000000O1000000000001O00001O0001O01O01O010O01O010O0001O001O0010O01N2O1Ndhja1
20140925195834Ch_4,PQUb03ho1;G9QOHfQNa0Sn1k0J6J4QOWNaSNl1Yl1R1K5K4M4K5L3M2OfM^TN9ak1DdTN<Zk1AjTN>Vk1nN`UNQ1`j1eNiUN[1_l10000O01O10O000001O0001O001O1O1O1O2N2N4ZOiQNZO\n1a0gQN\O_n1?d0M4L2N2N2M6IWnjZ3
20140925195834Ch_5,fa_P25ho17K3L4ZOE`QNa0Zn1f0M2O2M3N3M1O1O1O1N2O00PO]RNBcm1;iRN]OWm1`0PSNZOQm1e0T101M201N1O2O1O101O1O00001N101N101O010O0100O10000O010000O10O1000O10O1000O01O1O1O001N2O1O1O10000000000001O0000000000O100O100O10O01000O0100O010O01O001O1O0N3O1N2O001O001O00001O1O100O2Li`dh1
20140925195834Ch_6,XmXS25jo11O1O1O1O001O100O0000001O000O110O0000O10O010O100O2O010O100O2O00001O00DfPN2Zo1MhPN2Xo1MjPN1Wo1OjPN0Vo10jPNOWo10iPN1co10001NZSoi1
20140925195834Ch_7,m_[i18fo13M3N3M2N3M1O1O100O1O00100O1O100O\OTQN5mn1K]QNHen18b0O010O00000001O001O001O0O2O1O001O01O1O1N2M3O1O1O1O2NTahS2
20140925195834Ch_8,Z_in21mo12O1N20N11O1O1O1N200O1O1O100O100O10000O10O100000O010O000001O00001O0001O00010O00000O1O0001000N101O1O1O001O1O001L4M3M300O1000000000001O00001O0000000O10000O10000O0100O0O2O1O0O2O1O1O100O2O001N10000O100O1O1O01O0O2N101001N1N2O2M4K6IldRj0
20140925195834Ch_9,fZcW26go16K2N2O100O1O0100O0010O01O01O1O001O1M3L4M3O1N2O10O0O0O2_OQQN1Po10QQNMon14RQNKmn15UQNIln18SQNHln18TQNJkn15VQNKjn14XQNLgn13\QNKdn14^QNLan13cQNH_n17e0O02OO10O10000000000000000000000001O0010O01O1O00100O100O10O10000000O1000O1000O101N2McgXc1
20140925195834Ch_10,^Zoh15jo11O001O0O101O001O00001O0001O00001O0001O00001O000001O0O1000010O00001O010O000001O000000001N1000000O02O1N2N3KSgdS2
20140925195834Ch_11,_]if0:bo19C>A>I7I3N2N1OoN_RNZOkm1d0j0D;O2O0000010O01N110O001O0001O00001O1O1O0000001O00O1000000O10O2O1O1N2NYd\V3
20140925195834Ch_12,^nj[21mo1200O1O100O1O100O010O1O01O01O010O0O1000000000O010O10000001O00000000001O000000001N002L3I7O12N1O4KWSSa1
20141009195814Mh_0,g]c\18eo14M3N2N1O1O001O010O0000001O0O2O0N3L3N3N1O1N2N2O1O00O2K5G9J5O2O1O100O1O101O0000O1000O1O100O1000O100001O010O01O001O01O001000O00001O0001O01O001N1001OO1000000O0010000O01O00100000O0100O1O1O1O1O1O1O2O000001O01O001O010O3MSfd\2
20141009195814Mh_1,QeRX1>]o1;G5K5M2001O1O100O1O1O00001O001O2O2N2N1N0100OO101O1O0O100O10O10O010O0100000000O0100O001O0010O01O00100O00100O010O10O1O010O001O0010O01O001O010O00100O10001O1N10000010O02O2N3M5J2O0N200O10000O2N10O000000000O10000O2O001N100O100O2O0O2N2O0O1O100O101O00001O0000O02O00001O01O001N1000O101N201N100O10O00O101O1O2O1OO01O0000000O110O00000O10000O100O10O101N100O10O100O1O100O1O0100O1O100O1O010O0100O010O100O1O1O010O01O011N10O1O1O4M0O0010O0001O001N101N10YPd01fo[O0O101O000000001O00001O0000000001O01O1O2N2PTWX2
20141009195814Mh_2,ljbW28go13N1O100O1O10O0100O001O01O000001O0O10IdPNK[o13jPNJVo15kPNLTo14lPNMSo12nPNNRo12nPNORo1OoPN2Po1NPQN3on1LRQN4Po1JPQN7\o11O000100O100O010O010000O10O01O010O100O00101N100O011N101O0002M3O0O0O100O100O010O1O010O00010O000001O000000000000000000000O1000000000000000000000000O0100000000O1000000000O01000O10O1000O1O10O0100O001O0010O001O1O0O201N1O3LmSi_1
20141009195814Mh_3,\_QS28fo14M20O11O003M8G6K2M101O4M3M1N0001O7I6J7I1O0O100O101N2O1O0O100O001O0010O01O01O0000010O00000000000O101O00000O10000O101O00000000000O10000001O000000000000000000000O1000O1000000000O010000O01000O0100O0100O010O1O010O01O01O1O000O2O01O01M2N3L3N200O110O000000000O110O01O1O00100O100O1O101N100O10O0100O10O01O10O01O001O1O00100O001N10001O001O000010O0010O00\ODeQN=Zn1GaQN:^n1K]QN6cn1NWQN4jn1a0O000001O0O1O2O1O1O1N101N2O1N3L5Boal`1
20141009195814Mh_4,TXQ[12lo13O1N2N101O000000000000000010O001O10O00010O01O01O0001O00000000000000000000000001O000000O1000000000O10O1000O10O01O010O001O0010O010O1O01000O10O10O10000000000000000000010O00000000001O0000000000000001O00000O2O000O100O1O10O1M201O011N10000O2O1N2NVh\]2
20141009195814Mh_5,lkTg22jo14N2N1N2N2N2O1K4K5O1O1O010ON3I7N2O11N1M2M3O21O00lN^OlRNa0Vm1CeRN=]m1G^RN9cm1JYRN6hm1NSRN1om11nQNOSn15fQNM\n1i03M4L4L3N3L3N2N2N2N2O1M3N2M5JUWmU1
20141009195814Mh_6,V_iR21no18JO2OOM4MRP20PPN1O100001N10QQN0on13N1jNL_RN1`m10X11O0003NaP44[oK00O1O2NXP:0hoE0PP20\PN0WO0]P20ooM00000QP20ooM00000000000iom20WPRM0O010O010O0PP20PPN001O00000000O10O2N1OO2N]PX10eoiN0QPN0O010O010O0XO0hP20PPN10O010O01000O01000O010O0001O001O01O01O000M4M2L4HDmPN;`o1K5J`P<0boC000Po10P10QPN000O2fPNOcn13oPN7Ro1:2O0O001N201N3K5K^n?LhQ@2N3L3N21Nkc^_1
20141009195814Mh_7,lWiQ33lo12M2O1N1O100O1O1O1O100O010000O1000000O100000000001O0000000O2N1O1O1O001O1O0001O100O1O1O10001N101O1N101O000O1000O1001OO0101O000000000001O00000O11O00000010OO2O010N10000001O0001000000O10000000000O2OSkRh0
20141009195814Mh_8,lS[W1:_o19K3K5N2N1O2O0O10O1BYQNBhn1=>N2O1N2O100000001O0000001O01O01O0000001Ldmdf2
20141009195814Mh_9,WRmY26io11O0SOMnQN4Rn10iQN0Xn14cQNM]n16`QNIan1:[QNGen1<WQNEin1i02N4L2N1O1O1O1N2M3N1O100O100O2O000O2O001N100O10O10O10O10O10O10O100O0100O0100O002M_nnb1
20141009195814Mh_10,n\mk16fo17K2N3L3M4L3N3N2N1O]O_QNIan15dQNH[n17iQNFXn17i001N101O010O0010O0010O100O100O100O10ocRR2
20141104195854Bh_0,Uaie24ko11O1O2O0O0QOJVRN6hm1MWRN3hm1OVRN2jm1OTRN2km10SRN0nm11QRNOom11PRNOPn13nQNNRn12mQNORn12mQNOSn12lQNMTn15jQNLVn15gQNMXn15fQNK[n19]QNKbn1j0O010O1O1M3J5N300O1oQNZNhm1f1URN^Njm1l100001N1O2O0N3N2N1O101N1O100O1O01SO\N^SNc1bl1aNZSN`1el1aN[SN^1fl1bNYSN^1hl1cNWSN\1jl1dNVSN[1kl1eNUSNY1nl1fNRSNX1Pm1iNoRNV1Rm1jNnRNU1Sm1lNlRNS1Um1nNjRNR1Vm1POhRNo0Ym1ROgRNm0Zm1UObRNk0_m1_OVRNa0km1j00O1mNURNOmm1OWRNHL]Oom1n0PRNCXn1P13M2M3N201O001oNaQN?an1_ObQN?`n1_ObQN>Ro1L4M4L3LRanT1
20141104195854Bh_1,g]Sn12lo16K1O2N1L062K01N110O00000O1010O0010O010O001O0010O010O10O10O010O00010O001O010O001O000O1N2N2N2O2I6E:M3O2M3ZOd0M31O2O1M3H8G9M3M3K5I7M3N2O0O2N1O200O001O1000000O2O00000O002O010O000000000010O010O0000000001000O01000O010O000001O00010O1O1N1O2O1OO11M211MXgXj1
20141104195854Bh_2,jVmY34do1;J3M4L3N2N1N2O1N100M4L4L4N3M101O000001N2N2O1N101N20000O1O10O0O10OjMkNdUNV1[j1RO]UNn0ej1XORUNi0oj1^OgTNb0]k1B]TN=fk1HRTN9Pl1LgSN5\l11ZSN1gl1b12N00J7M20100001O1M3L4I6A?lNU1N3L3O1O1O0O10001M20O01N2O1O1O2O2N2N2O2JXP[a0
20141104195854Bh_3,PTSm08fo14[OG^QN<_n1H]QN;Xm1HZSN0]O9Vm1NVSNLC8Tm12PSNKK5Sm1P1lRNQOSm1Q1jRNROTm1P1jRNSOSm1o1O0O10O101N3M3N1O1QNoRNk0Sm1POSSNn0nl1lNXSNS1mm1M2O2O3L`0@3NO02OO0001N10001O001O0O2O0O10001O00O010O10O100O1O1O3MYj`o2
20141104195854Bh_4,TaeU23jo16J5M1N3N001N101O0010O1O001O1O10O010O0100O0100O1O10O01O1N1O101O0O100O100O0100000O10O01000000O2OO101O0010O00010O00010O00010O0IVOYQNj0hn1VOVQNk0kn1UORQNm0nn110010N1ON2L5M4IiPNEXo1<hPNBXo1`0hPN^OXo1c02M20100O010O10O1010O00000000000O1O1O1O002N1OL3O012O2O0O00001O1J^OoPNa0So1_OkPN`0Xo1O4M21O100000IaPNN_o13aPNL`o14`PNK`o16`PNIao17_PNI`o18`PNGao19_PNFao1;KEhPN<Xo1DhPN;Yo1EfPN<Zo1DfPN;[o1EePN;[o1EdPN;]o1EcPN;]o1EcPN;]o1EbPN;_o1EaPN;_o1E`PN;ao1E_PN;ao11100O10O010000O10000O100O2O0OQdl`1
20141104195854Bh_5,YjZc22do1>J4N2N2O11O4L01OO0001N101O1O11O01N1O3M2M3N1N2O2N1NYOYQN8en1CdQN;Zn1BkQN>Sn1APRN>om1ATRN?km1]OZRNa0fn1N1O1O1N100O0O2N1O1O1O1N[SmY1
20141104195854Bh_6,`\T]26io15K2N3M2N3M2N3M2O1O002N0010O102N1N1O100O001O001O1O1O1O001O10O1ePNATo1f00O1O010O1O1O1N2O2M2O1O1N2O1O001O0O200O002N2Mbb]_1
20141104195854Bh_7,ViZY16io12O2N1O010O10000000000000000O1000000O2O000O2O0O3M2O1N2O0O2O0O2N101001O4L2N0O100O11N4L;E4M00N3L9E7H<@kT_c2
20141104195854Bh_8,mgTf18go13M3N100O10000O0100O2N2O0O2N10O100000O1001N100O01000O001O10O01O1O2O1N2O100O21000OO1O001O0O2O2N012N01N:G0OO2N1N2O2N1M5J_USV2
20141104195854Bh_9,P]UY12lo12N2K5M3M3M2N2O10000001O0O2H8N1O2O0010O010O10O010O01O010O1O010O001O1O0O2O0N3O0O10000000000O0003N5J6Jcddc2
20141104195854Bh_10,h`QV21mo1001000010gPNObn12]QNNcn12]QNOdn10[QN0fn10YQN0hn10XQNOin10WQN0jn10RPl00`PTO3L0PQNMVn13jQNMVn12jQNOWn10iQNOXn11hQNOYn10gQN0Ro30RPN000SO1jQNOTn13lQNMSn13m00QQNMRn13nQNMRn14mQNMSn12mQNNTn12lQNMTn13lQNMUn12kQNNVn12l0O1OmPN0Xn10dQ80WoG000O1O1PONSRN1mn10M4J5M3JCkPN3ao1M]PN1ln;Olbnd1
20141104195854Bh_11,`gdo04ko12O1N1O100O100O1O10000000000010O01O001O1O0010O01O001O1O001O1O1O10O01O1O0001N100O2N1N3M201O0O20O01O01O01O10O01O010O00010O01O01O010O00010O010O0010O001O0010O01O001O00100O00100O1O010O1O01O00001O1NmWYj2
20141104195854Bh_12,hjjR3T1kn15L3M2N2OiNgQNe0So1H2N10O010000O3OO2N2M100O1O1000110O3K2N1N2N2N2O1O12M5XOTQN2mn1IXQN6in1D\QN;Vo1O1N2N5JkQgj0
20141104195854Bh_13,c\]Y11io30RPN12O10[P80YoG0hPN0co10H0cPN0fo1010O0loe00\oK0hP^O00000N1fPNOhn10XQN0jn11TQNOnn14lPNLZo14`PNMeo133N010001O000O100O10000O100000O100000000O1000O1000000000000000000O10000O100O10000O1O10O0100O1O1O001N010OO2000O02O1O1O1N104KYeh_2
20141120195834Ch_0,Sdl]2110ko11UPN0jo10VPN1io1OWPN2ho13O2O0000001O0000001O00010O010O100O1O00D^PN;ao1E`PN;_o1EbPN<ao1001O0000001O2O2M0O2OO11O0100O01OO10001O010O001OO011O011N1O00000010O001O00000O10001N100O10O01000001O00O100000010O00O010000O10O10000O01001O0O10O0100O10O1000O00100O0010O010O0010O0000010O001O00001O01O0001O01O000010O01O0001O010O000001O00100O001O00001O0001O0001O01O0000001O000000000O100000000000O1000000000000000O10002M4IfXcV1
20141120195834Ch_1,YaeR14jo13N1O2N1O100O10O01O0010O0100O010O01O001O01OO110O0010O0000010O001O00001O0O2O001N1O001O1O1O00010O1O1O01O01O1O00100O1O010O10001O00010000O2O000001O000O1O2N1O2O0N3N1N2O2N1O1N3N1O1O0O01J6I7N2O1O1O010O001O100O2M2N3N2O0O2N2O1O2N1N2O1O5HQbTf2
20141120195834Ch_2,jenU1;co14M2M3OO100O2O0O2O0N3G_PN0co1MaPN0en13o03M2\PNLZo1<10O100000000000000000000001O00010O1O001O000010O01O01000O101OO1000O01O010O10000O3M2O1N1O1O010O00O101O00001N1000001O000000000O10001O00000000000001O00001O00001O00001O00000010O01O001O001O001O001O00001O01O01O00001O0000O10000O100O10000O010000000O10000000000000O1001O000000001O01O000001O01O01O10O01O100O1O100O0010O0100O00100O1000O01O01O01O01O01O01O010O010O01O010O010O01O100O010O1O010O0010O000100O010O0010ORQNA[n1?eQNBDMan1a0j0O0O2O00001O1O001O00001O001O00001O0010O0001O00010O01O010O00010O001O010O00010O1000O0100O00010O000100O010O010O0010O0001O0001O01O01O01O0001O01O00001O01O01O0000010O0001O0001O01O01O0001O01O01O000001O01O01O001O01O01O0O2O0OXXeU2
20141120195834Ch_3,kiPa23lo13N1O1O001O002N1O1O1O1O2O0O10001O0001O001O1O00001O00000010O000100O00001O00000010O001N2O3M4Mc0\O:oQNcNkl1f1dRN`N`m1n14M2M2N102N1O10P1PO3L4M1M3M3M3M4KYRmZ1
20141120195834Ch_4,PYUY24ko12O0010O010O01O01O010O01O01O01O00010O00000010O0001O01O01O01O01O01O010O01O01O0010O0010O0000010O01O0001O01O001O01O0001O0000010O00001O00001O0010O01O1O0000001O01O0000000O1000000O1000000O0100000O010000O10O10O1000000O10O10000000000000000000001O000O1000000000000000000000000000000000000000000O100000O10000000O1000000000O1000000000000001O0O3LbfZ\1
20141120195834Ch_5,Tj`P28go11O1O1O1O1N1O2O0100O1000000001O10000O100O001O100O1O00001O01O000O101N1O1O2N1O100O2N10000O1000000000000O1000001O00001N4LjUgk1
20141120195834Ch_6,h\U^23ko13N1O1O001O0O10000O1000O010O10000O2O0O1001O01O0001O01O00010O000001O0000000O10001OO11O0000001O000001O000000000001O0000001N101N10001O000100O00100O1O2O0O1O2N1N3M]ej\1
20141120195834Ch_7,knfQ2<co11O1O1N2O0O1O0O1O20O11N1010O010O1000O10000001O000001O0100O11O000001N2LcQQl1
20141120195834Ch_8,_eTb0:fo11O1O1O2N0010O01O01O001N2O010O10O101O00000O101N11O10O1000O11N1O3N4L=B12N8G1N2O100O1020O5M4L0N;WQNTOdm1h1O04K2N4L2Ld0[O7I6J7HQVWZ3
20141120195834Ch_9,fUog12mo12O1O2N6J000000O1O1O1O10000O100000000O11O000001O0001O01O010O01O0100O0100O10O1000O10O01O100O010O1O010O010O010O10001N5L2N2N3M5K3NO1O1O1N2N3M5J:Elh`S2
20141120195834Ch_10,ohX[32So12bQN2[n12bQNN\n17`QNK^n1:^QNG_n1=^QNDan1?[QNDQn1D[RN[1dm1hNXRN[1gm1gNSRN]1mm1;000N2O100O1O1000000010O01O000GnQNbNUn1X1=M2M4N2N1N3O0O1O2M2O2O0O1O101N1000001O00000010O0000100O010O01O1O001O1O010O0010000O01000O2O0O010O1O1O1N2OgWi?
20141120195834Ch_11,Ye]\28go12O001O1N101O1N2O1O1N2O1O1N2N2N2N3K4L4N2O2M3N1O2O0O1001N2O0O10O0O2O1N2N2M3N2O\OnQN[OQn1e0oQN\OPn1d0PRN\OPn1d0PRN\OPn1d0PRN]OPn1b0PRN^OPn1c0oQN]ORn1a0PRN^ORn1`0nQN@Sn1?mQNAUn1=kQNBWn1<jQNDXn1:hQNFYn19fQNH[n18dQNH^n16`QNLan1i0102M3N2M1000O001O1O0001O1O4L1O002N1O3M2N1O00001O1O2LhY^^1
20141220201934Ch_0,eQkm01mo13N2M2N200O10O001O0010O001O010O010O01O10O010O1O10O0101O001O10O0100O0100O0100O100001O0000010O000010O010O00001O1O1O001O0O1O3N1N2O1N101O0nSNUOnh1l0PWNUOPi1k0oVNTOTi1k0S3N100O2N2M2O0010000O1O10O10OhRN@oj1a0oTNAQk1?lTNBVk1>hTNBZk1>cTNC^k1=aTNC`k1>]TNCek1<YTNEik1;STNGnk19PTNGSl18jSNJWl17eSNJ^l16\SNMgl13TSNOnl11oRNOTm12gRNO]m12\RN0gm11SRN1Pn1m04H8K5L3M5I7J5LdkXk2
20141220201934Ch_1,Z[YP13jo14N3M20O01O0010O000O010O100O000010O001O001O0O2O0O2L3N2N3O0O2N10000000O0001000O10000O100O2N1O2N2M201O1N101O001O001O00000010O0000000O02O00O100000O10O1O00010OO2O2N4KTgbj2
20141220201934Ch_2,fTc]22lo14N1O1O1O10O01O01O01O01O100O01000O0010O010O0010O0001O01O01O01O01O01O01O01O0001O00000000000000000O1000O1000O0100O001O10O01O01O001O001M2N2O1J6M3O10N3O1N2L4M3N2O1O3LmkX]1
20141220201934Ch_3,bPYd24ko13N3N4_PNJon1f0M200O1N203N20O2O6JOO0N4K6J4L5Jem^Z1
20141220201934Ch_4,ffX\11no14M10O1000O100O01O0100O2N001O100O101RRN2gk1OoSN=nk1EaSNm0\l1TO\SNV1al1lNXSN[1gl1n02N1mNVSNnNll1`0jSNWO\l1a0h1G=A`Xka2
20141220201934Ch_5,_VSZ25jo14M2O101O01O000O0100O2N1O1O0010O1O1O1N1O100O100O1O001O1O1O1O1O[hlc1
20141220201934Ch_6,S\ie19fo12N3N1O1O1N3N1O1N1O2L3M3O11O00001O00000000O010O01O1O100O1O100O1O100O100O2N100O1000001O00001O1O1N7IocRW2
20141220201934Ch_7,m_^d17do16M201O000O1000000000O1000000O100O10000O100O10001N100O101N200O0100O1O10O0100O000010O1O010O01O01O1O001O1O001O0O2O1OPP60noI3N3M101N1O3M2N3N1O1O2N2O2M8I4K2N10O1N101N1O2O0O2L4L3N3M3N100O2O1N101O001O0010O01O0010O10O0100O2O1N3N2M3N1N100O1O2N100O0010O010O010O1O002N1O2N2N1O2N1O3N1N1O101N10000O10000O010O010O010O0010O01O00001O00001O1N2NT^UQ2
20141220201934Ch_8,XolR13lo110001O0O1000000O1000000O10O100000O10000O100O010O0010O010O10O0100O100O10O1O001O001O10O01O01O0010O010000O100000O010000000O0100O01O010O001N101O000010O0O3N1N3KlQUh2
20141220201934Ch_9,RTSk1b0Zo14M4M2N3L4N3N9K36FOO10O10O1SObQN4an1ElQN2dinS2
20141222201814Mh_0,lPeg18go13O000O11O001O000001N02O0O0100000O10O1O100O010O100O100O1O100O1000001O00000010O010O010O10O0010O01OO2O000O100O01000O10O01000000O100O0101OO010001N10011N2N002O1N01O1O001N2O000O101O001N100O2MXl^R2
20141222201814Mh_1,mkbR32lo13M2N2N2N1O2O1N1O2N2O0O2O00O2O001O001O000O2N2O01O01O000O10O00100O100O010O100O0100O2N102M5HhUaj0
20141222201814Mh_2,i`\_29fo12N101N2O0O101O0O10001N2O1O1N2O1N101N1O1O1O001O0001M2010000O1000000000001O0001O0001O000I7M4N10010O00010O000010O01O010O0010O0100O00100O10O1O1O10O01O000000000000001O001dPNFPo1g0N2N1O001O0000000001OO10O1O1O1O1O1M201N101N1O2O1O1O1O1O100O2O1O1N101O1N2O0OV_oX1
20141222201814Mh_3,T\Q]29fo12N101O01O000001O001O1O1N3N1N2N2N2N1O2N2N2N2O1N1O1N01K5M211OO10010O0O2N1O2O0010O100N3L5I7GldR`1
20141222201814Mh_4,ogji26ho14N001O1O1O2O4L5LO00010N100000002N2M2O1O000O0100O001000O101N2N1O2N3MmVoS1
20141222201814Mh_5,hPkY3b0^o18H6J4L9G9G3M3N5J10`NZRNd0gm1WOcRNDEf0im1BWSN2ml1Lf1KToVe0
20141222201814Mh_6,fl`m03jo16M1O2N4L6J3N00O1O1O000O2O0O100O1O1O1O1O1O1O100O00100O10000O100O100O101NYSUP3
20141222201814Mh_7,hbbT2<co13M2N2O2N0O2O00000000I7N2O100O10001O0000000000000O2O0000001O0O2O2MW]Yi1
20141222201814Mh_8,^ob`15jo13N2N2N2O1O1O1O1O102M9G2N0101O1M5FQPY^2
20150105104334Ch_0,PV[W32no11O0O20O01O001O1O1O100O1O0010O00010O100O100O010O10O10O1O010O10O01O010O00010O000001O000000000O10O10O10O1000O010O100O010O10O010O0001O010O01O1O1NmiTd0
20150105104334Ch_1,XUS\22mo12O001O00001O00010O00001O00001O00001O0000000000000010O000000001O01O000000001O0000001O01O01O01O010O0010O010O01O01O01O010O001N101O1M]jh_1
20150105104334Ch_2,iUoc11ho1;G6K5F9G9J6N0O01E;M20QO\OaRNe0`m1k030N111O0010O1YO[RNSOfm1?QSNXOol1d0W1N3O0001N01001O1O1N2N2M3N1MN5O1M4N2L5M3L4N2N2M4MmnRY2
20150105104334Ch_3,][ST1<ao14M3N1N3M2N2K5B>N1^OgN\RN[1cm1a00000ETN`RNn1bm1710O02O0O3M4L9G4L2N1O2O0O4M2N2O1N11N1N2N3L3N11ZOoQN[OUn18if\i2
20150105104334Ch_4,h[ei24jo12N2N2M3aNFhRNj0Sm1_OgRNb0Wm1DeRN=[m1G`RN8em1IURN9Pn1g07I4J6J7I7J;B_eXU1
20150105104334Ch_5,Q_nR22mo12O0O1O10000O10000O1000000O10001O000O2O001O000010O01O00100O0010O01O10O10O10O10O10O10000O10O010O1000O01000O010O0100O10O10O010O10O10O10O10000O1O101O0O100O2O000O010O100O0100O1PQNLSn14jQNOVn11hQN1Wn10gQN1Zn10aQN3`n1f0001O001N2O001O1N101N1O2O1N101N1O2O0O2N101N10001O001O001O1O1O1O100O2N5KQP23noMNi^md1
20150105104334Ch_6,S\gc09eo13O1N101N3N2M201N2N001O0O100N100O0O20O00O200O1O1ZMFeUN<Pj18eUNJVj1b0_UNB_j1P3N3O0O2O1O]LkTN]2Sk1`MWUN[2hj1bM`UNY2`j1cMiUNY2Vj1dMQVNY2ni1dM\VNV2fi1eMdVNT2ik1K3M2N2N2N1O1O1O001O1O010N2eNTRN`0nm1YO`RN=ln1FSdhX3
20150105104334Ch_7,Zl`R14io14M1N2O1N100O2M2L401O010O01N2N1O1N0O2011O1N2O1O1O1O1O10001O01O2NjU]k2
20150105104334Ch_8,SZgU29fo13O0010OO2O0000000O10000dRNFQk1:kTNJUk17eTNM\k13`TN0ak10nSNDQO>Tm1NgSN?\l1@cSN=bl1B\SN?el1BWSN?ll1AnRNc0Tm1\OgRNh0Zm1n02M2N2O1N3M2BPRNjNQn1S1`0N2N2M2N3[O[QNKhn13d0M_elg1
20150105104334Ch_9,dhd?5jo12O0O2O0O2O0O201N3M2O01O00001O0000000001O015J2O0O03O2YOePNa0^o1O2M2O000O101N10O0100O01O01O01O010O0000010O000010O000000000000000000O10000O10O0100O1O101N1001O2N1O1O001O00000000000O100000001N10001N2NkU]Z3
20150105104334Ch_10,TZeU24ko7MUPJ1OO10QP20ooM0aP40iQJ1Zk1OfTN1dm1OUo17_QLJZo10PNOQTN3bk1MoRN0`00O2nm1OSRN0lm1OXRN1el1OgRN10Oh01gn1O01O01O00bo16VPNK7O10mN0WRN1jn10SOO\QN;KFUo11`00N1Vo?2eP@8C<O100O0100M3N2N2N2N2O1O2N1N2O1O2MofTf1
20150105104334Ch_11,mmhc12jo17L2N2N2N1000010O01O001O000000000001O01O01O1O010O1O1O1O1O1N2O1RQNYOan1h0]QN[O`n1g0]QN[Ocn1f0ZQN\Ofn1o0O1O001N1O10001O0010O100jNaQNk0_n1TOdQNj0\n1TOhQNj0hn1AQQNKQo11RQNNSo1KPQN4_o1O1O0O2O[QeX2
20150105104334Ch_12,ReXj0=`o15M4N12M2O0O10O:F9G9G:F1O0O2O001N101N1O1OmN[RNKfm10`RNN`m10dRNN]m1NhRNOYm1OkRNOVm1NmRN1Tm1MoRN1Rm1MPSN2Rm1ISSN4^n1O002NdXeS3
20150105104334Ch_13,hRQo04lo1000O100O010O10O010O01O01O00010O000100O10O10000001O000000001O0010O010O010O010O01O1O1N3M3N101N2N101O1O010O0O20_OiPN6Wo1EPQN:[o100001N2O1O1O0010O1O2N1O001N100O1O1O0O3M3LRlRl2
20150124081954Uh_0,jojh18go13M2O001O101N3N1N2O00002O002M1O000000001000O1O000O2O102M3M0000000O2O000O10O010O01O000010O0001O000000001O0001O00001O000O101O0000001O00001O01O010O0010O01O010O001O010O00010O1O01O01O01O01O00010O000010O000000010O0000000000001O00000O1000000O10000O10000O10000O1000O01000000000O0100000O10000O10000O10000O010O10O10O10O10O010O0010O0100O01O01O001O01O001O0O1O100010OO1N2H8000000100O001N2N2N101O1O001N2O00002N5Jgodj1
20150124081954Uh_1,di^W31no11N2O2N000O1O2M2O2O00000O1O1O0WOj0N2O100O00O10OZOfQNH[n17mQNBQn1a0b0310000O2N2N2G9N201O100O1000000001O1O001O2O1N3N2N1N101O000000O10O10O10000001O01O1N200O1O0101N102N1O00O2N1O1M5L2MfW]c0
20150124081954Uh_2,TX]k13mo11M2O1O1O100O1O2N2N3M5K5I6[QNSOmm1V1iQNPOQn1b1N2N3]OVNkRNn1Sm1c0LPORSNWOfl1e0aSN^O2QOck1X1eTNJ_OTOjk1n0nTN?Pk1POcUNo0\j1POiUNm0Tj1UO[VN=ci1D`VN:_i1EdVN:\i1XO_TNJX2m0Yi1VOXWNh0ih1TO[WNj0fh1UO]WNh0Ul1CYf^R2
20150124081954Uh_3,bRgS13mo12M101O000O1O1O2N1N3N2M3NGjPN1nn1h0I4K3N2N2N1O2N000000O100iNbQNk0`n1nNiQNn0fn1O2N1000O11O10000O10O3M2O2M6KN4M1M5K3M4L3N1N2O2N1O1N2O2M3Mlkfh2
20150124081954Uh_4,`kV`11no13N1O00100O00010O01O00010O000001O0001O0001O000001O0001O0000000000000001O01O0O10O100000000000O10000O1000O0100O0100O010O010O10O0100O10O100000O0100000000000O010000000O100000000000000000O10000000O10000O2N1OfT]Y2
20150430082014Th_0,\dni28fo13N1N2O1N1[MCiUN<Xj1EfUN:\j1HaUN6bj1K]UN3ej1NZUN1gj10XUNOjj12SUNOmj13QUNMPk14nTNKSk18jTNHWk19gTNGZk1<cTNC^k1?_TNAbk1`0\TN@fk1?YTN@jk1`0TTN@mk1`0RTN@ok1?RTN@Pl1?oSNARl1>nSNBTl1=jSNCXl1=gSNC[l1<dSND]l1<bSND`l1;^SNFdl1:YSNFil1:USNGml1;nRNFSm1?gRNAZm1a0cRN_O^m1b0_RN^Ocm1c0ZRN^Ogm1c0VRN]Olm1c0RRN]OPn1d0mQN]OTn1d0gQN^O[n1S13L3M3M3M5I7I7Hl\mR1
20150430082014Th_1,\Vcg11oo1001O1N101O001O0O2O0000001O0000000000000000001O00000000000000O10001O00000000000O100000000O100O100000000O10000000000000000000000O1000O10001O0O10000O100O100O101O000O1000000O100000000O100000000O1000O1000O10000O100000000O10O10000O10O10O100O01000O01000O10O10O100O010O100O010000O00100O0O2O1O1O001O100O1O0100O1000000O10O10000000O1000O1000000O1000000O10000000O1000O10O100O10000O0100000O10O0100O1O001O1N101O1O1O00100O100O1O1O1O1O101Olo3OTPL1M4M3N1N3M2N2N2N2O2N1O1O1O100O101N1O101N1O1O101N100O101N100O010O1O10O0100O0100O001J6L4M2N3N2M3O1N2O1N2O010O1O100O100O1O100O100O100O1000O0100O1O10O010O1O010O100O10000O010O10O0001O010O1O100O010O100O010O01O01O000010O0100O0100O001O000000000001O001O10O10O010O00000O100O2O010O0100O1O1O1O1N2O1O1O2M2N2O100Ocm`a1
20150430082014Th_2,jY]Q11oo10O100O10000O1000O01O1D1gPNOXo14ePNMZo1=O1000000O1000O1000000000001O000O1000000000000000000000000000O100000000O100000000000000000000001O0000001O001O001O001O00010O00001O000000000000000001O0O100000000000001N1000001O0000001N10001O1O004K4M1O001N1000000O10000O100000O100O01000O10O1000O1000O100000O01000000O1000000O010000000000000001O3M1O1O1O001O001N101O001O1N101O0O2O2N0O2O1O0O101O0O100O2O0O10001N100O2O0O2N\fZb2
20150430082014Th_3,Qnf[36ho12N2N10010O0001O01O0001O10O01O00100O00010000O010O010O001O001N1C>N101O01O0O2O1N2O1M3K5N3M2N[S]a0
20150430082014Th_4,_^ih23jo14L3N2O1N2N1O1O100000001O0100O10000O100O100O100O1O1O100O1O10000O01000O010O01O01O00O10000O010000O1O2N1O2NiblS1
20150430082014Th_5,\^Qh12lo14L2O001N1000O11O0O11OO101O000001O0O101OO2M2O2N200O00100O01000O01O01O0O1L3O02N2O2M3L5G\cVU2
20150430082014Th_6,PZaP17go13N2N1O1OO2N1O2O001O0010O10KZPNOfo12ZPNMfo13[PNMeo13[PNLeo14\PNLdo14310OO2N2\PNH^o19220EcPN5fo1Meok0N^PTO000cPN0jn10VQN0jn10VQN0jn10VQN0jn10VQN0jn10VQN0jn10VQN0jn10VQN0jn10VQN0jn10VQN0jn10VQN0jn10VQN0jn10VQN0jn10VQN0jn10VQN0]o10\O0XQN0hn10XQN0hn10XQN0hn10XQN0\o1000000000000000000000000000_o;0aPD010_PN0Po10PQN0Po10`010O0001O00000001O0000000000oo=0PPL0QPF0dPN0hn10YQN0[o10ZO0\QN1cn1O^QN1an1O`QN1_n1OaQN2]n1Oj0O1000O10O10O1000O1000oo10QPN000TQN0hm10XRN0hm10WRN0mn1000O1mNOWRN0mn1000O0100000ln30WRJ0mn10lN0T10O10O1000O10OVQN0fm10U1000000000RP62moI000O10O100O2OXPh00goWO00010O0000010O0000010O0^fbb2
20150430082014Th_7,_[]l06io11O100O10000O1000000001O0000000000000000001O000000000000000000000000O10000000O1000O1000O0100O010O100O100O010O1O01O0O1K6O1MQefo2
20150430082014Th_8,cin\19go12N001O1O001O2O000O10O1000O010O10001O01O100O001N10O10O101O000O2O1N1O1N3M]Ug`2
20150430082014Th_9,Zmh]21no13N001O001O001O0000100O00001O00001O000000000000010O000001O10O01000O10O01000O010O1O2O0001OO0100O1O2O0O3N1N100O10O010O1O100O2O0O100O01O01O01O01O01O01O0000010O0000001O01O0010O0001O001O010O00001O000001O00001O0O10001O01O000001O00000000001O00000000000001O000000001O00000000001O00O10000O10001O000O101N3MZQmX1
20150601122834Ch_0,_^Sl12no12M2N2N2O000010O01O001O010O000100O0010O01O0000001O000000001O0O1000000001O0000000000001O00001O0001O01O00100O001O01O010O010O10O01O000010O01O010O000001O01O0001O00010O000001O01O0001O000000001O01O000001O0000000000000000000000000000O10000000000000000O100000O100000000O010000000000O01000O10000O100O100O100O001O1O10O01O01O10O01O010O010O100O01000O10O0100O1000O010000O1O01000O1000O010000O10O1000O10O1000O01000000O0100000O010000000O010000O0100000O10000O100O100O3Liafe1
20150601122834Ch_1,hoTd22ko17L3N3L3N1O1O1O100O00100O01O001OO01000000005L:E1000O1N1O10O01O0O101N2O1N2O1N2O2N1O1O1O2N100000O1001O01O1O2O2gQN\Ool1h0iRN@Tm1c0cRNCGIQm1h0oRNDLHVm1b1gRNaN[m1]1dRNdN_m1W1cRNiNam1P1bRNPObm1k0`RNTObm1i0_RNWOdm1d0_RN[Odm1a0^RN^Ofm1<\RNDjm12[RNMln101O001N2O1NRlVW1
20150601122834Ch_2,o[if22jo16M2N2N100O101N1O100O10000O10000000001O00000000000O10000O101N10000O1001O0000001O000010O0001O001\OlPN:^o1N3N1O1NoclU1
20150601122834Ch_3,XYe^14jo12N2N100O1O1N2O1O1O1N1O2O0101N2O001N101O00000000O1L301000O101N2O2N1N4LVhR_2
20150601122834Ch_4,_Poj02lo13M2O100O10O0100000000O10000O101O000000000010O01O01O01O0100O10O10O1O1O1O1O1N3L_o`R3
20150601122834Ch_5,foPU16go13M3N2N1O100N1O2L02002O100001O1O100O1O100O10000O2N2N101N3M3KXQQi2
20150602122934Ch_0,TPUo2<bo13N1O1000O101N101O0010O10O01O1000100O1O1O2M3N1000O01O1O01O2N1O2O1O1N1O0O1001O0O1000O010O0100O1TTNBTh1`0fWNEZh1;cWNH]h17aWNK`h15^WNLdh13aUNA:>Vj12\UNG88]j12WUNJ86bj11SUNL84gj1OoTN072lj1NiTN371Rk1MdTN56OYk1L^TN84N`k1KYTN:1Nik1IRTN<0LQl1KeSNi1_l1h04M4L4L4L3M4L5J6H;DT1kNalVl0
20150602122934Ch_1,e^kV22mo13N1O1O001O00010O010O000010O0000001O0000001O000000000000000000000001O000000000010O000001O01O000001O0001O000001O0001O01O000001O0001O01O0001O01O01O00010O00001O00010O0000001O01O01O00001O00001O01O0001O00000000000000000000000001N10000000O1000O100000000O1000O10O1000O01000O100O01000O100O010O100O10000O10O10O1000O010000O10O0100O1O010O10000O01000O10O1000O10O10000O10000O10000O10O0100O100O01000O010O010O10O1O01O01O010O010O10O010O00010OO20O10O01O1O010O001O2O1MQbP[1
20150602122934Ch_2,RkPc21dm11dTN3Yk1OQTN0mN3Qm1MoSN6kN0Um1KmSNk0Sl1UOlSNl0Tl1VOhSNm0Xl1ROfSNo0[l1ROcSNo0^l1RO_SNo0al1RO]SNn0el1ROYSNn0il1ROUSNn0ml1ROPSN9@Mam1KkRN:mm1GlQN=Vn1g00O0O3M3N2M3M3M4ASQNERo10XQNLWU][1
20150602122934Ch_3,amnT23mo11O1O00001O0000000001O000001O000001O0001O00001O001O001O001O010O010O01O01O01O01O00010O0001O000010O0001O0000001O00001O01O01O0010O10O010O010O01O010O01O001O0O3MjQSf1
20150602122934Ch_4,k^Vn08do15K5K5^O@^QNe0^n1a0N2O1O002OZOeQNF[n16jQNIWn12mQNMTn11nQNORn1NPRN2Qn1LQRN2Qn1MPRN2Qn1LPRN4Qn1JQRN4Qn1JPRN6Qn1HPRN8ln11O0001O00001O1O2N1O2N2Nd`go2
20150602122934Ch_5,\PWW15ko10O2O001N100O2N100O2N100O2O001O01O010O010O000000O100O01DjPNMVo12<01O1O01ko5NUPJ3M2O010O1O01000O10O10O100O0010O01O01O01O001O00001O1N101O0010O00001O1O001O001O001O3KQQic2
20150602122934Ch_6,mXQ\25jo12M2O1O1N2O1N2O1O0O1O10O100N101O100O01O0L5I600O100O11M10M4L4N2O11N2M2N3N2N2O001O1O2O1N2O1H8M3O1O2Lkij`1
20150619133554Bh_0,^VQR38fo14M100O2O0O10O10O1000O010O0O2OO0O2N2M3O2O001O01000O10O1000O100000O100000001O000O10010O01O010O100O10O100O1000O0100O100O101N010O010O10O01O010O1O010O1O001O010O001O01O010O001O10O01N101K400O100O0100O100O010O1GfPNLYo14hPNKYo15gPNJZo16gPNG[o19600O100O100Nkilf0
20150619133554Bh_1,]`b[12mo13M2O1O2M3N001N101O001N101O00001N1000001O010O001O1O001O0010O01O00001O0000010O01O0010O01O100O010O010O10O0010O0010O0100O101O01O10O01O000000000O10O01000000000002N2N3M0O10000O100O1O0100O10001O000O2O1O00000O0100O010O0100O1O100O101N101N100O10O010O010O010O010O010O0100O01000O01O10O010O01O010O00010O0100O0010O01O01O01O01O01O01O00001O010O000010O000001O01O00010O00001O001O00010O00001O000001O01O0000010O00000010O00010O00010O01O0010O0001O0001O01O0000010O000000010O00000001O010O001O010O001O010O00010O0001O010O000010O0010O00010O01O10O01O01O01O010O01O10O0010O010O01O010O001O010O00100O0010O010O0100O010O00100O001O0010O01O001O001O00100O001O001O001O010O1O001O00100O1O001O10O01O1O01O01O010O00010O0010O0001O010O000010O00010O001O010O1O100O1O00100O0010O01O010O100O100O100O100O101N001O10O01O10O01O10O0101O0O1000O10O100O010O010O10O01000O2O1O2N2N1N3N1O000O100O010O01O10O01O1O100O2N100O1O010O1O010O0O2O2M2N3M2N4K8HhXch1
20150619133554Bh_2,_dPV32mo13M2N3M2O1O0O100O100O100O1O10O01O001O100O010O100O010O10O01O1O10O0100O010O10O10O01000001O0000000000010O01O010O0100O0010O0100O01O010O10O02O000000O10000O10O101N101N101N100O10011N1O1O2N2N2M2O2N2N3M2N1O1O1O1O000O1001N10001N10O10000O101O01O01O0O101N2O2N2M5L5J7J2M2O00000O10000O010O01O0010O01O1O00100O010O1O10O0100O001000O0101O000O10O10000001O001N11O000000001O0001O0003lRNmMTl1Q3O2N2N000001O001O000O101O1N101N100O101O001O0000001O01O01001O10O01O00O1O0O2O2M3M3N3L3M3M2N3M3M6J8H4K5L9G<C5L7DkTU;
20150619133554Bh_3,X`Pc2:do14M2N101O000010O01O00100O010O100000001O1O1N2O1N100O0010O01O1O011N100O100O2O000000O001O0O1M3N2O1O2N100O101N2O1N2O2N2M2O0O2O1N2O2Lk^mX1
20150619133554Bh_4,ekhY26io13N1O1N2O001O001O1N110O1O11O1N2O1N100O1O100O1O010O000010O00001O00000010O0000000001O0001O001O01O010O010O010O10000O100O101O00O010O100O2OO02N1O1O2NVSea1
20150619133554Bh_5,Y]lR1:co16K3N3L5L5oPNTOen1V1L2M2N110OSOcQN7`n1HfQN3Yn1NjQN0Un1OnQN0Qn10QRNNom11URNMjm12YRNNdm13^RNLam14aRNK]m16eRNIZm17hRNHVm19kRNHRm19PSNFnl1:USNEil1;YSNEdl1=]SNC`l1>bSNB\l1?fSN@Wl1a0jSN_OTl1c0mSN]OPl1e0QTNZOnk1e0UTN[Ojk1c0YTN\Ogk1b0m1L4M2O2N2N3M2Nhd_j2
20150620161314Mh_0,R]im26io12O001N10001O00000O1000000O010O01O010O0100O010O010O010O0010OO2O00001O00010O0010O000010O00010O001N1M301N1001O1O001O1O100O1O1O0010O01O0010O01O010O01O0010O01000O01000000O01000000O10000O101O0O10001O0O100000001O000000000000000O101O[dRk0
20150620161314Mh_1,Rcho11no13M3M2O0O2O0O10000O2O0000000000001O0000000O1000001O00000000001O01O01O000000001O00000001O0000010O0000001O0000010O00000010O0001O01O01O010O00010O000010O000010O0100O1O00100O1O001O010O001O001O10O01O00001OO2O00000O101N1000001N10000O1000000O2O000O100000000000000001O0001O00000001O00001O00001O010O001O00001O01O01O00010O00001O01O01O00001O00000010O00000001O01O0000010O00010O0010O1O10O01O101N100O2O1N3N1N2O2M4M0O2O1OO10000O1O010O1O10O0100O010O10O01O010O001O1O00100O001O000010O01O01O01O1O010O00001O01O010O01O01000O010O010O010O0100O101O0O2O00O0100O010O1000O10O0100O10O010O01O10O01O101N1O100O1O10O01O100O101O0O2O0O10O01000O10000O103M1N2O001N01O00001O001O1O001O1O1O001O0O2N2N3K5JYY][1
20150620161314Mh_2,clhd11oo10O100000Omo10SPN2N100O100O100O1O1000001O000O10000YLIfWN6Wh10eWN1Zh13cWNM\h15cWNK]h17aWNI_h19_WNGah1;]WNEch1>ZWNBfh1b0VWN^Ojh1e0SWN[Onh1h0nVNXOSi1l0hVNTOZi1m0bVNTOai1m0[VNSOhi1n0TVNQOni1Q1nUNPOUj1P1hUNPOZj1Q1bUNPO_j1P1_UNPOmj1f0QUNZOWk1a0fTN_Ock1:[TNGgk19UTNHnk17oSNKSl14jSNMXl14cSNO_l11]SN0el11USN2nl1NkRN6Wm1O^RN5em1Q14L3L4M2M3L5J6K6I8F]UUW2
20150620161314Mh_3,b[Ug05jo12O00000000000000000000000000O10O10000000O0100O00100O100O010O1O001O1O000N3M201O00100O01O00100O01000O1O010O100O10O10O100000O010O100O01000O1O1O001O1O100N2O001O1O001O000O01O1N2O100O2O0N101O1O1000O1N10010O10001N100O2O001O00100O001O10000000O01000000000O1000O0100O1O00001N1O1O2N100O10O10O2O0000O01O1O10001O000O100O110O01O01O010O010O100O10O10O10000000O10O1000000O2O000O2N2NngZm2
20150620161314Mh_4,jlV\1=bo13N2N2N3M6J2N20O3N1N1O010O1N2O001N100O2O1O2N2OO2O0N2O1O0O2N101N1O101N2O0O10O2N2N1O2N2OOO2O001O1O001N1O2O0O1O2O00O01000000O010000O010O10O010O10O10O01O10O0001O000001N2O3KlQ_^2
20150620161314Mh_5,YdRf07ho18I1N2O1O1O1O1O2O1N2N1O0000010O02N2N1O1O00000000000O1000O1000O2O001O011N5L000O10O1O010O1O001O001N101O1N2O101O18G010OO01000000O2O1N1O1O1O1O001O2MZZ[U3
20150620161314Mh_6,Z`jf1:do13N2M2O2M101O1O1O0010O010O100O100O2O001N2O001O0O2O001O001N110O000010O010O001O1O00100O1O1O100O10O01000O01O01O001O00001O001O001O001O10O01O1O0010O00010O3N3L2O1N4L5L3L2N100O001O01O001O1O4L4K4M1N3L4Le^QS2
20150620161314Mh_7,_ind25jo12O1O001O1O1O10O1000O100O101O1O1O001O100O000002O2O001M5K2M2OO1WP<1goC3M2N101N2N100O2O0O1000000100O1O00010O1O00O20O00O100O100O0100O001O001O000010O01O1O01000O010O100O1000O101O1O00001O2O0O2N001O1O01O1O1O2N1O0O2O0O2O0O100O10000O10O01O010O2M2O2MaRWS1
20150620161314Mh_8,hUY[32mo12O0O1O2O0O10000O10000001O0001bPNKon15PQNLPo14oPNMRo13mPNOQo12lPN0To1>001N1O1O2N1O101O0O101O000010_PNCO4Zo1a01M6K1O000O010O100O010O101O00000000000010O00000010O0001O0010O010O01O01O00001O00000001O0000000010O00100O001O001O001O0O2Naih>
20150620161314Mh_9,X^^\15jo12O1O001O000010O01O010O010O100O10O10O101N010O10O010O001O1O00010O001O01O01O01O000010O01O000001O000000O1000O10O01O10O010O01000O0101O1O1O1O11O1O1O0O100O100O010O001O01O01O001O001O010O010O010000O100O010O1O10O01O1O001N101Nd`g\2
20150623152934Ch_0,QoXe0;eo11O0O2O01O01O01O1O100O1O001O01O001O1O1O100O001O001O00001O0000001O01O0001O00001O0010002N2O3L2N001O1O1O1O0O10001O01000003N4K1O011N10O1OO011N10O1O10O002N0O2O00000001000O0001O101N0002OO2N2N010000001O0O01001O2N2M5K=C;F3M3M0N2O1N4M3L3N2N4LjMYSNX1al1aNlSN_1Zm10N2O1O1N100O001N3N2N2OmM_RNf1Sn1J3O2N3L4L7G7I4L2N1O2M3ISihQ3
20150623152934Ch_1,W^RV26ho14N0O001O001O1O0O2O001O1O10O01O100O010O10O100O100O1O10000O2O0000000O2O0000000000000000000000000000O2O0010O01O01O011N2O0O10O010O010000O01000O1O00010O010O0100O10O0101N10001N100O01O00000000000000000000O01000O10000000000000001O00010O001O10O01O10O010O00100O010O100O010O100O1O101N1O3LQaUa1
20150623152934Ch_2,X[_h11lo14N2O1O1O1O1O1O1O1O01000O10000O10000O10O100O100O010O00001O010O001O00001O0000000000000O10000000O010000000O1000O0100O100000O0100000O01000000O0010000O10O10O10O010O010O0010O10O10O01O0000100O010O00000001O010O0000010O00001O001O0O100O1O100010O1O1N2N2MGMkPN0Wo14fPNJ[o18fPNEYo1<5O1001O001O100O100O001O1O100O1O1O1O1O1O1N1O2O1O10000000001O00000000O2O001N101O0O100O1O100O1O1N2O001O000O1O1O2N1001O0O2O0N2O1O2O001O001O00000001O00100N101N10001O001O010O1O001O001O100O100O1O1O1O100Olg^i1
20150623152934Ch_3,ZnZe25ko10O2O000O1O1O1O1N2N2O1N2mNBbRN`0\m1CbRN>]m1E`RN;`m1H\RN9dm1IZRN6gm1MURN4km10nQNMXn1k02O100O001O0000N1OE?K5M3N2M3AgPN3\SaX1
20150623152934Ch_4,S[eh11oo1000000000dP<1\oC0000000O01O00QP20PP60ooa00_og00mP^N0D000B0hP`00QdjQ2
20150623152934Ch_5,TlP`28fo13N2O1O10O100O1000O010O01000O2O002N2O1N3M3M1100N2OO01OkQN[Ool1d0mRN@Tm1`0hRNBZm1>aRNEam1<ZRNEim1b0iQNBZn1P13M2M4M3L3M4K4I9BdR[]1
20150913082034Lh_0,QV[a15io13O1O1O01O01O0000001O001O1O001O1O2O5J1O2N100O10O001O00000000001O002N1O2N3M2N1O10O01O0000001O00001O001O01O0001O000000000001O000000000000001O00010O0001O001N2O1NVidY2
20150913082034Lh_1,[TS[2;co13M2N1H8N2M3^Oa0O2O010YOfNhRNS1EgNfm1l19M2J7@`0K6J5N5Klmdc1
20150913082034Lh_2,Uam^28fo13M2O1O001O10O1000000O0100O101N1N2M4M2O101N10O100N2O1N3O1N2N3M100O101N100O100O1O100O10O10O100000O010O010000O1O2N\_`]1
20150913082034Lh_3,XUcf24ko110O0100O10O0100O101O0001O01O1O0100O0100O101O001O1O1O011OO1000000O0O2N1O2MRjPW1
20151003081954Uh_0,^fn^25ho16J5L5L9F7J3M2N2N1O1OUOeQN3Zn1KlQN3Qn1MRRN2mm1NURN1jm1OXRN1fm1O\RN1bm1O`RN1^m1OdRN1Zm1NiRN2Um1NmRN1Rm1OPSN1ol1MTSN3jl1MXSN3gl1L[SN4cl1L_SN5^l1LcSN4\l1KfSN5Xl1KjSN5Ul1KlSN5Rl1KPTN4ok1MRTN3lk1NUTN2ik1OXTN1fk10[TNOdk11^TNNbk12_TNM`k14bTNJ^k15eTNIZk17hTNHXk18jTNFUk1:mTNESk1:QUNBPk1>Z2N1O101N2N3KiZm]1
20151003081954Uh_1,_^o[27io11N10000000000O010O100O100O001O1O1N2O001O1O001N1O2L31O100O100O1O2N4L5JRbha1
20151015170634Ch_0,RaVj0<bo14N0O1N1010O000M2N3O101O1O001O10001O0000000001O0O2O1N2N1O2M3N1N101O010O01N1N3O0O20O01O010000O1O10000O1O101N1000010O001O0010O0000000O1O2N1013L2O000000O1O100O001O001O0O1000000O100000000O1000O01000O001O00100O00001O01O010O00010O00000010O01O0O2O001O1M3N1O2O1O2M2O1OU`cm2
20151015170634Ch_1,YQ[c01lo14N100O2O0000000000001O0O101O000O2O0O10001N10001O1O0010O01O10O10O10O0100O00100O100O101O0000001OO11O0O1O100O2N011N100O1O2O0O101nQNmNTm1S1gRNROYm1o0dRNRO]m1P1_RNRO`m1h1000O01O1O001O1O001O1O0O2O1N101OA]RNbNam1[1dRNdN\m1Z1hRNeNWm1h0_RN[O?KRm1i0dRNWO<OQm13_RN87@>3ml1MiRN<i0DQm1:[10001O001N2M3Ncm`V3
20151015170634Ch_2,WlnT2:Wn1IRSNl0Zl1WObSNP1Wl1TOeSNj1_k1XN]TNn1`k1SN]TNQ2`k1RN[TNT2bk1mMYTNZ2dk1hMWTN^2fk1fMPTN89Q1ek1D`TN<^k1CRUNOnj1NPVNVOPj1h0VVNSOki1l0ZVNkNli1R1b2N2O1N2N2O0O2O1O010O2YOYQN2^o1M5JdTWi1
20151015170634Ch_3,oYWj01mo12O1M3N2O000O2O001O0O2O1N1O2N2N2O1N2O1O1O1O1O1O1O10O01000O1O100O100000001O011N2O3L2N00100O1O1O1O2N2O001O0O100000O0100O1O1O1O1N2NUffQ3
20151015170634Ch_4,kf`U17go14N1O2O1O1O1O000O1O1O001N2O1O100O111O100O1N1O0000O1000O02N1O2N12N7ICPQNJnn15SQNMln11VQNOin10XQN2fn1M[QN4dn1K^QN6`n1JaQN7]n1HeQN9Yn1FjQN:Tn1EoQN:Pn1ERRN<mm1BVRN>hm1B[RN<em1B^RN=bm1BaRN=^m1AeRN>`n10O010N101O1N2O002M2OO10O01O1O10O0101N3N1O3M2N2KTVke2
20151015170634Ch_5,h[S[13lo12O1O1O1O1O0O10001O0000O100000000001O01O00010O010O01O2O001N1000O010O01O1O1O010O2N1O100O100O10O105K3MO0101N100O1O010O1O01O010O010O000010N10001O0O2O00001O001O00001O01O00100O1O001O010O000010O01O01O0010O01O1O010N2OjbX^2
20151015170634Ch_6,TWQ`04eo1=G<EV1jN6K6J5K6K3L5L\M\SNn1al1PNZTN[1bk1dNeTNY1Wk1gNQUNU1jj1lN\UNR1`j1oNfUNn0Xj1QOnUNk0Qj1UOTVNh0ki1UO\VNg0di1WO`VNf0bi1WOaVNg0]l1N3M4Cjf^^3
20151015170634Ch_7,e\aY24lo10O1OO10O11O01O0010O01O1O001O010O00001O0000000O101O00001N100N3M2O2N100O0010O1M3H8N3O0O101O00100000O010O100O1O0010O00100OUedb1
20151015170634Ch_8,TQ_c01mo12O001O100000000]PNLZo14900O0100000O100O10aPNNPo12QQNNnn11SQNOmn11SQN0ln10UQNOkn11b00dPNOjn10c010O001000PP20cPL0]o10[O0YQN0fn10ZQN1[o1O[O0[QN0dn10]QN0bn11^QNObn10_QN1_n10bQNO^n11bQNO^n11bQNO^n11h0100jPNN]n12dQNNZn13fQNMZn12gQNNXn12iQNNWn12iQNOVn10lQNOTn10lQN2Sn1NnQN1Qo10000101N00102M<_N^OlRNc0Rm1]OPSN?Qm1Ah10O1O0001OSRN0jk10WTN0hk10YTN0fk10ZTN1ek1O\TN2bk1N_TN2`k1N`TN4fm11O0O2O0@JUQN7en1NZQN3cn11\QN0om1F\RN7C4om1J_RNNA:Xm1DSSN48L[O=Vm1JSSNJb0NROa0]m1BmRNNh0d0\l1\OWTNc0hk1\OYTNd0cm10O02N010O00100O01O001O01000O1O2N2O1O1N010002N1O0O2N2O10N0100O1002N5K3N0001M1N2O2L6JViVT3
20151026171014Mh_0,o]aR17io11N3N2M2O1O1O001O100O001O01O10O01O1O100O1O1O1O1O001O0O101O000000001O000O10000000O100000000O10000O010O100O100O010O000010O000000O101O00000O100O2M2N2O2M3M2N3N2N2N2N101O1N2M3O1O1N]OgQNBXn1>lQN@Rn1?RRN_Omm1a0VRN^Oim1a0ZRN]Oem1c0`RNYO_m1g0l0O20OO2O001000O0100O100O1O100O01O01O10001N101O3LfdPf2
20151026171014Mh_1,kcQe21mo13M2N2O2N1O1O1O1O1N2O1N2O1O1O1O1O100O00100O000001O0010O0001O000010O010O001O001O010O1O10O01O100O010O100O010O1O100O001O10O01O001N2O010O001O00000010O00001O0001O0001O010O0010O01O00010O0010O010O0010O00001O01O0000000O2N1N2C=M4N1000000O100O1O1000000000O1000O011O000O002O0O1O2N1O2N1O2O0O101O0O101O0001O1O1O1N2O1N2O2N2M3M3N2M3N2N2M3L4L4L3N3M2O1N3L3M3M3N3M3M6Ie`no0
20151026171014Mh_2,\`Ui17do18J4K4L4M3N2M3M2N3N1N1L4K4M4M4L20O2N3N2K4LmNhNiSNR1[l1SOaSNk0bl1XO[SNe0il1\OUSN?Pm1CnRN9Wm1HfRN7]m1IaRN7bm1IZRN8hm1ISRN9Pn1i03N2M3M3M3M2O1N3M2O1N2N2N2N2O001O1N101O001O001O000000010O00001O000001O01O000000O11O001O0O20O000O11O001O000010N1O2O0O2O001O1O01001O010O01O001O1O1O0O2O1N100O101N100O1O1N2O2NRd`o1
20151026171014Mh_3,QXoe04go17L4SQNFom1=mQNHmm1<PRNHmm1:oQNJom17oQNMmm16QRNN1CTm1a0hRNg0Tm1S1N3M2nSN\Mgj1e2TUNbMij1_2TUNeMij1\2VUNgMhj1Z2UUNiMkj1W2SUNkMlj1V2QUNmMnj1T2oTNoMPk1S2kTNQNTk1^3O00001O0000O2N1M4K5M3N2N2O1O1O2M3N2O2M5Ka0@3L4L4M2M3M3L4M2N3L4M3L5J4M3M3M3M3M3M3L3N3N1N3M3N1O2N2N1N3O0O2N1O2N1N3M2ORgTU3
20151026171014Mh_4,fhbo26ho14N1O0O20O000010O010O01O10000O0100000000O100O010000O01000000001O01O00001O1O00010O0001O00O010O100O101N101O0010O01O1O1O1O010O0O2O0000001N100O2N2O0O2O100105K1N1O0O101N2M2O2M2N3M5JWTkj0
20151026171014Mh_5,jgd^14ko15L2N2N2N100O1O001O01O0001O010O001O1O1O101N00100O100001O2N001O0O2N100O100O100O10O100O2O0O100000O1O10O01O000010O02O0O2N3LnVa]2
20151026171014Mh_6,mdXV32lo13O001N10000000000000000O1000000000O1000000O100000000O100000000001O0O100000O0100000000O1000000000000O100O10O01O01O01O000010O0010O010O01O010O100O00100O100O00101Nh[ed0
20151026171014Mh_7,PidS1>^o15K5L4M2N3M2O1N1O2OD;N3N3L3N2M4N1O100000000000000O2O00001O00010O001O010O1O1O1O1O\Xii2
20151117212434Ch_0,``Zi29fo13M2N4fPNCkn1j0N2N2O0O101M2L4M4N1O2N10nNjQN;Tn1EoQN:Pn1ERRN:mm1GTRN9km1GVRN8jm1HWRN7hm1KYRN2hm1NZRNCSn1>f0101O000O101O0O10O10O10O10O10001O001O0O110O00001O000O101O000O100N2O1000O10000001O000000001O001O00001O1O3M1O1O100O00O101O000O2N1O1O2N1O10000O10O10O1000000000O10001O10O01O1O001O1O010O0000000000O101N10000O2O0O101O001O010O001O00100O010O1O01O100O1O010O010O010O01O010O1O001O1O1N3N1O1O1O2L8G]_Wl0
20151117212434Ch_1,^`[g18fo13O1O001N101O1O001O010O1O0101O2M100O01O10O01O010O00001O00000000000000O10O10000000000O1000000000000O2O0000001N10000O100O100O100O100O010O1O1O001O1O10O01O1O001N2O001O00001O000O10001OO1O0010ZOoN^RNQ1am1UOXRNl0im1WORRNk0nm1b010001N1O1O1O00OO3N2N1O001O1000N2OO201N3M3K5K4M7G_bPQ2
20151117212434Ch_2,fWah21no14L2N2OO10O010O1O0N3O10O00010N100001N101O01O0O100N2001O000O100000O10O2O000O101O0000001OO010000O001O1O11O0O1O10O00001001O000O1OO0110001O01N1N1001O1000000O001O01001O0001O00O100O1000010O00000O0100000010O0000O0001000010O00O1O10O0100O2OO01O1N1O1O2N3N1O1N2M3M3L3N3O1O2N1O1O00100O002O0O100O1O1O1N101O1N2O1N1010O10O1001O1O0O2N101N2O001O1N2N101N2O1O0O2O1N1O2O0O2O1O001O1O1O001O1O1O001O1O1O1O010O1O1O1O2N1O2M2O2N2N2M4Hdodj0
20151117212434Ch_3,clda2;bo17J3N2N1O001O101O1O1O2N3N1ORO\QN`0So11O1ZRN^Okk1b0PTN@Rl1a0jSN@Zl1`0aSNAbl1a0XSN@kl1g0jRNZOXm1k0aRNTObm1m0ZRNSOim1n0RRNSOQn1n0kQNROYn1X14L6J8H6J4M3M2N2N1O1N3N1O1O1N3MRQg[1
20151117212434Ch_4,hllW34lo11O1O1O2N3PQN:am1JVRN<im1n000001N2O1UOVRN\OTn14URNH`PYg0
20151117212434Ch_5,e^SQ1;bo15L3M3N2N1N201N0100000O0100O010O010O0000O100O100O00001O0OO2N3OO01M4O0O1O1O2O01O01000O0L5\Od0L4N2N2N0_O`00K6O001010O01iNbRNM_m1NlRNJVm14\1O1O2O0O2N1O0100001N101O01O0O1001N1O2O1O2Njo12UPNO01000Obf^i2
20151117212434Ch_6,jc_V22ko16M0O1O2N1O1O1O001N2O00O10000N3N1010O01O100O1O100OhPNJhn15WQNMin11YQN0gn1MZQN4Xo11O10000O1O001N2M2O2N2N101O001000O1O010O10000O10O100000000O10000O100O100O1000O0100O01000O100000000O1001O001O1O1O001O1O1O1O1O0O10000000O1N2O1O10O01O1N2O010O1O010O10000O2O001N2O0O2O000O10[OSQN7mn1=1O1O001O1N3M2O2[OiPN=_o1N2O2L2O1O2O0OP]l`1
20151117212434Ch_7,`^mR11ko111O00N2mn?NkP@;L0SQ8FYoG31Mbo11]PN0ec^k2
20151204133714Th_0,VV[S23mo12N1O1O2N102M2O0O100OO2O000O100O10000O1000000O100000000000O2O0000000000000000O100O2O000O101N101Neibi1
20151207173614Mh_0,RY]d03ko13N1O1O1O1N101O001N10001O0000000000000O10000000O100O1000O10000O2O000000001O000100O0O2O1O1O1O100O1O1O1O100O1O2M]hRX3
20151207173614Mh_1,ilPT28eo17J6K5L5K5L314LN0O2M5K5K3N1O1O03M2M2O00000100O1O1N3M2N1O1N2O1O1N2N3M3M3MbPei1
20151214171854Bh_0,bPmf13ko13N100O1O1O1O10O01O0010O001O00001O001O01O01O0001O000O2J5O1O2N101O0000001O000O2O1O001O001OO100N2J5O200O01000O010O10O0YOHiQN8Wn1KfQN5[n1MbQN2_n10^QN1cn12WQN0jn1b01O1O2M2O1N3M2O1O2N1O1O2N1O1O1O2N1O2N1O2MVRiS2
20151214171854Bh_1,Si^[15ko11N101O001O001O0000001O001O010O10O10O1000O10O1000000O100O0100001N10001O001O1O10002N0O100O10O01O01O00001N101O0O2O00O101O1O2M3N1O11N6K1N2O0O1O1O010O2N1O001O0O2O1N1OTT]_2
20151214171854Bh_2,maem19do16M1O2N1O001O1O001O0100O1O10O01O1O1O1O001O000O2O001O000O1001O0000000O1O2O0O1HBmPN?nn1=N1001O00001O002N1O2M2O2N0O2O1O1O000O2O00001O0O1000001OO10000000O1000O10000O01000O10O0001O010O001O000000001O010O000O101O000O2N1O2N11O01O010O0100O10O0100O1O100O100O10O01O100O1O10O01O1O1O1O010O0O101O001O00O101O01O01O001O0001O010O01O00010O0010O1O0010O0100O010O100O00100O1O2O0O2Mh_Vg1
20151214171854Bh_3,aaiY14ko11O1O1O1O1O1O1O1O001O001N100O2N1O1O2OO101O000O2N1O1N3N1O10001O0010O0000001L2L5000N2O1N3N10100O0010O1O10OO2XOLcQN5\n13XQN1in1c0000O2N2O1N3M2N3ClPNGXo15SaRb2
20151214171854Bh_4,g_nk26ho13N001O001O00001O001N101O00100000O100000O01000000O100O10O10O1000000O2O0O101N2N3Lh`_Q1
20151214171854Bh_5,RV[j23lo12M2O1O1O1O00100O001O001O001O000010O00010O0001O000000000001O00001O0000001O00001O00001O00O20O1O1N2NWk`R1
20151214171854Bh_6,gfjZ15jo12N1O101O00000000000010O0001O1O010O1O10O10000O10000O10O10O10O10O010O010O00101M3NhXcb2
20151214171854Bh_7,oVW]17go13N2N2N101N2N4L2N1O1OO1O2M2J6L4O101O00000001O001O000001O00001O00001O01O01O010O010O10O10O10000O10000O101O0OSj\_2
20151214171854Bh_8,nZgZ23ko14M20O01O0010O0010O01O00100O000100O001O10O01O00001O001O000010O0000100O00001O001O00000000000000000O10O10000O01000O100O010O10O01000O01000000O0100000O1000000000O100000O10O10000O1000000O0100O100O010O1O1O10O010O1O10O0100O2N100O1O1O101O1OWen]1
20151214171854Bh_9,k^]i0;[n16hQNh0mm1j0K6J9H6J7Jd0\O3M1O00bMTTNh0mk1UOXTNg0jk1VOZTNg0hk1TO_TNXO\OP1gn1H8G=Aj_^U3
20151214171854Bh_10,U]fg06ho14M3M3M2O2M2O100O1000000O10000O2N010O2O000O101O0000O010001O0010O0100O0001OO1001O00001O000O1000O10O10O10000O100000O010O10O10O1000O0100O0010O001O01O01O0010O0001O0001O0000000010O00000001O000000001O0000001O0000001O0001O01O00001O0001O01O000010O0001O010O00010O01O010O1O010O100O00100O010O10O010O10O1O010O10O010O10O01O010O010O00100O010O1O100O00100O001O1O00100O001O001O010O00100O00100O01O01O01O00010O0001O01O010O01000O010O10O01O010O010000O1000O10O10O01000000001O0O10000O010001O0001O000000O010O1O100O2OO10O10O010O01O1O010O1O010O010O0O2O001O1O1N2O1O1N2NT^Yg2
20151227133734Ch_0,nb_c28eo15M2O1O00000010O000000010O0000000000001O0000010O000001O01O01O00001O00010O0000001O0000000000000000O100000000O100O100O1O100O1000O01000O0100000O010000000O01000O10O10O1000O0100O10O0100O10O0100O001O001O010O10O010O10O0100O0100000O1000O010000O100000O0100O01000O0010O010O001O0O10000001O01O010O001O001000O01000O01O10O010O10O0100O010O10O01O00100O1O010O100O010O100O0010O1000O01000O10O1000O010000O10O0100000O01000O01O0010O010O010O01O000000010O01O010O01O010O010O01O10O10O10O0100O00100O1000O0100O10O01O10O10O010O10O010O010O010O1000O100O1O100O10O11Ne_hk0
20151227133734Ch_1,XibY21oo11N2O1N101O0O2O1O001O1O001O001O00001O0000000000001O00000000000000001O0001O001O1O1O2N1O0010O00010O001O101N100O1O10O100000O100O2O0O2N1O101N1O2O1N2O1O3M4L3M1O1O1O1N100000O100O2O0O1O100O1O1O2O0O100000O101O0O1001O001O00000000O02N100O2N001O1O1O1O00101N1O2N100O0010001O10O0000O10000O2O00001O01cTNCTg1>eXNLWg14eXN3Xg1MeXN7Zg1IdXN:[g1FcXN<^g1D_XN>ag1C[XN?gg1BUXN`0kg1BoWNc0Ph1_OiWNe0Xh1\OcWNg0^h1[O]WNf0gh1]OYVN[1li1oN\UNY1ij1d1;UOl0L4L4J7I8I5J6K4L5Cc0QOPSi[1
20151227133734Ch_2,[adg1=_o18K5Je1]N3L2XO^MoSNd2jk1cMUTN_2fk1eMZTNOKc1gk1`N]TNJP1g0bj1^OaVN<Vh1YOYVN;g17ng1CVVN8Q21hg1HVVN6W2Mdg1ORVN4_m1N^RN3cm1N[RN2fm1NXRN2im11SRNNPn14lQNLUn1n01L3N3N11O1N001L4N21N3N2N3L4Kc0ROSbSV2
20151227133734Ch_3,gYcR25jo14N1N4M2N2N2N1O1O2O02M3N000000O11N100O101O001M2O1N2N2N3Lgdbk1
20151227133734Ch_4,akne12no11O0O2O01O01O0010O01O00010O000000010O00010O0010O01O10O010000O10O10000O001O010O001O0001O01O00000001O0000000000O10000000O10O1000O10000000001O00001O01O01O00001O000000001O000O1000000000000001O00000O2O002N2NkSeS2
20151227133734Ch_5,kXQa0:bo15K4kNLYRN9cm1OVRN4fm12QRN5em1X1J6L4N2O001N1000010O0000O10010O001O001O1O001O1N1O2YOnRNYNXm1Z1m0L3OKnNaQNQ1^n18010000000001O0000001O001O1O01O010O01OZOnQN@Qn1>URN^Olm1?ZRN^Odm1`0o0M3O1O1000O1000001O01O10O1000O10001O000001O01O00001O001O1O00001O00001O000O10001O0O2O003LTk`X3
20151227133734Ch_6,di\V35ho14UOK\QNc0bn1?O1O1O1O1O01O1N9E8G7J5JjVeh0
20160116133734Ch_0,T^`Z1<co14L3N2N001O01O010M2K50001O00000010O1O1O00010O10O0010O0100000O2O1O0O2O0O10001O1O0104L1OWQNAPn1?jQNFUn1;eQNI\n1m02O1M2O2N2M2N2O2M2O1O1O001O1O1O010O2N3N1N3M2N1O4Jj_Qa2
20160116133734Ch_1,^eZ[2<co15L3M3L4N2M3M3M3N21N4M2M3N2N0O2O0O100O1O02N4L:Fb0]O9H5K2N2N04L3M4Lo0QO8I3L4M0O2M01O00001O01O001O1N2NhUca1
20160116133734Ch_2,Q[W]15io13N2N1O1O001O10O01O01O001O01O0O1O1L4K5K5M2O01N2M4N10001O1O1O2O0O101O0O2O1O0010O1O00100O10O1O1N2N2N4HPgb_2
20160116133734Ch_3,gmlc04jo12O1O001O0O1O2L3O100000000000O010000O100O1O100O0010000O101O0O2O0O10O1K4O100100001O100O2N2O2L5KoSSY3
20160116133734Ch_4,[hng19eo17J2O1O1O2O1O1O01_OlPN3ao10O1O100O010O1000000O10001N2O01O10O01O01O1O1O1N2O1O1O2O6I01O0O2O0O1O1O2O0O3N2N6I3M3N0N4L[UeT2
20160116133734Ch_5,c[nh15ho18H4L4L3M3M2ON3N1N3N1OL4110O200O1O10000O100000000000000001O00000010O0000001O0000001N1000000O10001O0001O000O100000O100O1O1N2M3N3M4L]emR2
20160116133734Ch_6,m[RR28eo17K4L4L3M3M2O0000000O10000000000O10000000000000O10000O10000O10000O1000000O1000000000000O1000001O000000000O1001O000001O0001O000000010O0000001O0010O01O001O1O001O100O001O1O1O001O010O001O1O100O1O1O100O001O01O0000001O0000001O0O1000001O0000001N10000O2O00000O2O000O101O000O100001O0000000000001O000000000000001O010O1O001O1O001O1O1O001O1O1O100O2O1N4M5K3L4M2M1000O0100O010O01O001O1O1O1O1O1O1O1O1O1O1N2O001O010O00100O1O100O1O100O001O100O1O01O10O0100O100O01000O1O010O010O0010O001O01O01O010O00010O000010O01O00001O00001O00001O01O0001O00001O00010O01O01O01O0010O01O010O0010O01O1O100O1O100O100O1O10O01O010O010O01O010O00100O0010O01O1O010O001O001O001O001O001O001O001O001O00001O00000010O000001O00001O0000000000001O01O0000000000000000000001O01O0000000001O0000000000001O0000010O0000001O00001O00001O0000001O000010O0001O001O001O00001O01O01O001O010O1O1O100O00100O1O010O001O0010O01O001O1O010O1O0010O0010N3L5JR`YR1
20160226151654Bh_0,kZiY12ko15L2O1O0O20O01O000010O001O01O001O10O01O101N1O001OO1N3M2O1000100O1O100O1O2O1MQfhc2
20160226151654Bh_1,Qk^o24lo1001N10000000000O1000000O100O1O10O01O1O001N101000O011N2O001O0000000000O100O001O1O1O1O1O1O10O01O100O2O001N8I2N2N001O1O1O001O10O00010O10002M2O1N1O2O2M3M1O2N001O1N3N5J3M2N2NcTUk0
20160226151654Bh_2,kbVe21no13M2N2O0O2O0O2N1O100O100O100O0UOAWRN?dm1HYRN9fm1IXRN7im1JVRN6jm1KSRN7nm1IPRN8Qn1HmQN9Tn1GjQN:Wn1GfQN:Zn1f01O1O002N001O0000001O01O000O2O001O0O101N101N1O101N1O100O10000O1000000O100000000001O0O101O1O1O1O1O1O1O2N1O2N1O1O1O1O001O10O01O000010O00010O001O10O01O01O010O00100O0010000O010O1000O10O10O1O101N100O2O1N101O2M2O1N100O1000000000001O1O101N3Ma0_O3N00O2O1N2N4L6J5K3M2N1N2N3M3M4L3M1N3M8G5L4JfZ_P1
20160226151654Bh_3,hcPU29do18I6J6I6J6J6MPOmQN4Rn1IWRN3gm1J_RN5_m1GgRN9an10O100O1O010O01O001N1O2N1O2N2MjZ[i1
20160226151654Bh_4,QXeh27`o1KfPN7Yo1KcPN8\o16000001O0000000001O1O2N2O0O1O0010O001N101O001O0O100000000001O0O2O001N101N101N2N3MjgbT1
20160226151654Bh_5,kWai21oo12O0O1O010O0001N1000001OPP<0PPD001O010O0011NXoe01gPZO0ao52[PJ3N2N1O100O100O100O1000O0100O010000O010O000010O00010O0O10000100O0010O010O010O010O01O001N1010O010O100O1000000O10000000000000000000000000000000000000000001N10000O10000O1O1O2N10O01000O01O01O1O1O001O1O100O0010O01O010O1O0010O0001O00010O000O010O101O00O01O001O11O010O1N2O001O1O2N4KXkTk0
20160311020654Uh_0,dbWm14ko12O1O1O001O1O010O010O00001O0DKlPN6Ro1NkPN3Uo1<O2OO10O10000001O1N2O1O1O001O001O00001O01O010O001O1N3N2N1O1O000O2O000000001O00000000000000001O00000000000100O1O001O1O1O100O001N2O1N2O2N001O0O2O00001O00000000000000000000000000000000000O10000000000000000000000000000001O0O1000001O0O2O5K001OO100000000O100O1O1O2O0O101N2N3M7Gm\Vi1
20160311020654Uh_1,`abT3`0^o13N100000O0100000N2O1O1O101N1000000O11O01O00000100_PNDO5Uo1d0O001O00O2O0N2O1O1O1N2O1N200O01000O100O1000000000O10100O1O1O1O1O1O100O1O01O001O10O01O001O00001O0001O000010O01O00100O1O100O2N101N010O10O010O0010O01O010O10O0100O10O010000000O10001N1000O010000000O101O2OO1O1OO1O1O1O1O001O1O1O100O1O1O100O100O001O1O100O2Jf\oa0
20160311020654Uh_2,jjZo26io12OO01O010O001N1O101N1G9M300K4N200001O1O1000001M2G9L5O1M2O2O1O10000O10000000000000010O00001O01O001O0O101O00001O00000O2O01O000000001O00001O0010O0001O01O01O010O010O01000O0100O010000O010000000O10000000O101O000O111M10000100O010O2M10001M]U[i0
20160311020654Uh_3,[bf_16jo11O1O1O1O1O010O01000O0100O010O10O01O010O1O010O0010O10O010O0100O000010O010O010O01O01O01O010O010O0010O01000O01O00100O1O001000O010O010O10O010O0100O10O0100O01000O0100O010O100O010O100O010000000O10000O3N1N2O0O10000O01000O010O010O0100O01OEgPNOZo10hPNOWo10kPN0Uo1OlPN0To1OnPN1Ro1NoPN1Qo1OPQN0Qo1OoPN1Qo1OPQN0Po10PQN0Qo1OPQN0Po10PQN0Qo1OPQN0Qo1OoPN1Ro1NoPN0dZUX2
20160311020654Uh_4,X^nX25ho16NO1O1O0010O01OO3M2O1O1O1O1N200O2N2O001O1O000000000O100O1O1O100O1O100O2N100O100O100O2O01O100O000101N1O1O1O001O0100O1O10O0100O001O00100O3M5L10N2N0O2N1O1O^OTQNOmn1OYQNMgn12\QNLcn15aQNCcn1<a000O2O0000000000001O00001O0O101O2Lb_k`1
20160311020654Uh_5,Zddh01lo14M2N2N101O010O001O00O10O1001O0O1000000010O00010O0001O010O1O0100001O0000010O010O010001O1O10O001N3HZ\WT3
20160312020554Uh_0,baZi11ko15O1O001O0001O010O0100O010O100O010O1O01001N10O010000O100000O0100002N0O10O0100O01O01O010O01O010O0101O00O010O10O10O1000O010O100O010O10O01O001000O0100O10O100O010O1000O01O010O010O00010O000010O01O0001O01O000001O010O00001O001O1N2Nf\co1
20160312020554Uh_1,_beU24ko12O4K:G1N2O0O2O0O100O101O1N101O1O1O1O1O1O101N1O001O1O01O01O0O10000000O01000O100O2POYQNe0gn1ZO\QNc0en1\O]QNc0cn1\O^QNd0cn1YO_QNg0an1YO`QNf0`n1ZO_QNg0bn1[O[QNe0en1[O[QNf0dn1[OZQNf0en1[OXQNK0j0gn1\OYQNJ0j0bn1A^QNE0j0an1B_QND0k0`n1A_QNc0an1>00O10000001N10000O2N1O2O0O2N2O2N2UORQN?[o1M1O1O1O001O1O0000000000O1N3M2N2000000000O101O001N10010O0001O1O101N1O1O1O010O01O1N2O2N4Jo\nb1
20160312020554Uh_2,[_Ve2:do13N1O1O100O0100O0100O100O2O0O100O10001OO010001O0001O01O01O1O]QN\Ojm1d0VRN]Ojm1b0VRN@im1`0VRNAjm1>VRNCjm1<VRNEim1;XRNDim1;WRNFjm19URNGkm19VRNGjm18VRNIjm17URNIlm17SRNJnm14RRNMnm14PRNLQn15mQNKTn15kQNLUn16gQNK[n17`QNKan17ZQNJgn1h01N2O1N2O1O2M1O2N2N1O1O1N100O2O0000000000001O2Gg_UV1
20160312020554Uh_3,TlRY32lo13gPN0^n13]QN2`n13ZQN0dn1g0O1M10O100001O10O1O1^OI_OSRN`0nm1FlQN9Un1LfQN4Yn1j0O01N0M4O0N3M3J8L3O3N1N2N2O2N1O1O2O00O10O1000O10O100O10O1000000000001O01O0001O01O0010O010000O10O011O0001N1O3KhU[b0
20160312020554Uh_4,SdZQ19do15M2O0O2N2O0O2OCkPN0So1OQQN0nn1NVQN0in10YQN0fn1O\QN1bn10^QN0an10aQNO_n11bQNN]n12eQNMZn13j00O001O0000001O01O000001O0001O0000010O0001N100O100001O001000000O100001O0000001O010O0100O101Mn\ej2
20160327133714Th_0,UYmf11no11O1O1N10N21O1N2O1O10O1O1O000001O10O000000O2O010O10O000001O0010O01O000000001O010O000000001O0010O000000010O01O01O000001O0010O01O00000010O01O0O2O0O1000001O01O000001O001O001O0001O01O010O001N1O2N10001O0O1M4O000011N101N2N101N2OO010O001FYOZQNg0fn1\OWQNe0hn19100O100O1O1O10O001O10O0001O00010O1O00100O001O100O010O1000O10000O100O100O2O0O1O1O2N1O1O1O1O2O0O1O100O2N010O1O010O1O1O010O1O1O010O1O100O1O1O100O1O2MijRm1
20160327133714Th_1,l[YV15jo12N1O1O100O1O1N101O1000O10O100O100O010O1O2N1O101O001O001O1O000001O1O1O2N1O1O1N100000001OO10000000O11O000O10000001O00010O1O100O10O01O0000001O01O00001O001O001O00000O1000O10O01O100O010O1O0100000O0100000000000O10001O00O10O100000O0010O010O010O1O010O100O1O2O0O1O2N_dba2
20160327133714Th_2,][cX24ko11O100O100O010O10O010O010O01O10O01O010O01O010O10O10O10O10O10O0010O0100O0010O01O00100O10O10O10O1000O1O10O0100O1O001O00001O000000001O001O1O001O0100O002O001N2O1O1N101N1O101N1O2Njela1
20160327133714Th_3,]Vm\24ko12O001O001O1O10001OO0100000O010O10O01O10O010O010O010O1O10O00010O10O010O010O100O2O2M4M1lQN@dl1c0VSN_Okl1c0PSN_OQm1d0jRN]OXm1f0aRN\O`m1k0SRNZOnm1Z12N3M2N3N2N;Ef0ZO8Fhg^_1
20160327133714Th_4,V[YY21no30YPL0ho1000O010O010O00010O0H0bPN0go10O0H0bPN0go10F0cPN0^o10bPN0fo1010F0cPN0]o10dPN0\o10dPN0[o10ePN0[o10fPN0Zo10ePN1eo10O10O1000O10O10O0EOiPN1Wo1OiPN0Wo10jPN0bo30no90PPJ0RPJ010O010oo10ok31RTJ0mSNOVh10n30j30QH0hWN0hh11WWN0hh10XWN1hh1OWWN1ih10VWN1jh1OUWN1lh1NSWN3nh1MQWN4oh1LPWN4Pi1LPWN5Pi1KoVN5Ri1KmVN3Vi1L`30O0ZPN0]o10cPN0\o10dPN0\o11dPNO\o10:001hRN3\j1LWSN0Q25hj1KbUN5`j1KUSN0m16Pk1JSSN0j17_k1I`TN8Vk1HQSN0h17ck1J\TN3]k1LlRN0g12_k1NkRN0a15fk1KiRN0_14jk1LbTN2`k1O^TN2ck1M\TN3ek1NZTN2gk1MXTN3ik1MVTN1jl1OXRN1mm13jQNN]n13ZQNNZo11O00002O000fNOfRNOhm1;bQNDnn15hPNKfo1Ngg\_1
20160327133734Ch_0,VYgf11no13N1N1O1O00000O1O101O10O1O0O1000010O010O00O1000010O10O00000001O010O001O000000100O00001O0000000010O01O0000000010O01O00O11O00010O0000001O0010O01N1O1O10001O001O0000001O0010O01O0000010N101O001N10000O2O0O2O001O000O101O010O001N2O001O001O00010O10O100O1O100O1O010O10000O010O1O10O00100O001O100O010O10O01000O10000O1O100O100O100O2N1O1O1O2N1O100O100O101O0O00100O001O10O01O100O001O1O00100O1O1O1O1O1O2MijRm1
20160327133734Ch_1,n[kU13lo11O10O01O1O1O1N2N2N110O10O0100O10000O1O100O100O2O0O101N100O2O001O00001O000001N4M1O1O1O1O001N1000000000000000000000O2O00001N11O100O2N1O100O000010O00001O0000001O00001O0000O0100O1000O001O1O010O10O010000O1000000000000000010N10000000O10O01O010O1O01O10O0100O1O1O100O1O1O100O101N1000000O2NadXa2
20160327133734Ch_2,Z[QY21no1100O2O000O100O100O1O100O101N010O100O1O001O01O0010O1000O01O1O00100O01O10O010000O0100O010O1O010RLFUXN:kg1GTXN9lg1HSXN8ng1HQXN9ng1HQXN8og1HQXN9og1GPXN9Ph1HoWN9Ph1HoWN8Rh1HnWN8Rh1HmWN8Th1HkWN8Vh1HiWN8Xh1HhWN7Yh1IgWN7Yh1IfWN7\h1HdWN8\h1IcWN7^h1IaWN6`h1K_WN5bh1K]WN4dh1L\WN3fh1MYWN3hh1LXWN3ih1NVWN2kh1MUWN2mh1NRWN1Pi10nVN0Si10mVNNTi12lVNLVi15jVNGZi18W3010O01000000OiRNLbj15]UNLbj14]UNKfj15YUNJhj16WUNKij16UUNJmj15QUNMoj14PUNKRk15lTNIXk18eTNH]k18aTNI_k17`TNIak19]TNFek1;WTNBnk1`0oSNAQl1a0hSNDYl1=dSNC]l1`0^SN@el1c0SSN@ol1f0dRN_O]m1b11N2M2M4M3M3N2L6Jg0WOShf_1
20160327133734Ch_3,`[]X24ko11O100O10O0100O0011N100O2O0OLN\PN2io10JN^PN1bo1O_PN1ao1O_PN0ao10`PN0ho10G08010O010O010O0mo90SPF001O1O0001O0010O01000O01000000O010O010O0001O01O00aPN0on10`0000O1000001O0000001ePNMin13b0O10001O`P4O`oM0QPN0O000no30gena1
20160327133734Ch_4,jllh06io14M4L4M2M3M36I1O1O1N1O2M101O1O000000000000O0101OO02OO1000001O1O3N2N2ON1O1N2N2N4KXQaT3
20160327133734Ch_5,Wg`Q18Qo1h0L3N2L2O10O1L4K5I9L4M3K8JTZcm2
20160327133734Ch_6,ccmR22mo13N5K2N1O10O1O001O1O001O000O10000O0001O010O001O0010000O010000O01000O1O10O0010O01O1N101O1O10O0100O00100O001O1O00010O0001O001N101O1N101O010O100O010O10O10O100O01000O100O1000O0100O01N1CKoPN6Ro1<0O100O101N1O2O00001N2O001N3M2Ng]Zf1
20160327133734Ch_7,gVo\21oo1100000000O100O010O01OTP8OmoG0QP20WRl00imQO2HO[PN0ko1O]N0nRN0oN0[o11ePN0Yo1OjPN1bo1OQn30RRN0PPN0TP40TQJ0bn12bgf_1
20160405014154Uh_0,k__j01mo13L4N2N1O2M2M3N2O1M3M3O0O2N200O1000000000O1000001O001N101O0O2O0O101OO0100O01000O010O0010O010O001N10O2O000O1N2L40001O00001O000010O0010O010O10O10O10O0100O0100O01000_OF[QN;cn1I[QN6dn1M[QN3cn11[QNNen14YQNMfn15YQNJgn17YQNHgn19YQNGfn1:ZQNEfn1;\QNCdn1>]QN^Oen1c0;O010O100O1O1O01000000001O01O10O0010O10O0100O10O01O100O001O10O01O10O01O01O10O01O100O1O101N1O1O101N10001N10000O101N10000O2N2O1N2N]cdk2
20160405014154Uh_1,VYYa1;co14M2N3M2N2OO001O0O1N3N1O1O100O1O10001N10001O000000_OHZQN9fn1IXQN6in1MRQN5Po1;2O1O010O010O10O010000O10001N100O2O0O100O1O100O1O0010O01OO2O001O00000000000001O010O100001O1O1O00000000O1O100O100O1O2O000O2O0O2O1N2N]hhX2
20160405014154Uh_2,klfP16jo12N1O1O1O00O10001O001O001O00010O0000000000000O010000O1000000000000001O0000001O00010O00001O0000000001O01O1NnRmk2
20160405014154Uh_3,`oX[37ho13M3M2N2N1N3M2O2M2O10O012L7J2N2M2N2O1N20O10O0100O001O10O010000O010O1O010N1_OD]QN>cn1EYQN=gn1GTQN:ln1<1000000O101O001O1N101N1O1O1O1N2O1O1N200O001O1N3L3NaQa`0
20160505025554Uh_0,klZX32lo16L1O2N2N11O001O0001O0O10000000O010O0101N2O2M1O0010O000010O01O001O010O1O100O10001O1O0O0100O01O010O001O001O001O00010O0010O001O010O0001O0001O0001O0000010O0000001O001O001O1N2MjQWb0
20160505025554Uh_1,mdb^27ho12O0O10000O1000O010O10O01O010O1O010O010O010O01O010O00010O01O10O10O010O010O1000O01000O0100000O010000O0100000000000001O001O00001O1O010O100O11O0O2O1O1O0O10O01O010O00100O0001O00010O000O2O0010O0000000010O00010O001\QNH_m18`RNI_m17`RNK`m15_RNKam16]RNKdm16YRNJim17QRNMom14mQNNUn14bQNOdn1d03M2N2M5K6G8FeZmY1
20160505025554Uh_2,boPd01mo15L2N101N101O0O2O1O0O3N1O1003L2N1N101O00000000000000O1O1O100O1000010O01O1O1O1O0O10000O0100O010O10O1000O10O010O1O0001O0001OO2O000000001O0O001N1O0201N1N3N2M4MYQQW3
20160505025554Uh_3,Ya`U18go14M1O001N10O11O00O010O1O10000O101N1000000000000010O01O0100O010O0100O010O001O1O0010O00010O0010O00000000001N1N^^Qg2
20160513133714Th_0,Qil`05jo13N2N2N2N1O2N1O101N1000000O1000O001O1N100O1O1O100O0010O01O010O000O2O0O1O2O001O10O0101O0O102LPWU\3
20160513133714Th_1,d]em29fo13M3L3N2N3M1N3N1O2O0O100O1000000O2O100O2N1103M0O1N1N2N2O2M5L2N2N101N2N1O1O0001O0001O0001O001O1O010O1O010O01O001O1O1O2M3Laa`n0
20160513133714Th_2,^`PP11oo11O0O2O1O1jRNM]j14_UN3]j1MaUN7]j1J`UN:^j1F`UN=_j1D_UN>`j1BaUN>^j1CbUN<^j1DdUN;[j1FfUN9Zj1GgUN8Xj1IiUN6Vj1JlUN5Tj1KlUN4Uj1LlUN2Uj1MlUN3Tj1NlUN0Uj10kUN0Uj10kUN0Uj11jUNOUj12kUNMVj12kUNNTj13kUNMVj13jUNMUj15jUNJWj16iUNJWj17hUNIXj18gUNHXj19hUNGXj1:fUNFZj1;fUND[j1=cUNC]j1`0`UNA`j1b0]UN]Odj1e0YUN[Ohj1e0XUN[Ohj1e0WUN[Ojj1d0WUN[Oij1f0VUNZOkj1e0VUNYOlj1f0UUNYOlj1f0UUNWOoj1g0W2N1O1O1O001O1N2O2M2N2N2N2N2N2Olo?0SP@3N1N10001O000010O0001O0000010O010O001O010O10O01O1O010O0010O10O10O0100O0010O010000O10O01000O010000000O10O10O100000O10O10O10O1000O0100O010O10O01000000O10O01O10O10O10000O010O00101O0000O2O00O101N1001O1O1N10N2O3L\P6NfoI4OMXP81goG2O2OO10O100O1O00100O0001N2N3N1Mf[Yc2
20160602010754Uh_0,Y^Qo16io13N1O1O100000O10000002N1O1N10000000O001O10O01O1O001O10O000001O000001O0000000000000O1000000O01000001O000000000O1000000O100O100O1O2NUajl1
20160602010754Uh_1,jdZS15io14M3M3N2N1N2O1O001O00000001N100O2O00001O01O01O0000010O0001O0001O00001N1O1O2N1N3LU[Sj2
20160713133714Th_0,\YQW34<1in1g0K4L3M10M5L4G9L4O1N110O0100O002M200O1O00001N1001O00001O001N2O1O010O1000O100O1000O2M3LTiVf0
20160713133714Th_1,^mlo0b0So1Z1lN7K6J5K5K5J6K5L4MhN`SNTO\l1g0STNROkk14WUNGfj17`UNG]j18iUNFTj19QVNFli1:WVNGfi17_VNH`i13fVNNXi1ISWN7lh1@\WNb0Ql100O100014L3MO0O3M2M3M5DVPQn2
20160713133714Th_2,ofTW11no13N1O1N2O001O1O1O001O000000001O000000001O001O010O1O0100000000001N10001N5LO1OTQN_OZn1`0bQNI]n15]QN6cn1e0L1N3MPOgQN;Xn1AQRN;nm1BURN?jm1_OXRNc0cn14TQNQO\n1[1003K4M1N3M2N101N1O2N1O2N1O1O1O1O1N3N1O1O100N2O2MQVWd2
20160713133714Th_3,dhlh15ho16L2N3M3M2O1N2N2N2N2N2L5M2N200O11oNcQN<Uo1K2O000O100O1000001O0O101N2O0O100O0010O00010O0000001O01O000001O00001O0000001O00000000000000001O000000O100000000000000000000O10O100O10O10O10O1O001O1O010O100O01000O10O1000000O010000O010O01000O010O00100O100O1OgVao1
20160713133714Th_4,lQch13mo11O1N101O001O001O001O00001O1O1O1O001O1O001001O001N1000000O10000O1000nRNHZj19`UN<Rj1CkUNb0Sj1^OjUNf0Uj1ZOiUNh0Wj1XOfUNk0Zj1VObUNn0]j1RO`UNR1_j1nN_UNU1`j1kN^UN2fN9lk1FZUN1RO4dk1LVUN1[OOak1OXTNI08;N^k13mSN33Mf0J[k1S1kSNTOm0GZk1k1jTNQNXk1m1`1L3N3L4iNZRNMkm1OV1LkljS2
20160820233134Lh_0,acTk04ko14M1O1O100000000O1000O11N3N3M0O0001O0O100O1001O001O3M2N3N1O23K100O1O102M1O1O01O2O0O0100O1O1O1O0O2O000O1O2M4KfZ]Q3
20160820233134Lh_1,d^bT26ho13O1N2N2O2M3N2N3L4M3L4M6J1O0O100OVOcQN1_n1MfQNL]n13i0L4O1N3Mgami1
20160820233134Lh_2,Zgf[1>ao12N3N1O1O0O10000O01O1GhPNHYo1862N2O100O100000000001O00hPN@K0Ro1a0mPNKon1d00YOUQN8kn1FWQN:jn1_O\QN`0Ro1001O0000001O000010O1O001O3N0O00O10010O000010O01O1O000000O2O0O2O0O2O1O1O1N2O1O1NnWm_2
20160820233134Lh_3,dfhm2?^o15M1000000000O100O1O1010O01O00102O20M00001O01OO100000O100O01001N10001O1O000O10O0100O10O010O010O000010O01O01O010O00100O100001O1O8H01O1N2O0O1O2N1O001O01O0000001O000O101O0001O01O0001O00001O01O01O00010O010O0001O010O01O1O1O10O010O00010O0001O1O001N10TWaj0
20160828133734Ch_0,Pdfk16io15L4L4L2N10O1000O01O101N1O100O100O1O100O10O10O1O010O01O010O001O100O1O100O0100O10000O2O000000O10O10O100O10000001O101N0001O000000000001N101O1N100O1O1O3LoYao1
20160828133734Ch_1,`bhS3;do12N1O100O010O1O0100O1000O0100000000O1000000O10000000001O0000000001O010O00100O100O100O100O100O10000O5L4L0O01O001O1O001O1O1O1O001O1O1O10O01O0010O0010O0100O101N100O10001O011N8H00O1O1O1N2O006I4M2N001N101O001O00001O001O001O1O0O2Ol[Ue0
20160828133734Ch_2,m`bn17go13M3N1N2N2O2M2O2N2N1O1O10O0K5O2O000000010O0100O010O10O10O1000O1O1O1O1O001O1O1O001O1O1O1O10O01O100O0100000O10O100000O0100000000O1000000O010000O1000000000000001O0000001OO101N10000O101N101N1OT`_k1
20160828133734Ch_3,[hXU21no110000O1N200O100O100O100O10O0100O001O010O10O010000O010O10O01000O0100O10O1000O10O10000000O10O10000000000000000000000000000000000000010O000001O00010O0000010O000010O000001O01O01O0001O01O01O000001O01O00000010O0001O00010O00001O0001O01O0010O0010O0001O01O0001O00001O01O0001O00010O000001O000000001O000000001O00010O1O001O001O001O1O1O1NUP6OmoI2N2N4L001O11OO10O010O01O001O001O01O0001O000000001O0001O0001O0000001O0000001O000000001O0000001O00001O0000010O00001O01O01O01O01O01O010O00100O010O01O010O01O01O01O010O10O010O010O01O01O010O01O010O010O010O1O01O01O010O010O10O010O01O010O0010O010O010O010O00010O01O010O100O10O10O0100O0001000O011O000000O0100O01O001O001O0010O01O001O001O0O2N3MYUkU1
20160828133734Ch_4,g^]Q23jo14N0O1O100O010O02O0000001O00000000010O010O01O010O010O00010O00000O2O000O10000O010000O10000001O00000000001OO2O0000000000000O0100O100001N101N2N3LacRj1
20160828133734Ch_5,Ub_d1271Zo1>M3N2N1O2N2N3M7I5L1N010O01N101N2N3N2N1N3N1O1O1O001N10001O1O1O0O2N2M2O100O2M2OZ]PY2
20160828133734Ch_6,]kVT22mo13N2M1000000O01000O2O000O1O2O1N10000O1000000000001O0100000000O101O001O0000000000O1XRN0_k10\TN;]k1F`TNa0\k1^OcTNf0[k1[ObTNh0]k1XOaTNl0mNkNok1;RUN[1mj1fNQUN[1oj1gNnTNZ1Sk1gNjTNZ1Wk1hNdTNZ1]k1iNYTN[1kk12hSNkN[l1[26J6I9H5J5K4J6E=_NVRN9UQmg1
20160828133734Ch_7,enfa13jo14M2]NKZSN6]l1;YSNFnk1Z1kSNfNjk1k1PTNUNkk1W2lSNkMRl1Q31mMmSN;Sl1nNhTNm0Xm1M5L9F7H6J:EQRW]2
20160930165914Mh_0,lbXn02lo13N2N1O2N2O001O0100O02O0O100O1O100O00100O10O100000000000O100O100O0100000000001O001O00000O10O01000000000001O000O100O010O010O10000000001N1000O0100O100O101O1O1O1O1O0O2O0O1O010O10O01000O10O10O10O10O01O010O01O10O0100O1O1O010O0010O0100O010O1000000O010O10O010O10O1000000O100O010O00100O001O1O100O001O0010O01O10O010000000O10000O10O010000O1000001O1O1N3N1O1N1000000O1000O10O10O100O1O10O01O001O10O01O001O1O1O1O001O010O001O10O01O10O01O100O010O01000O01000O100000O10O10O100O10000O2O001O00000O10O0100O10000000O10O10000O010O010O01O1O002O0O001O1O001O0010O01O001O001O1O001O001O01O01O0010O01O010O010O01000O0010O010O010O010O010O010O0100O010O010O00010O000001O0001O000001O000000001O0000000001O000000001O00001O001O1M4M3MdVm[2
20160930165914Mh_1,SiPR35jo13M2M2O2N1O1O2O0O10O1000000O10000O101O00001O00001O00001O0001O010O001O001O01O000010O0100O1000O2O0O101OO0100000O2O1O0O101N2O1N1O1O1O2NTVii0
20160930165914Mh_2,gonP36jo11O100kPNOYn11gQN0Xn11fQN1Zn10dQN0\n12aQN0^n12_QNOan1h001O0000000001O000O10OO2N2N1O2O0O101M2O101O0010O010001]OmPN7`o1N2M3Nlo`l0
20161015144954Bh_0,PkV]14bo1P1XO<D2K4J7H7M4N1O1OO0H8C>L5N200O1O1M3K5G9N2O1N2N2N10101OO2O1O001O1O00100O0010O010O1O1O1N2O1O100O1O1O100O1O10000O100000000000000000000100O001O10O0100O100O10O01O100O1O10O100O00100O00100O1000O10O01000O1000O2OO0100O100O1O10O001O00010O0O100000000000001O01O01O00100000O10O1000000001O1O0O10101N3M2N0000103N;E=B4L0O015Lc0]O1NO0O1O2hNRSNYOTm1NjSNEXQeX2
20161015144954Bh_1,jebh04ko12N3M200000000O2O00O100O0100000O010O01O10O01O10O100O100O0101O0000O10O010O2OO10000O02O0O20O01O00010O1O002N010O2N1O101N00100O2N2N>B3M2O3L5J7K6I3M100O10N3eN_RN1fm1CiRN6cn1M3M3L3N2N1NVVUR3
20161015144954Bh_2,Zhdm25ho14L3N1O2N011OO100000000010O01O10O0100O01000O0101O0000000001O01O010O010000O10000000O1000001O0O101O001O00O00100O1O10O01O100O100O2O000O2O01O0000O1O1NWWgm0
20161019133714Th_0,kfbT26jo11N3M2O1O1O2N1N2O1O1O1O1O1O0000001O00O10000O1O1O1O1O100O2O001O10O01O11O001N101N2O1N100O1O10O01OO2O001O001O1O0O2O1O1O1O1O010O100O10000000000000000000000000000001N0100000O1O010O01O010O00001O01O010O010O010O10000000001O002O2M3M8IO1O1O1KWWSd1
20161019133714Th_1,VgZg18go12N2N2N1O1kQNHbl19[SNKbl16]SNLbl14]SN0_l11_SN3_l1M`SN6^l1J`SN9^l1ImRNJEb0]m1EjRNn0Um1TOgRNP1Xm1l0O1O2N100N2O2M2O1M4MTOYSNcNel1[1cSNbNZl1^1kSN_NSl1b1QTN[Nmk1e1XTNXNgk1g1]TNWNbk1i1aTNTN_k1k1hTNnMZk1o1\1O1O1O1010O100O010O100O10O0100O[O]RNoNcm1P1`RNmN`m1R1h0O1N101N2O1N2N1N3M3O1O1O001O1000O01000000000O101O001O0O2O001O001N1000000O10O1O100M2L5J6M3N2N2N2O1OaZ[R2
20161019133714Th_2,`cd^27ho12N100O10O0100O10O01O10O010O100O010O100O01000O1000O01000000000O100000000000001O00001O00010O0000001O00000000001N10000000000O101OO10001O000000010O00001O00001O001O001O001O1O00O100000000000000O100001O0000000000000O10000000000000000100O001O010O1O1O001O00001O0000000O10O10000O10000O1000001N10001O0O101O0O101N2Na\iW1
20161019133714Th_3,U`UP14jo14M2N2O1N1O100O1O1O1N2N2N1O10001N100O1001O001O001N2O1O001O1N1O2N1N3N1000000O1000001O1O1N3MQanl2
20161020145454Bh_0,efTa25io13N2N2O1N2O1O001O0O20O000000001O01O01O0100O2N100O2N010N100O100O1O10000O100001O00010O1O001O001O1O00100O010O10O100O1000O10000O100O10O01000000O1000000000000000000O11OO10000001O0001O00000000O101O000000001O00O11O000O10001O000002O1OO02N2M2O2N2KnV[W1
20161020145454Bh_1,U\ab12mo12O00000O2O000000010O000000000000010OO10000000O2O00000O1000O10O100000O01000O0100O0100O01000O01O010O001O00001O000000001O01O0010O00010O001O001O0000001O0O1O020O00O1O10000N2O1O20OO100001O000001O000O002MeeVW2
20161020145454Bh_2,lcfd25io16L2M2O1O00010O0000000000O100000000O10000O100O100O10O010000O10000000000O2O000000000000000000000O01000000O010O0100O01O001O1O0M4O00100O0100O1O010O2O0O100O101N100000001O000000000000001O001N2NPPb0OUP\O0io14O2N2M2O2N1N3N100O1O0100O10O01O1O100O100O010000000000000000000001O00001O00001O001O001O0001O00001O01OO1N2O1O2N1O100000001O000000001O01O01O`PNLTo15kPNNRo12nPNNSo11oPNJUo15<NjPNNan11_QN0Xo12N1O01O100O010O010Ni[]o0
20161020145454Bh_3,V^YZ25jo13N1O1O100000O10000000O10000O10O10O0001O000000000O100000O010O10O01O010O0100O01000O1O010O10O01000O0100000O10O1000O10O1000O0100O10O1000O10001O0O101N10jaPa1
20161020145454Bh_4,Y]ik22mo13N2N001O0O20O0000000000O10O1000O10001O0000010O0010O000O2O000O10000O10O1O1O10O2O00001O001N101O1NfbTQ1
20161020145454Bh_5,nfZd17io12N2N2N1O1O2N00100O1O10O010O10O10001N101O@mPN3Ro1JRQN5nn1HVQN8Yo101O000000000O1001O10:FO001O1N010O100O100O2O001N10000000O10O1O2N1NRWSX2
20161104133714Th_0,dbVR24jo15L2N110O001O001O0100O00100O1O010O010O01000O010O0010O0XQNJgm16XRNKgm15YRNMfm13YRNOem12ZRNOfm10ZRN0gm10XRN1gm1OYRN2fm1OYRN3fm1LZRN5em1L[RN4dm1M[RN4dm1MZRN5fm1KYRN6fm1KYRN7em1JZRN7em1JZRN7em1KYRN6fm1LWRN6hm1R1O001O1O00001O001O0O0100O1O1O0010O0OODXNbRNk1^m1:1O2O1O2N100O101O1[N^RNj0dm1QO`RNm0dm1kNbRNT1Vn1O1O1O1O1O001O0010O0100O010000O1000000001O100O1O001O001O0O2O0O101O001O0O10000O2O00000000000000000O101O010O0O101O00001OO10O1001O000O10O10000000O0100O1O1000O10N2O2N1O2MlYgc1
20161104133714Th_1,naRl24io15M1O1O1M2N3M3M3O010O0010O001O001O00010O1O100O1O1N2O1N2O1O1O2N1O2Mk^iQ1
20161104133714Th_2,Q]g\13jo18J<C7J3M1N10^OZQNKfn13c010O010O10001N2O1O1O1O10000O1O2O1Mccda2
20161104133714Th_3,S_eX26ho14L4N1N2O01O010O1O001O001O000O10000000O100000000000001O00000O100000000O01O100O100000000O010000O0010O01O0001O10O010001O0001O010O10O010O011N4L3M2Mi`hb1
20161104133714Th_4,cUUa11oo12M20O01O1O1O010O00100O0010O0001O000000000000O010000000000000001O01000O100001O00000O1000O011N100O2N2O0O100O11O0001RQNDUn1T11M2N3M2L8H_ijZ2
20161104133714Th_5,aiVT32mo13M2M3O0O1O00010O00001N110O010001O1O1O11O9G0O01O1O001O00001O010O010O100O1O100O1O1O010O101N100O10000O11O0O10O1OlUYh0
20161104133714Th_6,_`nf15ko15K1N110O10010O2N001O010O10OO2OO11O0100O0001O010000O00O111N4gPNK`n1n0M3M3L4cRN_NTl1c1bSNfN]l1_200a0B4L03L0O00O0O00001RNmRNl0Sm1oNWSNl0ml1mNYSNo0om1M3M3M3L3M3N2M3M3LaZ[U2
20161111133734Ch_0,nl\S1=`o16L1O1N2O1N20K4H7O1O200O10OON21100O1M2O2O101N1O010O1000000O0100O2O001N101O000010O00001O0010O01O010O0010O01000O010O01O10O010O010O01O0100O001O1O1O001O1O1N2O1O010O100O10000001N100000000000O2O0000000000000O10000O1000O10000O100O1O1O1N2N3M2O1000000O101O01O4L7I2N1O2N3M1OXUYd2
20161111133734Ch_1,SdVg0?_o14M2N1O2O1N2O2M2N101O1O1O00000000N2M3N2O1N2N2M3O1N201N1O1O10000O10000000000001O000000001O000001O1O2N2Mo[aU3
20161111133734Ch_2,S_^S12mo12O1O001O001N101N1O2O1N101L4M2O2N2O2M3N1N2O0O0010N0M4O100O1010O001O100O1O100O1OJ7O00I7O200O10000O100O010O01N1O1O10000000000N1N3N2O1N2N3N2N2N2N2L4Lkbmg2
20161116222134Lh_0,Yec]19do15M2N2O001N2O0010O01O00100O101N100O2O001N010O100O10O10O1O00100O001O001O1O1N1OUO[QN>dn1_O`QN`0_n1@bQNa0]n1_OdQNa0[n1^OfQNb0[n1\OfQNe0jn1010O1N101O001O001O00001O000001O000000000O2O0000000O10000001O2N1O1O101N2N2N1O100O101N100O0001O01O01O000010O00O10001N10000O2O001O01O010O010O1O1O010O1O1O1O1O1OQO^QNa0an1ZOeQNe0mn1O1O1O0O100O100O1O100O2N2N2N3L4I^XbY2
20161116222134Lh_1,YYWh16go14N1N2O010O01O010O001N11O000010OO2O001O001O001O01O01O001O10O0001OO100N3N1000001O0000010O0010O01O00001O0O11O0001O001N2N4LVhnS2
20161116222134Lh_2,Q^oY13jo16K4M1O1O010O1O0100O0100O01O1O010O1O010O100O010O100O10O010000O010O0010O2O0O1O1O100O1O2O0O2N2N2N2N2OO010O0O2O001O010O1O1O1O1O1O1O100O10000O100O100O01000O10000O10O10000O010O1000000O01000O010O01000O01O010O010O10O01O10O01O0010O0100O01O01O010O010O0001O01O00010O0010O00010O01000O010O0100O010O100O010O1O1O100O0100000000000O1000000000O1000001O00000000000000000000000000000O1000000000000000000O10O100000000O100O100O10000O1O2NSdnX2
20161219133734Ch_0,YgTc05jo15L1N2O001O001O0000010O01O001O1O1O10O100O101N1O10000O2O2N2N2N3M6I`0@<E5J4M2N3M2N2O1O000103M4M2OO0N2N100O3N0O1O1O00O01100O2M3M4WNYRNo0`n1M5K7H4M2M3N0O3N1O1O1O00O01O10O01O10O01O100O1000O010O1O100O00100O010O010O10O]QNAgm1<YRNFhm18WRNJim15WRNMhm11XRN2gm1LZRN6em1F^RN;dn10O010O010O01O100O1O0001O010O001O1O1O1O010O1O1O00100O101N2O0010O1O2N1O2N0O101N1O2N2N1O001O001O000O2O001N101OPQgR3
20161219133734Ch_1,XeWi17ho12N2O10O01O1O001O00010O00001O00010O001O00001O001O1O00001N1O2L301O001O001O1O010000000O1O100O0100O100O2N101N1O1O2N2O0O1O1O1O2N1O001O1O001O0O10001N1O1O1001O000001O000O101O0000000O1000000000001Neoi17SPVN3O3L3N1O1O11O3M2N1N1O001O1O1O0O2NjYjm1
20161219133734Ch_2,om`i05ko111N2O1N10PP20PPN0O010O0010O0001O010O100O2O0000000O0100O10O100000O2O1O0OYO0f03N2N0000O10001N2NoP20RoM1O001O0IN`PN2`o1N`PN3_o1M`PN4`o1M_PN3bo1L^PN4bo1M\PN5co1K]PN5co1L\PN4eo14O00010O01O000O100O1O3LPQoQ3
20161219133734Ch_3,\gRc04no1OXPj0NioUO001O01Oeo10[PN001O00010O1O010O10000001N1OnQN1Tl1OQTN0Qn10O1dMOeTN0Yk10\2001O1O101O4cP4HaoK000010O01O01O0000_RN0Uk50]RL1N2N3M6JL]R4HnmK0O1000O_o10bPN0QTSX3
20161231223534Lh_0,`_Yb22no13M1O3M2N2N101OO2O00O101O000O01O001O000O1O10O100000001O000001O0000000000000O1000O01000O2O0000010O01N2M3N3LT`ZZ1
20161231223534Lh_1,UdfS37io13M1O100001O00000001O1O1O0O1000O1O001O000000000000001O010O0010000O10O10O0100O10000O1O10O10O010O000O100O100000000O11O010O001O001O10O01O001O1O001O1O2LhZcg0
20170129133714Th_0,bTS_28go12N2O1O1N101N101N1O1O1O1N2O1N2N1O1O1POYOgRNh0Ym1ZOVRNT1jm1>3J6M3N2O1O2N1O2M3M3N2L4K6K4I8J^mb^1
20170129133714Th_1,odTi26ho12N2O1O00100O100000000000O1000001N2O2O3LZP63doI01000O3L6J7I4L2O1O1O12N2N2NO100O1O2O4Kf0[O3M10O2N00100O3M1TOcQN0`n1HiQN3]n1AjQN?mn1M3N2M3M4JgWQS1
20170313145450Bh_0,ba\d2;eo11O1O1O1001N1001O2N1O02N2O00O101N12M21N3N3M1M2N1O1O01O10O10O001O001N100O10O0100O10001O1O01O000001002N0O1O2O2M11O01N2N3M2^QN_On1ASi1R2aVN\N[i1f1]VNdN_i1^1ZVNiNei1[1SUN[NGf0Vk1_3O0O11O2N5K4L3M5SNlTNbN^k1m0lTNoN\k1c0nTNYOVk1?PUN^OSk1<TUN_OQk18\UN]Okj1<b2HYYaV1
20170313145450Bh_1,kYod23lo12N2N2O0O100O0100O010O010O01O010O1O010O10O01000O1O00100O100O010O10O01000O0100O0100O010O01O010O010O010O01O00001O010O01O2N2NQgTW1
20170313145450Bh_2,omTn1o0mn1<F5M2N4M4L3M3L4M1O1O1001O2M2N2N1O0000000O1000000O010001N10000010O2N1O1O1O1O100000O2N100O1N2O2NfNSRNb0km1\O[RNb0bm1^O`RNb0_m1\OeRNb0\m1[OhRNe0Vm1YOnRNk0ll1ROZSNo0cl1mNbSNQ1^l1lNhSNR1km1H;E1O0O2O00O01O100O100O101OO10O10O010O010O010O100O100O0010O0001O01O0001O0001O0000001O01O000001O0010O01O0001O0001O01O000001O0001O0001O00001O00001O0O3N1O2M3Ngl\i1
20170313145450Bh_3,e`jn14eo1;I4M2O1O00O1O2N1O2M3N101N101O000010O000@MTQN3jn13QQNOmn1b000000O2O1N2L4M3N2O1N3K5Km`mn1
20170326133730Ch_0,]cb]27do1;Ha0_O7I9H>C4LZN^RNo0am1mNkRNm0Tm1PORSNn0Un1M;ERQNBWn1a0]QNEgn1g03N3M3M2O2M2O1N3O0O1O1N2O1O0O2O1O001O1N1001O000000O01O10O100O1O010O001O00100O10000O010O000000O101N10OO200000O[YU^1
20170326133730Ch_1,bjZg13lo1100O00100O010O10O0100O010O010O1000O010O010O10O10O01O010O001O000000000O10O01000000000000O01O2N1N3NdVaU2
20170326133730Ch_2,]Vag11jo17J4M3N2O1O00001O00010O00O2O1O1O1O2O000000010O01O001O1O001N2O0O2O000O100O10000O01O1M2N3O100O10O10000O100O2O2ePN@Qo1i0OO010O1N2N2O1O100O101O004L00100@bPN<bo1O1O1O10O01O010O001O01O00O10000O010O001O1N2OTjbR2
20170326133730Ch_3,^TYX34ko12N3M2O1O1O001O000010O1O001O00001O0O10CMmPN2So11iPN0Wo1;100O11OO11N10CoPNKQo16<1N1O2N2D<00O10O1O0O2O1O1N1N3M2O1O1000O2N1O2O001O0100O2N101N2N1O2N1O1O1O2N3KYm\c0
20170328014950Uh_0,dSc_23mo11O1O100O1O00100O0000000010O0001O00001O001O000O100O1O1O001O01O00100O1O00100O10O010000O01000O0100O1O10O010000O0100O100O010O00100O0010O0100O010O1O10000O2O0O2Nll^[1
20170328014950Uh_1,h_T^21jo18L4L3M2N2N2O2M2O1O001O1O001O0010O001O00100O1O010O2O001O00000000001O0001O10O01O000010O1N10010O1N10001O0000001N010O1000001O1N101O000010O01O00010O01O001O00010N1000010O0000O20O001OO2O010O00001O001002N00201M0O00001N100000O1000O10O100O1O100O1O101N1000000O1000000O100O1O1O1MW\]Y1
20170329014850Uh_0,d^lg26ho15M2N2N2N1N30O1N2O2N1O010M5Jb00^O6K2O1O100O100O1O010O10O01000O0101O1O1O0O110O10O0100O01O001000O00O10001O01O00O100000000O1001N10O10O10O0100O100000O0100000000001O01O01O00001O1O2N000001O01O01O000001O10O01O00010O100O01O0100001N00100O101N100O1O0100001N001O01O1O00000O100O100O1O010O0010O0001O100O1O100O1O100O101O000N2M4Ki[Yn0
20170329014850Uh_1,nSok21no12N2N10000O2O001O001O0010O01O0000010O000000000000001O001N101O1O1O00000000O001O10O01O010O01O10O0001O0000010O0010O0001O01O0O101O001O001O001O0O2O000000000O11O0001O01000O100O010O2N3LSm\n0
20170330133710Th_0,Pcbn14lo10O2O001N10001O001O000010O01O0000001O00001O001O0010O00001O010O00001O001O00001O01O001O00100O01001N2dPNHnn1g0N0010O01O2O1013I5J3M4In[am1
20170414151450Bh_0,dbcV2>bo11O1O1O01O100O1O1O1O010O010O01O2O0O10O01O01O010O0000000000000000000000000000000O1001O00001O1O1O2N1O001O000O2O0O100O1O2N1010O010000000O1000001O3M1O0010O000001O3L4M2M2O1N2N2O1N1N2Of[hc1
20170414151450Bh_1,hckX12lo13O0O2O1O0O101O00001O001O0000001O0000010O001O0001O01O01O00100O0010O01O010O001O010O0010O01O01O000010O01O001O010O001O1O010O001O001O0010O01O00001O010O00100O010O01O010O01000000O0100O010O10O0100O00100O00010O0010O01O01O01O00000010O0001O00000000000000000001O0000000000000000000000001O00001O0001O01O010O10O0100O01O10O10O100000O0100O00010O10O10O10O0000000O2N100O1O100O10001O0O10000000001O000001O01O0001O001O001O100O1O001O1O1O1O1O001O1O00001O00001O00001O00000O1000001O0O1000000O10001N10002MXZRX2
20170414151450Bh_2,eijg16io12N1O1O1O001O1N100O2O0O100O2O0O100O2O0O100010N1N3M3N101N2O0O101O0O2O1N3N]WkU2
20170516134450Bh_0,Wblo16ho14N1O100O1O2O0O100O1O001O1SSN^O[j1b0cUN@\j1a0`UNBaj1=]UNEdj1;ZUNFgj1:WUNHjj17TUNJmj16QUNKQk13nTNORk11lTN0Uk10iTN2Wk1NfTN5Zk1KbTN9_k1F^TN<dk1DYTN>gk1CUTNa0kk1^OSTNd0nk1]OoSNc0Rl1^OkSNd0Vl1_OcSNd0^l1@\SNa0fl1DRSN<Rm1FdRNTO0S1`m1]O\SN5gl1FlSNHZl11X^em1
20170626133730Ch_0,[T]h16ho13N2N1O00100N2O0O1N3M2N2N3XO@nQNa0Pn1FjQN:Un1KhQN5Wn1NgQN1Yn1k00O1000O1O1L4kNcN_SNR1DQOml1g1^SNRNcl1l1bSNQN_l1k1m0N2N3N3MU1jN5M2M3N001N2N2LemPU2
20170902231930Lh_0,boZg19eo15ePNJen1i0O1OO101O1M2O2N1N2O2N1O10O1O010O0SO_O]RNa0dm1BXRN?im1BSRN?nm1BPRN>Rn1CiQN?Xn1CeQN=\n1b02M2O1O1OCnNnQNR1Qn1VOhQNj0Yn1>O01O01O000O0011O10O02N200mNbQNc0`n1\OfQN>[n1AiQN;Zn1AjQN;Zn1AhQN=on1O1N2O1O1N102M2NXRQU2
20170902231930Lh_1,gaWZ18go13M3N2dPNCKORo1k00O0100O2N1O1O1O1N2N3M2O1O1010O1oNcQN=dn1YO`QNg0mn1O10O10001N1O1O1O1O0O2O000O100O100001O4L4L4L2N1O10O0100O01O00001O000O101O001O010O101O01O1O0O1O1O001O001O0L4M3N3N10T]j`2
20170926225530Lh_0,XmTh08Wo1IVQN:dn1d0N3M2N2N2M2O2N2M3O1N102M3N2M4M4K6I9H3L3NQOWSNlNfl1=[SNRO9=[l1?^TN^O`k1a0gTN[OWk1e0PUNUOnj1m0Q21N100O2O000O00002N101O000000O100M2N4M3O001N201M2O2N1N2O1N2O1O1N4M4IlVoS3
20171018223630Lh_0,Ufj_1<ao15L4N100O2O0O10O101O1N3N2N2OO0000O10000010O0O100O10O01O10O01O1000000000000000001O10O01O01O01O01O1O00O100O10000O100000O1000O01001N10000001O01O0000000001O1O01O00000001O1O01O0O1001N10000O100O01000001O00O100O0100O00100O100O10O100O10O01O0000001O00000000001O01O00000001O0000001O00100O00100O01O100O00100O00100O101O2N1O1O10O00110O00O0001O1O2O1O0O000000010001N2N1O1O001N3N9H4K3M2N01O1O1O3M2N1O3IVTQT2
20171018223630Lh_1,WXmb17go13N1O1O1O010O101O00O10O100O01N100010O0010O10O10O01O1O001N2N100O2N1O02I7O1N200O1O2N2N3LdhZZ2
20171021223430Lh_0,mcj_29eo13O1O001N10001N1O2O1N2O0O2N2N2O1N101O1O0001O001O2O0O3N2N1O10O00O1000O2O0SQN\O\n1e0_QN@an1Q1N010O01O1O1O101N1O101O1O001O000O1000000O1000001O0O1000001O0O11O100O1O3N10O1N3M3N0O1O2O0O00101O1M4M4L1O1N2N3M2NjXYZ1
20171021223430Lh_1,P^Wm05io14M1O2O000O1O1O2N1N201N1O11N2O4K2O0O100O100O1000O01O01O010O0010O0001O000000000001O0001O001O0010O01000O010O1O10O01O10O01O001O001O00010O001O010O01O010O010O02M2NWchm2
20171021223430Lh_2,X]`T26go17J7J4L4L2N2N3M3M4L4L2N2O0O100O1O[OoQN]OQn1a0VRNYOkm1f0ZRNUOgm1i0h0O2O1O1O100O10O01000000001O0O10001O0O2O001N101O0O2O001N1000O1O1I7J5O2O1N2O1O1O100O101N100O1O11O00000000001N101N1O101N10O01O100O10O10O01O1O00100O1O10O01O100O100O100O100000O2O0000000O10000O10000000000000000001O001O01O100O001O00001O00000O1000000000O10O10O1O010O100O100O00100O101N101N2Mnc[a1
20171021223430Lh_3,dd^a21To11fQNOZn13dQNM\n14cQNL^n14g0000jPNL_n14aQNM^n13bQNM^n12dQNN[n12eQNOZn10gQN1Xn1On0N10^Pf00boYO00000PQN0Po1000O1000O10QO0mQN0Sn10lQN1Tn1OlQN2Qo11O1O1N20O10ROJPRN5on1O3N1N11N1RONkQN2Un11iQNOWn11hQNOXn12gQNMZn15eQNJ\n16cQNK^n13bQNMbn10^QN0dn1O[QN0gn10VQN2jn10SQN1ln13PQNMPo14oPNMQo13mPNMUo13iPNNXo13ePNM]o13aPNNao172O1N10000O1O1N2NZP2MioM2O1O1O01N2O1NZP80foG2O001O1O002N4L2N1O10O00100O1000O100O100O10000O100O10001N1000000O1O100O00100O1O001O1O001O00010O0000000000000001O0000000001O00000000001O01O01O01O01O010O010O2O0O100O10O0100O100O10000000O10000O100O10001O001O0O01001N101O001O00000000001O010O01O001OO011O010O10O2N100N11O10000100O1O0O1O00O2N1N4L5K3M7I5K]Tco0
20171021223430Lh_4,ZdY]15jo1101N2N100O2N1O100O2O0000001O01O1O1O001O1O1O1O1O1O100O10O01O00001O0001O00010O00O100O1O`Pd02Zo[O6K5M3K4N2N3O0O1O2N1O1O1O2N1N2N2M4M20001O04gNbQNh0mn1O0O100O10O0010O01O01O010O0000010O01O001O001O1O1O1O1O001O10O00001O001O1O4L3M4L2N2N2N2M2O5E`ZR[2
20171021223430Lh_5,VVo[11mo14N2N3M2N101O01O01O0000O001O1O000O10000O100O10O001N110O1O10O1000000O100O1O1O1O00010O2MkiXa2
20171021223430Lh_6,RiVi24mo13L1000O1O001O1O001N100OWPj11joUN10O000001O0O100000OoNNURN2mn1O10000O010OmPl10UoSN0O1001O0000O1O100001004LO0O1N1O01OO01O1O0XTio0
20171027150050Bh_0,`ViW22lo14N1O001O001O10O010O010O010O01O10O10O10000O010000000000001O000000000O101O0O100O101O00000001O000O2O00000000000000001N10O1000O1000O0100O010O0100O10O10O100000O10O010000O10000O1000000000O11N10O1001N010O10000O010O10O10O10O010O10N2O2MjfPa1
20171027150050Bh_1,SWQf12mo12N2N100O101N10000O100O100O100O00100O1O1O010O01O01O00010O010O0010O01O0010O10O01O01O0001O0010O01O0000001O001O10O0010O00001O010O010O010O010O0100O010O010O010O010O01O00010O100O010000O100O0100000000000O1001O00001O001O01OO01000000000O0100000O10O010000O10O10O10000O10O1000O10O1000O010000O10000O01000O10000O01000O10O10O0100O10O010000O01000O100O10000O0100000O100000000O10000000000000000000000000000000000000000001O0001O000000001Mojhl1
20171027150050Bh_2,ofen19eo14M2N1O2O0O100O010OO_OCbQN=]n1J\QN7dn1b01M3M201N2N3L4L6IoYno1
20171027150050Bh_3,hadn12jo15N2O1O0O2O001O0000010O10O010O1O10O0100O1000O10000O0010O010O10000000O10002M4M2N1O1O000O01O00100O001O1O0010O01O01000O2O107LM2M1N3M2O00O11O0101N5L10OO1O01O1O00010O1O1O001O1]QN^Oem1c0VRNBim1>SRNFmm1=kQNITn1R11O001N101N1000010O000010O4L2OM2K6K6K5L4L5I9FaZ[j1
20171029171010Mh_0,naVc29do16K3OO010000O0100O100O101N1000O10000000000O100O2O0O101O0000000O100000O10000000000000000O10000001O00000000001O00000000001O1O00100O1O2N2O1N1O2O0O1O010O1O010O0001O00001O001O001O0O2O00100O1O1O10O0100O100O010O00100O2O000O10001O1O10O001O3ePN_OPo1P1I3L2O1O000O1kQNjN_m1U1`RNmN_m1T1^RNPOam1P1^RNQOam1P1\RNSOdm1m0ZRNUOem1m0WRNUOjm1a10001N0100O101N2O1O000N3N1N3M2M3N2N2N2N2N2N2O001O100O1O100O102N3N7H2N00001N2O0O2N101M3JQ[mQ1
20171029171010Mh_1,RWm`22mo1101N10O010000O10O10O010O1000O010O01000O0100O010O010O001O0O10010O001O1O001O10O01O1O1O010O00100O0001O00000010O000001O000000000O101OO11O01O01O000O2O001N2O1O1O1OajRZ1
20171029171010Mh_2,RldZ22no100001O000000001O00001O0000001O001O010O1O010O2O0O10000010O000000001O1N101O0O10O10O010O0100O00100O00010O0001O01O01O0000010O001O00001O001O00nRo`1
20171029171010Mh_3,a]\P12go1:K4N1O1O1O1O2N0101N2O1N100O3N1N2O0O11O0001O1OO101N1O2O1N100O1O1000001O0O10000O2O0O3N1O1O1N10101M3N1O1O0O2O00000000O100000O010O10O10O100000000000001O0000000001O1O000010OO2O1O1O00001O2N2O0O0O2O101O02O0O001O1WQNZOTn1g0dQNDZn1Q11O01O01O1N2O010PO^QN>bn1^OdQN`0\n1ZOmQNb0kn1N2O10OO01O01O0100O100OO10010O02OO1O010O2000O0O001O011O00O001O01001N1O10OO2N3M3M2N2O6MM000O3M5K1O10O1O2M3N1O1O3LcZkd2
20171029171010Mh_4,dek^2:eo14L2O2M4L7QQNYOYn1Y1M100O100O100O100O100O1O1OjNiQNd0Xn1YOURN<km1CYRN9im1FYRN7jm1GXRN7jm1GWRN7mm1DVRN;hn1O2MiY\_1
20171107222630Lh_0,mdTU17ho13N1O2NO10000001O0101O000O100O01O2O0O100O2O00000O1O2O0O1O2O1N2N2N3M1N4M2N2M4M3M2N2N2M2OfNlQNj0Rn1VOoQNk0om1TOTRNk0km1TOZRNk0dm1TO_RNn0\m1POiRNNAl0]m1SOcSNk0lm1M2N2N2N2N100000O101N1O2N2N1O[ORQN:kn1@_QN`0^n1@dQN?on11O100N100001O1O1O1N2O1O0O2M3MdWee2
20171108222430Lh_0,ldP`16`o1`0G6J5M2M3N1N2O1O10000O11O3M;F1N2N1O010O010O0010O02N100O1O101O000O101O0O11O01O00O10001O000010OO11O02M10001O10O01O01000O11201L1N2O00000O001O000001O00O11O001O001O1O1O001O2N001O0O2O001N2O0O101N1O1O1O3KoWgY2
20171108222430Lh_1,]j\a27fo13BMlPN6Ro1=O1O10O1O1N2O2L3M3O1O1O1O2O0000001O00010O00001O01O01O000000000000O1000000O10000O100000O100O1O100O10000000000000000O100000000O10000O10000O10000000000000O2O1N101N2N2N2N1O001O10O0010O01000O1000FcPN1]o1LgPN4Xo1KkPN3Uo1LlPN4ao1O1O1O1NRVoW1
20171122022450Uh_0,UWgl0V2fm19I6J4L4M2N3M101N1O2O0O2N1O1O2N1O2N1O1O2N100O10O01OVNkSNJUl13XTNChk1:cTN_O\k1>kTN^OUk1?SUN[Onj1b0ZUNXOgj1e0bUNSO`j1j0mUNjNUj1R1^2N2O2O0O2N1M4K4O2O001O10O01O010O010O010O10O010O010O010000O0100000O010000000O1000000O10000O1000O0100O100O101O0O1000000O1000000O100000000O1000001N10000O2Oho70XPH1O1N100O100O1O100O1O1O2N1O10O0100O10O0100O001O001O0010O0100O010O00010N100O2O000000001O010O00010O000O10O010O011O01O01O010O1O001O001N10O01O101O00010O010O010O10O01N1001O01O010O010O01000O1O1O1O010O100O010O10O1O10O0100O1000O010000O0100000O0100O10O10O1000000000O01000000000O10000000000000000000000000000000000001O0000001O0000010O000001O01O01O01O010O001O3M100O001O0001O0001O001N101NYP81eoG3O001N2O0001O001O001O001O42J1O1O1O001O1O0100O010000001O01O1N2N1O100O1O0010O1O010O101O000000O100O1O010O01O010O3N10O010O2O1N0O100O1O1O10O10O100001O0100O1O1O0O2O0O1000O1N2O1N3L4KVQ:GnnE:M2M40N2M4L3M3LeP>O]oA2N1002MfhjX2
20171122022450Uh_1,ggda18go12O1N1000000O100O01000O010O1O100O00100O100O0100000000000000O100O2N1O1O2N1O2N1NcXk[2
20180507140210Th_0,kgfj0<co14M4K3N2N2N101O0011O4L3N1N10O1O0001N2N1O1000O100O2O001O1N10O1O2L8EXVUS3
20180726232450Bh_0,ZaZT12mo15K3M4M3L2O1O1N101O00O1N2N2N2O1O2N100O2N1O100O101N1O1O0100O0O200O1000O0010O10O1O00O2O0N3O0O3N100O100O101N2N2N2O1N1O2N2N3M3M2N1OL5L301N1N3K4N3N2N2O0O2O100O1N2O1O101MWPR1MlomN20001N10000O1000001O0000000000000O100000000O10000000O010000O1000O01O10O01O10O01O010O0100O1O100O1O1O2N1OT`Sb2
20180726232450Bh_1,[ofR31mo15L4K6J4M2N2O001O1O001O1O00O100O1000000O1O2@hPNI0;Xo1IQQN2bo1K3O00PP80ooG2O1N101O00001O001O00000001O001O01O01O000010O001O001O0O2O1O0O2N2O1N2O00001O00001O01O1O1O1O001O001O001O001O0000001O00000000001O00000000O100000000O100O10000O2O0O10000O2O000000000O10000000000001O00000000000O100O1N2O100O100O100O10001O000O100000001O00000O3MUP]c0
20180726232450Bh_2,^ehS31lo15L3N2O2N1O1O10O100O10O02O010O00000010O1O00011O2M1O0010000O00001O100O00101O4M1M12O3M1NO01O2N2N1O1O001O1O1O000O100O2O0O10O10O010000000001N101N2N2O00001O1O00010O1000O2O0O10O01O100O1000O02O00O1O100O2N001OO10O10000O01O01O01O00100O001O1O1N2O1N3MQVed0
20181012105930Ch_0,Vedd25jo11N2O0O2O0000000O010O010O100O1N2N2N2N3K4N200O100O110OO2L3M4O1N2O010O1O101N1N4L[\kX1
20181012105930Ch_1,Zejd21oo10O001O00O0100O01O1000C0kPN0So10oPN0`o10010O00000001O0010OO2L2NM6N1100oo3OboM1`PN0^PN0To12hPNMZo194L300010O01000O01O01N1O1O10O1O10011M3Neo9O\PF5J3N2O0O2O00O010O10O10O0100000O1001O0O200O1O1O1O10001N010O01O3H]]WU1
20181012105930Ch_2,^_l[17go13N1M3N2O1N2O0000O1O100010O0010O010O1O001O001O001O001O000O20O0100O010O100O010O1000000001O000000000000000001O0000000010O001O010O00000001O0000001O0001O1O1O1O1O1O0O10O100O1O1O1O1O101N10001O0O101O1NXao]2
20181030230030Lh_0,kd\g17fo14L3O001O010O01O2O000O10010O01O2O0O1001O002N01O0000000000O1000000000O2O00000001O0001N101N1O2O00000001O0O2O1N2O2M4KmYoT2
20181030230030Lh_1,R^bc29do1?B2N0010N10100O100O001O1O1O1O1M4J5O2N3MgbS[1
20190605025430Lh_0,ePSc0?^o17J4L6J4L5K6J6J7J4K5L3L5L^NgRNa0Um1^OQSNa0ll1_OXSN`0el1_O_SN`0_l1_OdSNb0Xl1_OkSNa0Rl1\OTTNc0jk1ZO\TNf0ak1XOdTNh0Yk1VOlTNi0Rk1WOPUNj0mj1UOWUNk0ej1UO_UNj0_j1VOcUNk0Zj1TOjUNm0Qj1TORVNl0ji1TOiVN=Si1CUWN7ih1J\WN2ch1MaWN0`h1NcWN0^h1OcWNN`h10aWNOah10_WN0bh1O_WN1ah1M`WN4ah1J`WN6`h1HcWN7Sl10000001O0O010O1O100N101N2N1O3L3N201O2N1O2N1O20O2N3L8I4L1M5Kll^X3
20190605025430Lh_1,SSYe01no101000eo?1YP@00001OO010OcPNOmn11TQN0kn1OXQN1[o1001VONeQN1Zn10hQNOWn11k01O1O102M4L5IOnPNBin1<]QNF\n1:hQNFUn19oQNIkm17n01O100O2O00O01000001O0O100000O1010O01O00O10O1O10000O10O0O100O2O1O001O1O1O1001O000O010000O100N1O02O000O0O100110O1OO01O101O1O0N2N2N3O1N1M3M3N3N1O100O1M2001N3O1N2N2I7L4N3M4L6GWSQS3
20190605025430Lh_2,`SaW14jo15K3M10001N10O1000O1O10010OO1001N101O001N101O0O2O0O2O001N2O001O10O01O10O0000000O100O100O100O2O0O2O1O00100O001O0001N1H8M3O1O01M2N3N3M2M2M6F2J6:jNE_RN:`m15mQN0Tn1m02L4L4M3O2O1N2O1O10OUOnPNi0Qo1WOQQNg0Wo1M2N4KYPmb2
20190605025430Lh_3,dSaW13gna1NVQ`N010jP40WoK0oo10QPN0Uo_10jP`N000kmbd2
20190607032610Mh_0,SSYR24io15M3M2O1N101N100O2O000O0100000O010O01O01O00010O01O0O10000O1O2O00O01010O000000000010O01O01OO101O1O0O2O0O2I6J7K4L3O10J7J5O01N100OO2L500OYO[OVRNe0jm1DlQN=Vn1d02O1N3M3O1N1O2O1O1O1O1O2M2O1M3N2M4L5LkPUh1
20190607032610Mh_1,[RWZ16io17I2N2N101O00000000001O01N101O00001O00001O000000001O0000000000O10000O1000000O100000000O1000O100O010O10O01O0001O01O010O010O010O10O01O001O1O00100O010O01O1O0O2O1O001O1O001O000O10000O001N2O1000O1O10000O01000O1O1O1O010O001O1O010O010O1N11O010O0010O010O010001OO2M3N1OWKGlYN:Vf1GgYN7]f1JaYN6`f1JaYN2bf1O^YNNdf19_4000YTNJbg17ZXNMeg14XXNNig11TXN0ng11oWN0Sh10hWN3Yh1NaWN5ah1L]WN4eh1MWWN5ih1LUWN3nh1MoVN4Si1LjVN5Wi1LfVN5\i1KaVN7`i1J]VN6ei1IZVN7ii1HUVN7Pj1GnUN9Vj1EgUN;]j1D_UN>dj1BXUN?lj1_OQUNb0Uk1VOmTNi0Tm1ON3nNR1J51O5K6J7E:F9J7J5DdSoZ2
20190607032610Mh_2,oRYR24jo1O201O100O10b01]O10O000O00[o70ePH010dPN0gn10ZQN0Zo10010O00do?0\P@0[o=0PQ60fo[O0O0O1fmTj1
20200806072410Th_0,_^Po1:co15K5M4K4M2N2O0O100O1O00O2N1E;M300O11O0001N2N2N1O2N1000O1N3A>L5N101N10O1O2K4C<O20O0100O1000000O2N101N2N3Noo3NTPL0lo30SPL3K3N3M2O2O1N101O1O1OO2N1N2O1M3O1O1O1O1MXdok1
20200806072410Th_1,[cSQ24co1<K7K5J3N100O2N01O001O1O3M2N1O1N2O1O1N2O2N1O1O000O101OO0100O1O100O100000O010000O10O0100O10O10O0100O10O011O000010O0000O10000O2N1O1Nc\hj1
20200806072410Th_2,^^Po11Yo]10ePdN0010O00RP`00nn_O0mQN2Un1NlP20bc[n1
20201228202510Mh_0,R\Qb22mo11O100O1O10O01O001O00001O000O2O000O1000000001O01O01O001O001O1O01O010O010O01O01O1O010O00001O1O001O010O0001O0O2M3O1N[eZZ1
20210101202450Bh_0,Vbog2e0eo3CooM6J4M3L3L4J6K5M20O010000O00O1O0100N0N0201100OO3L3O2O1O002N1O2O01O00000001N1010O000O010001O100OgNHlRN9Sm1LhRN4Ym10aRN1`m12XRN1jm1Q1100O2N1N3L4N1O2N2O1N2N2N1O2N2O0O2O1OjLPO]WNP1ch1SOZWNm0fh1UOXWNk0ih1VOUWNj0kh1WOTWNi0lh1XOTWNg0mh1YOQWNh0oh1YOoVNh0Ri1XOlVNi0Ti1XO_VNU1`i1lN[VNX1ei1jNWVNV1ki1kNRVNV1oi1kNoUNV1Pj1mNmUNS1Tj1nNkUNQ1Wj1oNgUNP1[j1ROcUNi0bj1XO]UNe0gj1[OXUNb0kj1_OTUN?oj1AQUN<Qk1FmTN8Vk1HjTN5Xk1LgTN3[k1LfTN2[k1NfTN1[k1OeTNO\k11fTNM[k11gTNNYk11jTNMVk12lTNNSk1NSUN0lj1NXUN1ij1K[UN4fj1AeUN=\j1CeUN<\j1CeUN<Qm1M4L4LfdlP1
20210101202450Bh_1,fY_e04\o1e0G8C:J5M2O1O101O10O100O2O0DhQNnN[n1n0jQNoNWn1n0`0M3M4L5K5L5IXgRY3
20210101202450Bh_2,nb]U22lo14M1O2N1O2N1N3N1N3N3M1O2O0000000000O02O0O100O1O2L4J6M3N2O00001O01O1O0000000O1O100O1O1N2O1O1N101O1O1O001O000O00O02M4L4E;K]^hf1
20210127110130Ch_0,`[ha27do17K4M1N11O1L5N100N200O01O1010O01000O100000000O011O0000001O00001O0000O10O100000O10O10O1O1000000000010O010O010O10O100O10O01O1O001N2NQeSZ1
20210127110130Ch_1,T_Sl1:do13N1N2O0001O000O10001O00001O01O010O0010000O1000000000O100O100O2O0O3K^afQ2
20210127110130Ch_2,bYce27go12N2N1OO101O10O100O2N000000010O02O000O2O1O001O010O1O100O1O2M_g^X1
20210219230330Lh_0,fb][12io1=E5J5L3M4L3M3M3L3K4ZOf0M3O2N1O11O1N2O1N2O2M2N2N3M2O1O2N101N101N110O000001O0O1N2M3N2M3O1O001N1000O100000O00O3M2N2J5F:N3M30O1O1N2N20O1010O00O1N3N2M3O1O1N2M3O1O010O1O1N2N20000O000010000000O1O1O0100O100O2O0O101N2N2N1O10O02L4K5O010O10fo=OYPB3N2L3L5NO0N20N3N2O20O0O001N11O1000O1M1002N200O1O2N00100010O10O10O100O2O0O2N1O5Kme\Z2
20210219230330Lh_1,``kP35jo12N1O2N1O1[OK^QN5om1NhQN65MRn1d0kQN]OTn1h0gQNZOWn1Y1O10000002N1O2M3M2O1N2N1O^RNiN]l1U1`SNoNal1P1]SNQOel1m0ZSNUOgl1i0WSNYOjl1g0TSN[Oml1c0RSN^Ool1c0nRN^OSm1b0jRN@Wm1`0fRNB[m1>bRNE]m1<`RNF`m1<]RNEbm1=[RNFcm1;_RNC`m1>bRNA]m1a0aRN@]m1a0dRN^O\m1c0dRN]O[m1DaRN>5NYm1@hRN`000Wm1_OkRNa0N0Wm1]OmRNb0L1Xm1ZOnRNf0I0Zm1WOPSNj0DOPn11oQNORn11mQN0Un1l04L2N2N2O0O2O0O1O2N1O1O1O1O2N1O1O2N3M?A3M2N2Mc]dj0
20210607142350Bh_0,T\]j1:do1?`PNKZn1o0OO100O1O2N3dN`QNb0\o1FhcnT2
20210627163630Mh_0,iblZ18ho11O2O0002OOO11O0001O0O010000001O0000000O1000O010O0010O01O0010O010O01O010O00010O00001O0000010O0010O00100O010O10O01000O01000O010O010O0001O010N2O2Mj[a`2
20210627163630Mh_1,a`ml16jo11O0O2O0000000O1000001O0O101O001O1O1O1O1O1N01000000O100000O1000O10O100O0100O010O010O10O10000000000001O1N101N101N100O10000000000O10O10001O0O101O1O001O0O010000O1O001O1O010O10O0100000O10O10O100O1O001O100O100000O1N3L4M4Mo_Xl1
20210627163630Mh_2,nlPS16\m19^TNN[k1;_TNH^k1<[TNIck1;WTNIgk1<QTNHok1<iSNFXl1`0]SNCdl1i13gMXSNW1kl1kNZSNn0fl1TO^SNf0bl1]O`SN>`l1EdSN5ok1QOaSNm0l0Cbk1m0fTNgN_k1V1h1D>H;ESWgk2
20210627163630Mh_3,Ta_a13ko14M3N1O2N2N1010N2O2M2O0O2O0O10O100O10O010000O100O2O001N010O1O10O0001O001O001O001O0O2O001O1N101NBnPN0Qo1ORQN1mn1MVQN3hn1L[QN4cn1L^QN4bn1J`QN7^n1JcQN5]n1JdQN6[n1KeQN6[n1HeQN9Qo10O001O1O1000O101N2N5Ii]VZ2
20210627163630Mh_4,cfoR2<bo1=D3M2M3L4CoNgQNT1Xn1;N3N1O10N5L5I5UO\QN1kn1E]QN8Wo1N1O101O000000000000000000000000000001O0000000000000O1FJiPN8Vo1901O000001O001O10000000000O2O1O0O101N1O10O01O1O10O01O00001O01O0000001O01O100O0010O100N2N1O100N2O1N2N2M3L4L4M31O1O2M4EVYbf1
20210627163630Mh_5,kfd]18ho10001O10O01O10O01O1O01O0000000000001O000000001O0O100000000001O0000O01000000O10O10O01O010O1O010O010O1O01O01O001O001O010O1O010O01O2N2N`YU^2
20210627163630Mh_6,Z_WU1`0\o1a0A4L2N2N2NO1L4K4I7N03O11O1K5L4N2N3N101N2O1O1O2NlaVi2
20210701163730Mh_0,X\YS1f0Vo17M2N2]QNWOlm1j0QRNZOom1e0mQN@Wn1S12O00O002N1N5L3M2O10O5L6JVRNdNkl1^1lRNgNVm1Q22M3M2N3M3L4L4L4K4M3M2M3]Oc0J6M3M201M3No`Xj2
20210701163730Mh_1,njPR33mo12N101N2O2M3N1N3N2N1O1O4L2N3M7J5J4M2M2N2O01N3M2N1O2N1O101O0O20O2NO0O2N2N2M2N2M7J8I3N2L6IbRUk0
20210701163730Mh_2,Ta`a24ko1101O1O1O1O0010O0010O010O10O1O01000000O10O010002N1O000O100002N1O01OO1000001O01O000O11O0010O000O10000001O10N10O100O100O10O010O01O01O0001O0001O00001O00010O000001O00000001O01O00000001O00001O001O01O01O0000010O001O010O00001O01O01O0001O01O01O010O001O0001O01O0010O01O010O01O01O00010O00100O01O01O010O00100O00010O01O0100O010O00010O10O01O10O01O00100O0010O00010O0101OO010OOP\SS1
20210701163730Mh_3,\_Ug1=ao17J3N1N2N1@XOeQNk0Yn1>01N10FaQNmNfn1o07M3N2O2O1O1BmPNNUo10>N4Lba`W2
20210701163730Mh_4,Uh^c2:eo13M2O2N1O2O0O20O101N20N110N2O01O2N2N1N2O000000O2O0O3N2N1O2N2O3M20L4L2N1N2M4L_USZ1
20210701163730Mh_5,^^]b24io13M2O0O1O2M2O0001N3O001O1O0100O011N1O1O1TOFPRN>om1FjQN=Un1f02O1M3N2K5M4J8D=Gjcb[1
20210708060030Lh_0,ma\S16jo11O1O1O2O1O1O2M3N100O10O1O002M2O1N100O1O0010O001O0001O000O2O0O2NZ]aj2
20210708060030Lh_1,TbUR33ko13L3N3O0O10000O1000O010O10O001O001N2O0O2UOJjQN8Un1j0N101O1O1O100O0010O0100O00010O00000000000000000001O0000O010001N1000O100000O1O2N100O2O00000000000O100O1O0000O1O1N101O1001O0001O0001O1N100O101O001O10O0100O1O1O1O1O1L3L5L3O1001N1N2N2O1N20000100O10O00O200N2O0OO0O22N4IXdhe0
20210726041650Uh_0,TYoS1=ao1:F<D7I4M2M4L4M2N1O2N101N2OcN_RN6em1GfRNIcm15U1N2O010O1O10000000000000000001O000001O0000000000000000000000001O01O00000001O0010O0010O0010O010O1O010000O10O1000000O0100000000O101O0O010000O10001O001O000001O000010O1N101O000O10000000O10001N2O001N1O100O1Oeedd2
20210726041650Uh_1,hXY`14ko12N2O001N1000000000001O000001O00000001O01O0000010O010O010O001000O10O10O11OO01001O00O1010N110O2N2N3N3L1O1O10O1O1O2N001O1N2O001O1O1O000000000000000001O001O4L2OO2O1N3L6Hkd^Z2
20210726041650Uh_2,TbnT17go17LL3001O1O0O2O01O0001O0000010O00000010O000000000000O1000000O10000O100O2O000O100O10001N10000O10000O10000O100000000O1000001O0000001O00000O1000001O000O10000000001O0000000O100000000000000001O001N02O000000O2O00000000000000000O10000000000000001O00000000000000001O00001O0000001N101N10001O00001N10001O01O0000010O00010O0010O00001O1O1O001O1O1O001O1O1O002L4M`]S`2
20210726041650Uh_3,_dXR16ao1c0B8G9]OQOjQNT1Pn1a0N3M2O1O0O2O1O1O1O1O`NdRN=[m1[OQSNb0Pm1UO[SNh0Un1J7I4L2O1N000O2M5Khli0NYSVO3M23M5KM4O01O1O001O0000001O000001AOnPN0Ro10nPN0Ro10nPN0Ro10nPN0Ro10?1_PNOQo11oPNOQo11oPNOQo11oPNOQo11oPNOQo11oPNOPo12PQNNPo11QQNOon11QQNOon11QQNOnn12RQNNnn11SQNOmn11SQNOmn11SQNOln11UQNOkn11UQNOkn10b0100O0100O0100O01000O010jPNO]n11cQNO\n11eQNO[n11eQNO[n11eQN0Zn1OgQN1Yn1OgQN1Xn10hQN0Xn10hQN0Xn10hQN0Xn1OiQN1Wn1OiQN1Vn10jQN0Vn10kQNOUn11kQNOUn11kQNOUn11kQNOUn11m00O100PQNNRn11oQNOQn11oQNOQn11oQNOQn11PRNOom11QRNOom11QRNOom10RRN0nm10RRN0nm10RRN1mm1OSRN1mm1OSRN1mm1OTRN0lm10TRN1km1OURN1km1OURN1km1OURN1mn1000000000000000000000oNORRN2on1O00000O01POOQRN1om1OQRN0Pn10PRN0Po100000oo50QP`00PPZO000000000000000TO0hQN0To100000O010WO0aQN1Wo1000YOO_QN1Xo1O10ZO0[QN1en1O[QN1Zo10\OOYQN1gn1OZQN1Zo100000\OOZQN1Zo100010O01O01O00001O0^ONVQN2\o10_ONTQN2mn1NRQN2on1NPQN2Po1NPQN3Po1MoPN2So1NlPN1Vo1OQ^Y`2
20210730044930Lh_0,bXkd2:do15ePNCln1`0oPNFln1i0M3M2N1000O1ZO_QNMcn11g0M2O2O100O1O01000O100000000O1000000O01000O010O010000O0100O10O1000O1000O010000000000000000000000001O001O011^PNKUo1`00010O010O1O01001O0O0110O000O1010OO10010O010O100O0O101O1OO11N101OO01O2N5LffjT1
20210730044930Lh_1,UfTW34lo12O2N1O2N002M3N1O10O01O1O1O1O010O11O1O000O01O0000O100O100O2O000O0010O01O000O2O001O001O2N1O2M[Xme0
20210730044930Lh_2,ebVl12lo17K2N2N2O01O0001O0001N100O1000001OO100001O000000O010O10001O000O1O101O01O0001O01O001O00001N10000O2O1N1NfP4N\oK5L3M11000O10O01O10O0001O01O1O000001eQNFml1:nRNKSm14jRNNWm12fRN0[m10bRN2_m1O^RN2dm1L[RN4gm1LVRN4mm1LQRN3Sn1LlQN1Yn10cQNO`n12^QNLen14ZQNJin18VQNBPo1?8N3M4KiYUn1
20210730044930Lh_3,eb\h23mo11O1N10001O001O00010O0000001O00001O000001O01O01O010O010O010O0010O10O010O010O10O0100O010O001O010O00001O010O00001O000010O00000000001O0O1000001O000000000001O00000000000000000000001O000000000010O000010O0001O01O01O00010O0001O010O00001O010O010O010O00000000000000O1000000O1000O01000O010N1001O01O01M2M3L55Jm\Wn0
20210730044930Lh_4,\b_l11oo10O2N1O1N2O1M4N1O1O1O1O1O1O1O1N2O1N2O1O1O001O00O01N200O10000000O1O00001O0000001001O0000000000O1000000001O010O01O01OO2O001O001O00010O000000001O00001O001O10O01O001O000O10001O010O01O10O010O0100O0010O01O001O00001O010O0010O1O100O2M2OoNLYRN1dm1;VRN^Oom1f0PRNUOQn1o0>3M00O1O1O1O1O0100O100001O1O1N2M3M3L2GN544L4M3O00O1N2M3N0ON4J7M3M4N1010N3K4H:Gjn[1EgQdN3L4M101N1O1000000O10000000000O1001O00001O0000001O0000001N10000O2O000O2O0O101N1000001N100000eo_10ZP`N2N11Ngo31XPL3M1O2N100O1O10O010O01O0010O010O1O0O3N1N2N3MhfPb1
20210811072510Th_0,XljR18eo18J3L3N3N1RQNDVn1=gQNJUn16fQN3Vn1P1L4L101OQOTRNHlm11fRNC\m18hRNHZm1FTRNNh0;cn1001O000000O00100O1O100O01O01O001O1O010O001O001O10O01O010O100O002N2NTQQj2
20210811072510Th_1,QeZR1e0Yo17H5M2M3L@bQNE\n1:iQNCVn1;oQNEom19TRNGkm17XRNIgm15]RNKam14aRNK_m14cRNL\m12fRNNZm10jRNOcn10100O2MkY_l2
20210811072510Th_2,W]mo24lo11O2N1O1O2O00O10O1O10O01O1O100O1O10O011O00000001O0O010O1000O021N2N1O00000000O01O1O010O1O1O1N2O3LdaPm0
20211119005210Mh_0,n]Za1;do13N1O2N102M4L4M3M214OM1L2N1O002N10100O1N1O1O001N1O100O2O000001O01O001O1O10O012MO2N1O1O1N2O1Ni_g[2
20211224120130Ch_0,Tcf^26go1a0B6J4L1107H2N1OhQN_OQm1`0lRNCUm1<iRNEXm1<cRNH^m19\RNJhm1U13L4K4J6J6Gd0]Oa[Q`1
20211224120130Ch_1,VY[U21mo14N1O100O10000O100O101O0O1000O00100O001O000O10O10O0001O0000000O100000000O100000O10O01000O1000000O01000O11O0O11N1O100O1J6001N2M5B^hbf1
20211224120130Ch_2,_ZkP33lo110001O001O001O0010O00000000O10000O1O1O001O0O1000O10000O10O0ZNNaSN2^l11_SNO_l16]SNKcl19XSNIfl1<USNFil1`0PSNBol1NdRNN57Qm10mRNi0Rm1WOQSNg0Pm1WOSSNa0Um1]OnRN?Xm1XOnRNe0Xn1M5\OogZl0
20211224120130Ch_3,^^c_23lo13N1O1O1O01000O10000O010O01O010O01000O01O01O010O10O10O01O010O00100O1O2N100O1O001O010O1O01O01O00010O00001O010O0010O010O01O0100O10000O00010O1O011N1O1O00001O0000001O000000O0O2O100O00100O100O100O1O1O1O1O1O1O1O100O1O10000O10001O001O00001O00001O000000000000000000000000000000000000000O010000000O10O10000O010O10000O010O100O1O010O1O001O100O100O100O10000O10000O10000O10000O0100O010O00010O00001O0O1O01000O2N100O1N2O0001000001O010O000O1N3N101O002N1N2O1M3M3M4M2O]bXR1
20211224120130Ch_4,kXol18fo17J4J6K4J5M3N0O10EYQNXOnn1b0:O1O2N1N3J5N201O1O01O100O100O10O010000O001N1N2N2O010000O100L4N3O1O1O1000000O100001O00000000Odh^o1
20211224120130Ch_5,Wb_j21io16N200O1O2O0O1O100O1O1O2OO0100O1O100O100O100O1O100O10O1000O10000O1000O1000O1000000000000000000000O1000O10000000000O100000000O100000O010O10O01O10O01O10O01O10O01O10O01O00010O00010O010O010O10O10O010O10O010O010O010O10O10O10O10O1000O01000O10O10O100O010O1O010O0010O01O100O001O1O1O0O1000O0101O00010O001O0000O101O001N101O1O10O010O000001O00001O0010O0100O010O01O00010O01O01O0100O0100O010O10O0100O010O10O010O100000000000O1000000000000000000000O1000000000O100000000000000000000000000000000000O100O100O100O100O100O100O100O100O2N100O100O1O100O100O100O00100O1O010O1O00O2O0O2M2L5M3O0O2O0000001O00010O010O0100O010O10O01O10O01000O010000O1000000O0100000O1000O001O00001O00010O010O010O100O001O1O0O1O2N100O1001O02N1O2N2Ndbd?
20211231180850Bh_0,lYa[21mo13O0O1000000O100O100O010O001O10O01O00100O010O1O10O1000O10O10000O10O100O010O1O100O1O1O1O1O1O1O001O1O1O1O1O0000HlPNETo19902N1O10001OO2O0O2O001O000001O0000001O1N101O1O1O1O1O2NkgV_1
20211231180850Bh_1,faTX2?_o19H2N2N2N2M3M4L3L3N2N2O10WOhQNJWn13URNEkm19o0N1N3M3N2O2N1MR_]f1
20211231180850Bh_2,j][e26io12N2N2fPNLen1k0L3N1O001O1O1O1005J5L2M100O1O3N0O3M3M2N2M2N2N2N3MWajX1
20211231180850Bh_3,_hXU12jo18L1O1O1O11O000001O0001OO11O0O010O10O01O00000001O000O10001O00O0010000O001O10O010001O00001O001O001O1O001N2NTW[g2
20220124155050Bh_0,icPg16ho15M5K3N2N2N1N2O2O1N2O1N200O2N00000O1O2O0O1O10O100O1O101N1O<D1O1O1O000O2O0000O10000000000O1000O010O1O1O1O001O10O01O1O00100O00100O1O1O2N1N_YeT2
20220124155050Bh_1,f][]12no10O1O1M3O1O100O01O10O010O1000O0100N20O0100O10O010O010O000001O0010O010O001N10O1000001OO1O01O1000000O01001O000001O000O10001O1M2O10fo7LWPH9K4M4M1O001O1000OSMEWVN<hi1ISVN7ni1LoUN4Qj10kUNOVj14fUNK\j1;]UNEej1c0QUN]OQk1i0gTNWO\k1n0\TNROfk1R1STNPOPl1R1jSNnNZl1U1_SNlNel1V1QSNmNVm1AkRNi1jm1L3M4L4K5K4L3M4H9C=JdfV\2
20220124155050Bh_2,QbRo01mo13O0N2O1O1O1N101O1O0010O0001O00010O001O0010O010O010O10O0100O10O0100O10O010O0100O010O10O10O0100O10000O101N10000O2O000O1000O1N2N2N2O100O1000000O2O00001N101N1OP_ok2
20220328035030Lh_0,gbPR17nm1JgSNP1`k1VO[TNn0ak1XOWTNn0ek1WOVTNm0gk1WOUTNk0kk1VORTNl0nk1WOnSNe0Wl1@bSNKUm1=_RNGam1[111001002N0NWObRNSO\m1h0kRNWOTm1f0PSNZOnl12cRNEg08el1KSTN5kk1HZTN7fk1E^TN;em1O00010O02N2O0000N3M6I^\kk2
20220328035030Lh_1,eZSb01jo16L3L5K4L4O1M2O2N1N01O011O00O3N1O1O0001L3M4O1O100001O0010O00O11M2J6N2O1O100000000010O001O00001O001O000O1O1N2O2N1N2J6N2001O1N2N2M4L4M4M3L4L_h`Y3
20220328035030Lh_2,beb_25ho15M4M2N101N2001O000O2N001O0O100O1O010O1O100O010O100O11N010000000O2O01O01O00001OO100000000O100001O001O001O1N2O001O2N2O1N01O2O0O2N1N2O00001O1O0O1O1O2MnWg[1
20220523234912Lh_0,RYj_13ko14L2N3M2M3O1N2O1O1O1O1O1O2OO0100O100O100O10O010O000O20O10O0100O010O10O10O010O0100O1O0O2O1O1O1N2N2O1N2O001000O10000O010O100O100O100O100O1O100O100O1O10O01O010O01O010O00010O0100O100O10O010000O100O100O1000O01000O0101O0O10000O10000O101O0O10O01O010O010O0001O010O000100O1O1O1O1O100O2N1O2N2N2O1O1O2N2N3LROQRNOmm10VRNOim10YRN0fm10[RN0em1O\RN2bm1M`RN3_m1MbRN3]m1MeRN2Zm1NhRN1Wm1NlRN0Tm10nRNNSm11RSNKml15WSNHhl18ZSNFfl1:[SNFdl1:]SNEdl19^SNFbl1:_SNEal1:bSND^l1<dSNB]l1<fSNBZl1>hSN_OYl1`0e1O0O2M3M4L[iUU2
20220523234912Lh_1,iZU[28fo13N1N2O2N100O100O001O1O1O010O000O11O0O1O1O100O11O001O001O001O000000001N100000O10O1000O1O100O0100O10000000O01O1O10O010000O10O01O0100O1O1O10O01O1O101OO01O01SODURN=hm1OkQN5Tn1k00000001O1O0O2N1SOQRNHTn16k0N2O2N2O0O1O101M3M30hib^1
20220523234912Lh_2,^\cn2:do14M2M2O2N100O2O000O20O01O00010O0010O00001O0000001O000000001O00001O000000000O100O10000O1O100O010O0010O01O010O0010O0010O0001O010O001O010O000010O01O001O00010O0O1N2K5L4O1O1O1O1O1O1O0O020001O1N2O1O1N2N2O1O1O1N101O1N1O2M3O1N2Lce^j0
20220523234912Lh_3,nidT38fo13@HSQN;in1`0N3N1O2N1O1O1OVO_QN7an1FeQN7[n1GlQN3Un1LnQN1So1M2NoU[j0
20220523234912Lh_4,ldob27eo17L3M101O10O1000O01000O100O1O1O1O1O1O1O1N2O1O001O1O001O0001O00001O1O0O1O2O0O2N1O2O0O1O2N1O1O100O100O1O100O1O1O001O100O010O0100O0100O01O010O01O2NU[^X1
20220523234912Lh_5,nZmY19fo13N001O0001O001O00100O010O010O0100O10O10O02O0O0010O00000000O10O1^OLXQN3hn11TQN0ln14mPNNTo1?0O1O3M3JZe`c2
20220621185332Bh_0,\f`g12mo13N1O0O1000000000O100000gJLfZN4Ye1OeZN1[e12bZNN_e14^ZNLbe15]ZNKce16\ZNJee17YZNIhe18VZNHke19SZNGne19QZNGoe19QZNGPf1:nYNFSf1:kYNGVf1:hYNFYf1:fYNF\f19cYNG^f1:`YNFaf1;]YNEcf1<[YNEff1;YYNEif1:VYNFkf1:SYNGnf1:PYNFPg1;oXNERg1;lXNFUg1:jXNGVg19hXNHYg17gXNIZg17eXNI\g17bXNJ_g17_XNIbg17]XNIcg18[XNIfg17YXNIhg16XXNJjg16TXNJmg16QXNKPh15oWNKRh15mWNJUh16iWNKXh15gWNKZh15dWNK^h15`WNLah15\WNKfh15XWNKjh14VWNKkh16SWNJoh16PWNIRi17mVNITi18iVNHYi18fVNH[i17dVNI^i17aVNHai17^VNHei18YVNHji17TVNJmi16RVNIPj17nUNITj17kUNIVj17hUNIZj17dUNI_j15aUNJaj16\UNKfj16WUNJkj17QUNKPk15nTNLTk13kTNLXk13fTNN[k12bTNO`k11^TN0ck11ZTN0gk10VTN1mk1OoSN2Sl1NjSN3Xl1NdSN3_l1M]SN4el1NTSN6nl1LkRN6Wm11ZRN5hm1Q11N2N3M3L5K4L4M4K7I7G8Dj[oQ2
20220621185332Bh_1,PZSh1b0[o16I:H9F8I4L4M3LmNXRN3em1GkRN3Qm1LTSN2jl1M[SN2bl1MfSNOUl13QTNJkk18XTNGek1:]TNF`k1:cTNEZk1=iTNBSk1`0PUN^Onj1c0UUN\Oij1e0XUNZOgj1f0ZUNZOej1e0^UN\O_j1d0cUN]OZj1c0hUN\OXj1c0kUN\OTj1d0mUN\OQj1d0PVN]Ooi1b0SVN^Oli1a0UVN@ji1?XVNAgi1>ZVNCei1=[VNDdi1;^VNDai1<aVNC_i1=cVNB\i1=fVNBZi1>fVNCYi1<iVNCVi1=kVNDTi1;nVNEPi1;QWNGmh19SWNGlh19VWNGhh19ZWNGeh18]WNGbh19`WNG_h17dWNH\h17eWNJYh16hWNKWh15jWNKUh14lWNMSh13mWNNQh12QXNNng11SXNOmg10UXN0jg1OXXN0gg10[XN0cg10_XNO`g12aXNN]g12dXNOZg12gXNNXg11iXNOVg12kXNNTg11mXNOSg11mXN0Qg10QYNOof10RYN0mf10UYN0if10YYNOff11\YNNcf13]YNMbf13`YNM_f13aYNM^f13cYNM]f12dYNO[f10fYN0Yf10hYN1Wf1NjYN2Vf1MkYN4Sf1LnYN4Qf1MoYN3oe1OQZN1ne1OSZN1me1OSZN1le1OUZN1ke1NVZN2ie1NWZN3ie1LXZN5fe1LYZN5ge1JZZN6ee1K[ZN5de1L[ZN5de1K]ZN5be1L]ZN5ce1J`ZN3ae1LbZN2]e1NeZN0\e1OgZNL[e13hZNI[e17V5001N2O001O10O01O001O10O010O100O100O2N1O3NQiXP2
20220621185332Bh_2,SfZ`2<ao16L2M100OO2O1N2O2N1N2O1O2O0000000000000001O00001O0001O000000000000O11O001O0010000O10001O000O2OQ[e\1
20220621185332Bh_3,`ghf08go1100O1O100O10O10000O100O1000001O01O001O2O0O110O10O1001OO18H3LO2N2N1O2N1L4M3N2MiWgV3
20220621185332Bh_4,ZhVX31mo13O1O101O1N10000O2O2N3M2M2O1O1O00100O1O2N:F2N01O10O0100O2N001O1O1N2O1N1O4M5J3N1N100O2OO10O100O10O0100O000001O00000O100O10000O100000000O10O1000000000000O100O010O100O00100O1O2MlUYb0
20220621185332Bh_5,kaTT19co15L4N200002O0O2OO001O001O0O100O001O0O2N2N2N2N2O2M3M3N2LYOcQN1[n1LkQN2Rn1NRRN2km1MYRN2fm1M]RN2am1MbRN3\m1MgRN1Xm1OkRNOTm10RSNKnl15_1N2O1N2N`^Wi2
20220621185332Bh_6,na`b1>\o1;G6L4K4M\OaQNK]n12lQNKPn15URNKhm14\RNKam15cRNJ[m15hRNKWm13mRNMPm12SSNNml1NXSN1hl1L[SN4Yn11O01O00000O011OO11OO01O1O1Oi\e[2
20220621185332Bh_7,V_ho21oo10WPN1ao1O^PN3ao1M^PN5ao1K^PN7ao1I_PN7ao1I_PN8`o1H_PN:`o1F`PN:`o1F`PN;_o1EaPN;_o1EaPN<^o1DbPN<^o1DbPN=]o1CbPN>^o1BcPN=]o1CcPN=]o1CcPN=]o1CcPN>\o1BdPN>\o1BePN=[o1CePN=[o1CePN=[o1CePN>Zo1BfPN>Zo1BfPN>Zo1BgPN>Xo1BhPN>Xo1BhPN?Wo1AiPN?Wo1AjPN?Uo1AkPN?Uo1AkPN`0To1@mPN`0Ro1@nPN`0Ro1@oPN`0Xo10100O0010O0010O0100O100O10000O010O100O01000O10O10O01000O010O100O1O010O100O010O10000O010O10O010O01O100O100O10O10O100O010O100O10O10O10O01000O01000O010O010O010O0010O0100O0010O001O01O01O000010O0001O00010O000000010O00001O010O0010O0001O0010O0001O0010O0001O1O0010O01O0010O00010O01O010O010O010O0010O01O0010O01O0010O01O1O10O010O01000O010O010O010O010O100O10O010O010O101N10000O100000000O1000001N100000000O10001O1O001O001O000000001O001O1O001O00O1O2N2N1O2N1O2N2N1M6H:Db\g?
20220626185332Bh_0,lfPk12lo14M2O001N1000001O0000001O0000001O000000001O00001O00001O001N101O00001O0000001O000000O101O00001O001N2O00001O1O001O010O000010O01O010O00000010O00010O010O010O000100O01000O01O01000O010O01000O10000O010O10O10O10000O100O1000O0100O010O0010O01O01O01O010O01O01O0010O0010O01000O10O01000001O1N100000001O2N000O11N103M4L1O0O2O1N2N2O000O1000O100O1O01O001O0000001O1OaVQj1
20220626185332Bh_1,gZ_U14ko12N100N2O0N2M3K5M2O1OO11O1M4N101O1O00N4L3O1O1O1OL4M4N101O1O2OCTQNGjn16^QNH^n1:eQNDSn1b0QRN[Oom1f0e0O2N2N2N3L4M4KVhjg2
20220626185332Bh_2,j[m`13mo11O0O2O00001O00000000000000001O0000000O2O00001O010O0000001O01O00001O00001O001O0000010O000O100000O100O100O1O1O0010O01O000000010O01O00100O1O010O0100O010O010O1O0001O001O001N2O2MidbY2
20220626185332Bh_3,_gfo06io13M2O1N2O1O1O001O001O0010O0100O010O0100000000O10000001O0000001O;D4M4K3N1N2O0O100O2O0O1O101N2O00iNiQNDOk0Vn1^OVRNa0jm1]OYRNc0fm1[O^RNc0bm1[OaRNd0_n100N110O1O00002N2M3N1O00000O100000O0100O010O01O1000O01O10O01O001O1O001O001O0000001N1000000O2O000O1O10000O10O01O10O0O2O1M3N1O2O1O001O001O1O1O010O10O0100O0010O0100O100O1O1O4KUVcg2
20220626185332Bh_4,Qcji27ho12N1O1N10000O1000OO2O1O101M3N201O1N20O00001O001O1O001O010O001O1N2O001O1O00100O1O100O1O010O100O1O001O1O1NQ]kR1
20220626185332Bh_5,aXQn24ko12N2O0001O0000hPNNcn12YQN2fn1NXQN5hn1KSQN:ln1=001O1O001N101O0O1000000O01O1O001O1M3BWOaQNm0^n1;O01G9L4H8N2N2O1N3M3M4LPhXo0
20220626185332Bh_6,i^dT26ho13N2O1N2N101N2N2O2M6K6I4M0OO2^Oa001O001O001O1O1O0010000O1000000O10000000000O1000000000001O0000001O00001O00001O01O0001O01O001O1O1O00001O00001O001O001O001O1O1O1O2O0O1O2O0O1O100O2N100O3M3M1O1O1O00O1@[QNEfn18`QN_Oen1`0>O2O1N1O2N2N2NWaed1
20220626185332Bh_7,`UmZ26jo11N100O1000000O01000O010O01O00010O1O01000O01000000O10O11O00000000001O01O00010O00001O001O001N2NejRb1
20220626185332Bh_8,UbVV11no13M100O2O001O0000001O000010O01O0010O010000O00100O010O0010O010O001O010O0010O010O100O010O100O1O01O01O0010O0000001O000001O000001O01O00001O00001O0010O01O0010O0001O01O01O0001O000001O0000000O11O0000001O001O001O001O001O001O00001O000000001O01O00000010O0000010O0001O0001O0010O0001O0010O0001O001O010O001O00001O001O00001O0O2Oa\m_2
20220714185352Th_0,\\iR24io16J4M3M1O2N2N2N2N2N2O1N2N2O1O2N00000000O1O1M4N1O001N2O1O1N101O1O100O001O010OO20O00N3N10010O1OO200O010O1O10N1000001[O]OmQNc0Qn1f000100O01O00001N10000100O10001O1N2O2N1O2N2N2N2N3M2N2N2N2O0O101OO1000000O2O2N3L<E1OM2L5M3L3L4N2O101N2N2N2N4KmgTf1
20220714185352Th_1,jcmY26fo19I3M3N2O1N101N101N10O100O010O010O001O1O0O2N2M3M2N3O1O001O0001O00001O001O100O001O1O1O001O1O001O1O00001O0010O00001O01O1O010O1O00100O10O10O100O1IUOXQNl0hn1TOXQNl0hn1TOWQNm0in1SOWQNm0in1SOWQNm0in1SOVQNn0jn1ROVQNn0jn1ROUQNo0kn1QOUQNP1jn1POVQNP1jn1POUQNQ1kn1oNUQNQ1kn120000O100O10O0100O1O10O01O1O00001N1O2O0O2O1O0010O01O01O00010O0001O0001O0O110O0010O01O1O001O100O00100O10O01I[QNROfn1n0ZQNROfn1n0ZQNQOfn1P1ZQNoNgn1Q1YQNoNgn1Q1YQNoNfn1R1ZQNmNgn1S1YQNmNfn1T1ZQNkNgn1U111000O010O010O0010O010O00010O010O010O0010O010O00010O00010O001O00010O00010O001O001O0010O01O10O01O001O10O010O010O010O0JQO]QNn0dn1RO[QNo0en1QO[QNn0fn1ROYQNo0gn1QOYQNo0gn1QOXQNo0in1QOWQNo0in1QOWQNo0in1QOVQNo0kn1QOUQNo0kn1QOTQNP1ln1POTQNo0mn12000O00001O01O00010O0001O0O010NKSO\QNl0fn1TOYQNj0jn1VOUQNj0ln1VOSQNj0nn1VORQNi0on1WOPQNh0Ro1XOnPNg0So1YOmPN?OEVo1LkPN?OBYo1OhPN?[o1AdPN?]o1AcPN>^o1BbPN<`o1D`PN;ao1EaPN8`o1HbPN2b`bV1
20220714185352Th_2,ohPm2d0Xo18J6J5K6J5J6J5KnNYRN2dm1KgRN1Tm1OUSNLhl13^SNK_l14gSNIWl16oSNImk17WTNHgk16^TNI`k16cTNI[k17iTNHUk17nTNIoj17UUNIhj16[UNIcj18_UNH^j18dUNHYj19jUNFSj1<PVNBhi1d0ZVN\O`i1i0bVNVO[i1k0gVNTOXi1m0jVNROUi1m0mVNSORi1l0PWNTOPi1h0TWNXOkh1a0]WN_Och1<bWND^h19eWNGZh18hWNHXh17iWNIWh17iWNIWh17hWNJXh16hWNJWh16jWNJVh16kWNIUh17lWNGUh19i30O0100001O0O01000000O100O1O`Y[o0
20220714185352Th_3,SXik0:do14M1N2O000O2O010O000O100N3O0N3N1O2N1O01L3D=O1O10000000O1010O0O100O101O0001O00100000000001O102N2N2M2NRiPQ3
20220714185352Th_4,R`b_13ko12O2N1O2O1N101O01O1O1O1O1O1O1O014OMO01O1O2N1O2N1000O1O4L3M1O00010O0001O001O1O1O10MdPh0LaoWO2N2O0010O0001O2N3M1O2O0O1O1O1O1O1O010O010O1O010O0010O01O0010O01O001O010O00010O0010O0010O01O010O0010O00010O001O1O010O1O1O1O10O01O001O0010O01O001O1O010O001O0010O01O0001O0001O01O0000010O000001O01O000000000000010O0000000000000000000000000001O0000000000001O0000000001O0000000001O0000000000000000000000000000000000001O0000000000000000000000000001O0001O00000000000001O0001O01O00010O001O01O01O0001O010O001O00010O001O000010O0001O000010O01O001O001O10O01O00001O00010O01O00010O001O010O00010O0001O01O01O0010O01O0010O00010O00010O0010O01O010O010O01000O010O0010O0100O00100O1O010O100O100O100O10O010O010O01O010O100O00100O100O10O010O010O01000O1001N1001O000O10O10O0100O010O101O001O0010O001O00000O100O01O1O1O2O0O3M2N7J6L05I5J2N3N1N1000N3M3M3M6I6HfP21\oM3M2O2N1N3N2N3NM3K5K5K]Y_e1
20220714185352Th_5,^fZ^28ho10O2N100000000000O100O1O100O10010O0100O01000O1000000O10000000O100001O0000010O1O1O101O00N3LfXi^1
20220714185352Th_6,Qod`27go14OO01O01O00001O01O001O010O2N1O1O2N1O0001O0O1O1N2N2N2O10O010000O010O100O101N1O1Ndo;3ZPD2M1O1O2O1N101O000O100001O010O100O10O1000000000O10O100000000O101O0O10O10000O001N2O001O1O00100O00100O1O1O3LURQY1
20220714185352Th_7,Yb[b11no13M2M3N2O0O2O0O10O0100O1O1O1O1O1O1O1O010O1O1N101O1O1O00100O001O010O00O100O2O0O100O2N1O2N1O2O001O001O010O010O10O10O01000O01000O01O10O01O001O10O01O01O010O10O01O100O010O1O010O010O0010O01O01O000O100O11OO10000O2O0001O0000O10000010O00O2O0O0100001OO2O00001O10O01O1O1N2O1O00100O1O001O1O01O00001O10O01O001O0010O01O001O001O001O010O01O010O00100O001O100O1O100O100O1O1O101M_aZR2
20220714185352Th_8,l^Po24lo10O101O00000O100000000O2O0O10001N101O001O001O01O00000O101O0000001O00000000001O01O0001O01O0001O00010O001O001O10O01O010O0001O010O001O001O100O1O101N101N1O101N2N5K3M1O1N2O001O0O2O000O10C[QN@dn1>aQN^O_n1b0`00O01O01N2O1O1N100NO3O2O2N2N2N2N2N2M4JUami0
20220714185352Th_9,d[jY16jo11N1O2N1O010O1O10O000001O001H7N3O1O0010O01000O100O010O010O01N1N3L3N2O1O1O1000N2CYQNAgn1>>O1N2O10000001O1O1O1O1O1N2N2N2O001O10O0O2K4O2O10O0100O001O1O0O2O1O2N3Kjf[a2
20220728185352Th_0,e_jj2:do14M0O1O2N01000N1000010000O1N3O001O00001O000001O01O0001O01N10000010O01O1000O100000O10O10000000001O0001O000000010O0010O0100O10O010O10O01O10000O1000001O1O2N2M1O10O0000010O0000000001O000001O01O00000001O0000001O01O0010O010000O1RQN[O`n1f0[QN_Odn1b0WQNBhn1k02O0O001N2O1O1N2O1N2O1N2O0O3N1N2O1O2M2O1N3M2NP`cl0
20220728185352Th_1,Rago24jo13N3M1N2O2N2N1N3N2M2M3N2N3N001O00O101N100O1O1O2N1O0O2O1O1O000O2O000O2N1100O010O100O0010O1O1O1000O10O10001O0O101O0O10001O1O001O000010O01O10O010O001O0100O01000O2O0O1O1O1O100O10M21O01N2O1O00000010O1O2O0Okani0
